timestamp,distance_gt_m,distance_pred_m,angle_left_gt_deg,angle_left_pred_deg,angle_right_gt_deg,angle_right_pred_deg,angle_top_gt_deg,angle_top_pred_deg,angle_bottom_gt_deg,angle_bottom_pred_deg,ang_speed_left_gt_dps,ang_speed_left_pred_dps,ang_speed_right_gt_dps,ang_speed_right_pred_dps,ang_speed_top_gt_dps,ang_speed_top_pred_dps,ang_speed_bottom_gt_dps,ang_speed_bottom_pred_dps,orientation_gt,orientation_pred,object_id_pred,object_track_id_gt,object_type
55287.09999998687,13.06830860403754,13.06830860403754,7.54444549946793,7.54444549946793,16.296050837099596,16.296050837099596,15.204892738971164,15.204892738971164,8.635603597596361,8.635603597596361,-0.21972892951144038,-0.21972892951144038,-0.460558425114743,-0.460558425114743,-0.4306847000070828,-0.4306847000070828,-0.24960265461910053,-0.24960265461910053,preceding,preceding,1,1,vehicle
55287.199999986864,13.104510041764074,13.104510041764074,7.522472606518704,7.522472606518704,16.249994994592143,16.249994994592143,15.161824268974216,15.161824268974216,8.61064333213663,8.61064333213663,0.004385814910044417,0.004385814910044417,-0.18156292811333685,-0.18156292811333685,-0.15849662668152575,-0.15849662668152575,-0.018680486521773787,-0.018680486521773787,preceding,preceding,1,1,vehicle
55287.29999998686,13.124296071652351,13.124296071652351,7.545322662453156,7.545322662453156,16.259738251482837,16.259738251482837,15.173193413640437,15.173193413640437,8.631867500295556,8.631867500295556,0.28531003833303004,0.28531003833303004,0.09136760625045781,0.09136760625045781,0.1154265501101861,0.1154265501101861,0.2612510944732733,0.2612510944732733,preceding,preceding,1,1,vehicle
55287.39999998687,13.163237898531012,13.163237898531012,7.579534614187382,7.579534614187382,16.268268515842543,16.268268515842543,15.184909578996784,15.184909578996784,8.66289355103314,8.66289355103314,-0.16032535391518365,-0.16032535391518365,-0.4614583144631865,-0.4614583144631865,-0.4241006123886706,-0.4241006123886706,-0.1976830559896996,-0.1976830559896996,preceding,preceding,1,1,vehicle
55287.49999998687,13.215983091676753,13.215983091676753,7.51325759167673,7.51325759167673,16.16744658859614,16.16744658859614,15.088373291168725,15.088373291168725,8.592330889104144,8.592330889104144,-0.048353055013613755,-0.048353055013613755,-0.41169367246415334,-0.41169367246415334,-0.36661615155693994,-0.36661615155693994,-0.09343057592082715,-0.09343057592082715,preceding,preceding,1,1,vehicle
55287.59999998687,13.274681862092837,13.274681862092837,7.569864003193389,7.569864003193389,16.185929781356595,16.185929781356595,15.111586348692509,15.111586348692509,8.644207435857474,8.644207435857474,0.3434660143205477,0.3434660143205477,-0.08898471602338986,-0.08898471602338986,-0.035329241900626585,-0.035329241900626585,0.2898105401977915,0.2898105401977915,preceding,preceding,1,1,vehicle
55287.699999986864,13.349903347440192,13.349903347440192,7.581950794546319,7.581950794546319,16.149649645399688,16.149649645399688,15.081307442796485,15.081307442796485,8.650292997149522,8.650292997149522,0.12003361183392514,0.12003361183392514,-0.3608025056650348,-0.3608025056650348,-0.3011392716515928,-0.3011392716515928,0.06037037782049026,0.06037037782049026,preceding,preceding,1,1,vehicle
55287.79999998686,13.425081126219764,13.425081126219764,7.593870725558939,7.593870725558939,16.11376928022729,16.11376928022729,15.051358494365282,15.051358494365282,8.65628151142095,8.65628151142095,0.04354395370598496,0.04354395370598496,-0.5109633428811691,-0.5109633428811691,-0.44215222118948816,-0.44215222118948816,-0.025267167985703054,-0.025267167985703054,preceding,preceding,1,1,vehicle
55287.89999998687,13.5256223375432,13.5256223375432,7.590659585286607,7.590659585286607,16.047456976819007,16.047456976819007,14.992876998554578,14.992876998554578,8.645239563551034,8.645239563551034,0.17507038777180384,0.17507038777180384,-0.5263704672554894,-0.5263704672554894,-0.43931645287469223,-0.43931645287469223,0.08801637339101376,0.08801637339101376,preceding,preceding,1,1,vehicle
55287.99999998687,13.650662194472263,13.650662194472263,7.62888480311105,7.62888480311105,16.008495186771906,16.008495186771906,14.963495203786305,14.963495203786305,8.67388478609665,8.67388478609665,0.4649806071225626,0.4649806071225626,-0.38070531701140453,-0.38070531701140453,-0.2757356322504876,-0.2757356322504876,0.360010922361667,0.360010922361667,preceding,preceding,1,1,vehicle
55288.09999998687,13.802652255732285,13.802652255732285,7.683655706714354,7.683655706714354,15.971315913415193,15.971315913415193,14.937729872103539,14.937729872103539,8.717241748026009,8.717241748026009,0.382645246962781,0.382645246962781,-0.521699003095776,-0.521699003095776,-0.4094327800958837,-0.4094327800958837,0.2703790239628958,0.2703790239628958,preceding,preceding,1,1,vehicle
55288.199999986864,13.95286808278634,13.95286808278634,7.705413852507298,7.705413852507298,15.904155386158632,15.904155386158632,14.881608647772739,14.881608647772739,8.727960590893192,8.727960590893192,0.11236998513208363,0.11236998513208363,-0.8718979557116313,-0.8718979557116313,-0.749689655515084,-0.749689655515084,-0.009838315064470748,-0.009838315064470748,preceding,preceding,1,1,vehicle
55288.299999986855,14.139638027897833,14.139638027897833,7.706129703738808,7.706129703738808,15.796936322288092,15.796936322288092,14.787791941013614,14.787791941013614,8.715274085013286,8.715274085013286,0.05788463387436593,0.05788463387436593,-1.0600108101674266,-1.0600108101674266,-0.9211878400339799,-0.9211878400339799,-0.08093833625910918,-0.08093833625910918,preceding,preceding,1,1,vehicle
55288.39999998685,14.345348548160429,14.345348548160429,7.71699077928116,7.71699077928116,15.692153224143654,15.692153224143654,14.69737107978203,14.69737107978203,8.711772923642783,8.711772923642783,0.391090537705189,0.391090537705189,-0.7774777310025627,-0.7774777310025627,-0.6323355670153319,-0.6323355670153319,0.24594837371794398,0.24594837371794398,preceding,preceding,1,1,vehicle
55288.499999986845,14.561610326582876,14.561610326582876,7.784347811279972,7.784347811279972,15.641440776099433,15.641440776099433,14.661324827620946,14.661324827620946,8.764463759758458,8.764463759758458,0.2839080201397124,0.2839080201397124,-0.9465115622520983,-0.9465115622520983,-0.793657486338418,-0.793657486338418,0.1310539442260108,0.1310539442260108,preceding,preceding,1,1,vehicle
55288.59999998684,14.803541350542966,14.803541350542966,7.773772383308277,7.773772383308277,15.502850911695987,15.502850911695987,14.538639582516659,14.538639582516659,8.737983712487605,8.737983712487605,0.12185742595661253,0.12185742595661253,-1.2104182173547002,-1.2104182173547002,-1.0448773713649473,-1.0448773713649473,-0.0436834200331333,-0.0436834200331333,preceding,preceding,1,1,vehicle
55288.69999998684,15.074346729676451,15.074346729676451,7.80871929647094,7.80871929647094,15.399357132632016,15.399357132632016,14.452349353350998,14.452349353350998,8.755727075751958,8.755727075751958,0.3903264077011883,0.3903264077011883,-1.0158607761923264,-1.0158607761923264,-0.8410996617487996,-0.8410996617487996,0.2155652932576544,0.2155652932576544,preceding,preceding,1,1,vehicle
55288.79999998685,15.364204940693854,15.364204940693854,7.851837664850813,7.851837664850813,15.299678756453364,15.299678756453364,14.370419650163544,14.370419650163544,8.781096771140632,8.781096771140632,0.4330847718377058,0.4330847718377058,-0.9602895942781373,-0.9602895942781373,-0.7870849122780612,-0.7870849122780612,0.259880089837651,0.259880089837651,preceding,preceding,1,1,vehicle
55288.89999998685,15.650516088384236,15.650516088384236,7.895336250840344,7.895336250840344,15.207299213771666,15.207299213771666,14.294932370891479,14.294932370891479,8.807703093720532,8.807703093720532,0.5347573713064904,0.5347573713064904,-0.9110294540988804,-0.9110294540988804,-0.731270112630142,-0.731270112630142,0.3549980298377591,0.3549980298377591,preceding,preceding,1,1,vehicle
55288.999999986845,15.986521242991245,15.986521242991245,7.9587891391105545,7.9587891391105545,15.117472865636241,15.117472865636241,14.224165627639644,14.224165627639644,8.85209637710715,8.85209637710715,0.46775737885020163,0.46775737885020163,-1.0459039652223794,-1.0459039652223794,-0.8576665218252941,-0.8576665218252941,0.2795199354531235,0.2795199354531235,preceding,preceding,1,1,vehicle
55289.09999998684,16.32827010235526,16.32827010235526,7.988887726609024,7.988887726609024,14.998118420730234,14.998118420730234,14.123399066528915,14.123399066528915,8.863607080810343,8.863607080810343,0.2764751540947543,0.2764751540947543,-1.2023352556016675,-1.2023352556016675,-1.0183925812000751,-1.0183925812000751,0.09253247969316192,0.09253247969316192,preceding,preceding,1,1,vehicle
55289.19999998684,16.67722942587035,16.67722942587035,8.0140841699287,8.0140841699287,14.877005814519407,14.877005814519407,14.020487111402595,14.020487111402595,8.870602873045513,8.870602873045513,0.40006221147118026,0.40006221147118026,-1.0881842356847784,-1.0881842356847784,-0.9030290355655097,-0.9030290355655097,0.2149070113519258,0.2149070113519258,preceding,preceding,1,1,vehicle
55289.29999998683,17.05417704257636,17.05417704257636,8.068900168897029,8.068900168897029,14.780481573602577,14.780481573602577,13.942793259423176,13.942793259423176,8.90658848307643,8.90658848307643,0.5188516461797548,0.5188516461797548,-0.9756760516221306,-0.9756760516221306,-0.7897021218347504,-0.7897021218347504,0.3328777163923675,0.3328777163923675,preceding,preceding,1,1,vehicle
55289.39999998684,17.438439635404965,17.438439635404965,8.117854499162288,8.117854499162288,14.681870604197517,14.681870604197517,13.862546687037572,13.862546687037572,8.937178416322233,8.937178416322233,0.26853660310958816,0.26853660310958816,-1.2376329421510945,-1.2376329421510945,-1.050172220458549,-1.050172220458549,0.0810758814170427,0.0810758814170427,preceding,preceding,1,1,vehicle
55289.49999998684,17.85737836546445,17.85737836546445,8.122607489523334,8.122607489523334,14.532954985170614,14.532954985170614,13.732758815330484,13.732758815330484,8.922803659363463,8.922803659363463,0.08015466294172313,0.08015466294172313,-1.3965247676480885,-1.3965247676480885,-1.2126997879235688,-1.2126997879235688,-0.10367031678279659,-0.10367031678279659,preceding,preceding,1,1,vehicle
55289.59999998684,18.261775008972258,18.261775008972258,8.133885431751457,8.133885431751457,14.402565650663151,14.402565650663151,13.620006729448804,13.620006729448804,8.916444352965804,8.916444352965804,0.36958728042447575,0.36958728042447575,-1.0342376349064466,-1.0342376349064466,-0.8594493712135716,-0.8594493712135716,0.1947990167315936,0.1947990167315936,preceding,preceding,1,1,vehicle
55289.69999998684,18.67700549836502,18.67700549836502,8.196524945606106,8.196524945606106,14.326107458180884,14.326107458180884,13.560868941080116,13.560868941080116,8.961763462706873,8.961763462706873,0.5442024175921745,0.5442024175921745,-0.8094733251234629,-0.8094733251234629,-0.6409003726891598,-0.6409003726891598,0.37562946515787843,0.37562946515787843,preceding,preceding,1,1,vehicle
55289.79999998683,19.087685953681238,19.087685953681238,8.242725915265543,8.242725915265543,14.240670985647357,14.240670985647357,13.491826654918219,13.491826654918219,8.991570245994682,8.991570245994682,0.31850125448447386,0.31850125448447386,-1.034945850473548,-1.034945850473548,-0.866372832455184,-0.866372832455184,0.14992823646610276,0.14992823646610276,preceding,preceding,1,1,vehicle
55289.89999998684,19.541522215264045,19.541522215264045,8.260225196497897,8.260225196497897,14.11911828808393,14.11911828808393,13.387594374586481,13.387594374586481,8.991749109995347,8.991749109995347,0.5123668622381601,0.5123668622381601,-0.8211449111947644,-0.8211449111947644,-0.6550292238339779,-0.6550292238339779,0.34625117487737356,0.34625117487737356,preceding,preceding,1,1,vehicle
55289.99999998684,19.977516273894,19.977516273894,8.345199287710503,8.345199287710503,14.07644200339908,14.07644200339908,13.360820810142929,13.360820810142929,9.060820480966655,9.060820480966655,0.6461186778277934,0.6461186778277934,-0.6510239192600835,-0.6510239192600835,-0.48941328101123815,-0.48941328101123815,0.48450803957894806,0.48450803957894806,preceding,preceding,1,1,vehicle
55290.09999998684,20.44844429852991,20.44844429852991,8.389448932063313,8.389448932063313,13.988913504225806,13.988913504225806,13.28971171837887,13.28971171837887,9.08865071791025,9.08865071791025,0.5682675079264214,0.5682675079264214,-0.7027344616079176,-0.7027344616079176,-0.5443581587572766,-0.5443581587572766,0.40989120507577326,0.40989120507577326,preceding,preceding,1,1,vehicle
55290.19999998684,20.9062260948892,20.9062260948892,8.458852789296438,8.458852789296438,13.935895111071916,13.935895111071916,13.25194917838667,13.25194917838667,9.142798721981684,9.142798721981684,0.7331660044420474,0.7331660044420474,-0.4754267482022243,-0.4754267482022243,-0.3248060712022749,-0.3248060712022749,0.5825453274421193,0.5825453274421193,preceding,preceding,1,1,vehicle
55290.299999986826,21.372428936432314,21.372428936432314,8.536082132937782,8.536082132937782,13.893828154592072,13.893828154592072,13.224750504142548,13.224750504142548,9.205159783387305,9.205159783387305,0.7930081275644554,0.7930081275644554,-0.39301611083887167,-0.39301611083887167,-0.24518872271944758,-0.24518872271944758,0.6451807394450171,0.6451807394450171,preceding,preceding,1,1,vehicle
55290.399999986825,21.854052246977155,21.854052246977155,8.617454414796084,8.617454414796084,13.857291888911808,13.857291888911808,13.202911433847843,13.202911433847843,9.271834869860049,9.271834869860049,0.7595354368808884,0.7595354368808884,-0.41502346054961947,-0.41502346054961947,-0.2686067392362048,-0.2686067392362048,0.6131187155674525,0.6131187155674525,preceding,preceding,1,1,vehicle
55290.499999986816,22.353877637655213,22.353877637655213,8.68798922030701,8.68798922030701,13.810823462487097,13.810823462487097,13.171029156298776,13.171029156298776,9.327783526495331,9.327783526495331,0.6225094619663807,0.6225094619663807,-0.5044137653109289,-0.5044137653109289,-0.36391862470519243,-0.36391862470519243,0.48201432136065847,0.48201432136065847,preceding,preceding,1,1,vehicle
55290.599999986815,22.83766754306024,22.83766754306024,8.741956307181814,8.741956307181814,13.756409135854183,13.756409135854183,13.130127708909853,13.130127708909853,9.368237734126144,9.368237734126144,0.4572966922627444,0.4572966922627444,-0.6421523406526717,-0.6421523406526717,-0.5050665234672636,-0.5050665234672636,0.32021087507732915,0.32021087507732915,preceding,preceding,1,1,vehicle
55290.69999998681,23.357724276409318,23.357724276409318,8.779448558758228,8.779448558758228,13.682392994358432,13.682392994358432,13.070015851606794,13.070015851606794,9.391825701509866,9.391825701509866,0.5627561387977664,0.5627561387977664,-0.5089139430677392,-0.5089139430677392,-0.37527773492310246,-0.37527773492310246,0.4291199306531155,0.4291199306531155,preceding,preceding,1,1,vehicle
55290.79999998682,23.858685941259537,23.858685941259537,8.854507534946556,8.854507534946556,13.654626347241777,13.654626347241777,13.055072161926882,13.055072161926882,9.454061720261452,9.454061720261452,0.8715886700792623,0.8715886700792623,-0.14485284301305512,-0.14485284301305512,-0.01809050606343021,-0.01809050606343021,0.7448263331296445,0.7448263331296445,preceding,preceding,1,1,vehicle
55290.89999998682,24.369294428571543,24.369294428571543,8.953766292776125,8.953766292776125,13.653422425753257,13.653422425753257,13.066397750392118,13.066397750392118,9.540790968137264,9.540790968137264,0.8563969461382115,0.8563969461382115,-0.1396448062392892,-0.1396448062392892,-0.015414638383262513,-0.015414638383262513,0.7321667782821777,0.7321667782821777,preceding,preceding,1,1,vehicle
55290.999999986816,24.89289392717915,24.89289392717915,9.025786924171706,9.025786924171706,13.626697385994325,13.626697385994325,13.051989234250275,13.051989234250275,9.600495075915756,9.600495075915756,0.922720146943945,0.922720146943945,-0.05454535421293372,-0.05454535421293372,0.06735417014000689,0.06735417014000689,0.8008206225910115,0.8008206225910115,preceding,preceding,1,1,vehicle
55291.099999986815,25.427925243420248,25.427925243420248,9.138310322162228,9.138310322162228,13.64251335491083,13.64251335491083,13.079868584419923,13.079868584419923,9.700955092653135,9.700955092653135,1.0374223212527696,1.0374223212527696,0.10081621555208642,0.10081621555208642,0.21765417605355708,0.21765417605355708,0.9205843607512918,0.9205843607512918,preceding,preceding,1,1,vehicle
55291.19999998681,25.95050939757131,25.95050939757131,9.23327138841924,9.23327138841924,13.646860629104449,13.646860629104449,13.095520069460353,13.095520069460353,9.784611948063336,9.784611948063336,0.9929991881459017,0.9929991881459017,0.10676716727122937,0.10676716727122937,0.2173302202539844,0.2173302202539844,0.8824361351631396,0.8824361351631396,preceding,preceding,1,1,vehicle
55291.29999998682,26.470589372548755,26.470589372548755,9.336910159796375,9.336910159796375,13.663866788366462,13.663866788366462,13.123334628472554,13.123334628472554,9.877442319690283,9.877442319690283,1.0228966676228382,1.0228966676228382,0.17613762095173513,0.17613762095173513,0.28178419314849634,0.28178419314849634,0.917250095426084,0.917250095426084,preceding,preceding,1,1,vehicle
55291.39999998682,26.986981004065154,26.986981004065154,9.43785072194847,9.43785072194847,13.682088153295476,13.682088153295476,13.151876908091229,13.151876908091229,9.968061967152718,9.968061967152718,1.0437735117768483,1.0437735117768483,0.23125031391170126,0.23125031391170126,0.3326326700935027,0.3326326700935027,0.942391155595061,0.942391155595061,preceding,preceding,1,1,vehicle
55291.499999986816,27.50448489555618,27.50448489555618,9.545664862148707,9.545664862148707,13.71011685114813,13.71011685114813,13.189861162490285,13.189861162490285,10.065920550806553,10.065920550806553,1.0842200985312331,1.0842200985312331,0.31161968673751517,0.31161968673751517,0.408027085391538,0.408027085391538,0.9878126998772032,0.9878126998772032,preceding,preceding,1,1,vehicle
55291.599999986815,28.007534940624026,28.007534940624026,9.65469474165156,9.65469474165156,13.744412090642072,13.744412090642072,13.23348232516835,13.23348232516835,10.165624507125283,10.165624507125283,1.0583406738940369,1.0583406738940369,0.31896310159787333,0.31896310159787333,0.41123069044670046,0.41123069044670046,0.9660730850452168,0.9660730850452168,preceding,preceding,1,1,vehicle
55291.699999986806,28.517974758618696,28.517974758618696,9.7573329969172,9.7573329969172,13.773909471464805,13.773909471464805,13.272107300575799,13.272107300575799,10.259135167806205,10.259135167806205,1.2666136411556863,1.2666136411556863,0.5469233146523891,0.5469233146523891,0.6367394219727203,0.6367394219727203,1.176797533835348,1.176797533835348,preceding,preceding,1,1,vehicle
55291.7999999868,29.030074496882897,29.030074496882897,9.90801746986058,9.90801746986058,13.853796753562998,13.853796753562998,13.360830209551775,13.360830209551775,10.400984013871803,10.400984013871803,1.3338571318362895,1.3338571318362895,0.659901767684616,0.659901767684616,0.7440148336461192,0.7440148336461192,1.2497440658747792,1.2497440658747792,preceding,preceding,1,1,vehicle
55291.8999999868,29.50903051888653,29.50903051888653,10.02410442327554,10.02410442327554,13.905889824995763,13.905889824995763,13.42091026729869,13.42091026729869,10.509083980972612,10.509083980972612,1.2707441932213754,1.2707441932213754,0.6414653792920291,0.6414653792920291,0.7200066709023218,0.7200066709023218,1.1922029016110827,1.1922029016110827,preceding,preceding,1,1,vehicle
55291.9999999868,29.987278379500182,29.987278379500182,10.162166308508803,10.162166308508803,13.982089829422451,13.982089829422451,13.50483154373365,13.50483154373365,10.639424594197605,10.639424594197605,1.2741097250045854,1.2741097250045854,0.661809902019499,0.661809902019499,0.7382356913388577,0.7382356913388577,1.1976839356852267,1.1976839356852267,preceding,preceding,1,1,vehicle
55292.0999999868,30.471010859606892,30.471010859606892,10.27892636827275,10.27892636827275,14.038251805397735,14.038251805397735,13.568557405564313,13.568557405564313,10.748620768106171,10.748620768106171,1.3255799210182388,1.3255799210182388,0.7219878286473715,0.7219878286473715,0.7973302275667464,0.7973302275667464,1.2502375220988569,1.2502375220988569,preceding,preceding,1,1,vehicle
55292.1999999868,30.96658541533795,30.96658541533795,10.427282292708593,10.427282292708593,14.126487395149823,14.126487395149823,13.66429758924468,13.66429758924468,10.889472098613737,10.889472098613737,1.3776843514860246,1.3776843514860246,0.8066613676209329,0.8066613676209329,0.8779414348316408,0.8779414348316408,1.3064042842753167,1.3064042842753167,preceding,preceding,1,1,vehicle
55292.2999999868,31.426367298403168,31.426367298403168,10.554463238565944,10.554463238565944,14.199584078919575,14.199584078919575,13.744145692528086,13.744145692528086,11.009901624957433,11.009901624957433,1.3552667068151223,1.3552667068151223,0.8165303827191792,0.8165303827191792,0.8837829626398133,0.8837829626398133,1.2880141268944953,1.2880141268944953,preceding,preceding,1,1,vehicle
55292.3999999868,31.896249748916635,31.896249748916635,10.698335634078749,10.698335634078749,14.28979347169847,14.28979347169847,13.841054181777741,13.841054181777741,11.147074923999478,11.147074923999478,1.481818270370276,1.481818270370276,0.9581899953935675,0.9581899953935675,1.023559068360754,1.023559068360754,1.4164491974030895,1.4164491974030895,preceding,preceding,1,1,vehicle
55292.4999999868,32.3565843986913,32.3565843986913,10.850826892645841,10.850826892645841,14.391222078001654,14.391222078001654,13.948857506203913,13.948857506203913,11.293191464443582,11.293191464443582,1.5575484137673357,1.5575484137673357,1.0492742579614287,1.0492742579614287,1.112728904847046,1.112728904847046,1.4940937668817185,1.4940937668817185,preceding,preceding,1,1,vehicle
55292.5999999868,32.825958986339614,32.825958986339614,11.009845316827683,11.009845316827683,14.499648323287701,14.499648323287701,14.063599962743911,14.063599962743911,11.445893677371473,11.445893677371473,1.3583064108852483,1.3583064108852483,0.8584225726690846,0.8584225726690846,0.9208319502985631,0.9208319502985631,1.2958970332557627,1.2958970332557627,preceding,preceding,1,1,vehicle
55292.699999986784,33.297440057128455,33.297440057128455,11.12248817480592,11.12248817480592,14.562906592527053,14.562906592527053,14.13302389625414,14.13302389625414,11.552370871078832,11.552370871078832,1.4567710015396216,1.4567710015396216,0.9781694627156554,0.9781694627156554,1.037923802717657,1.037923802717657,1.3970166615376414,1.3970166615376414,preceding,preceding,1,1,vehicle
55292.79999998679,33.752285227999955,33.752285227999955,11.30119951713519,11.30119951713519,14.695282215835958,14.695282215835958,14.271184723291872,14.271184723291872,11.725297009679275,11.725297009679275,1.6593641886065384,1.6593641886065384,1.1979899775919591,1.1979899775919591,1.2555953308291237,1.2555953308291237,1.6017588353693668,1.6017588353693668,preceding,preceding,1,1,vehicle
55292.89999998679,34.215661851971426,34.215661851971426,11.454361012536332,11.454361012536332,14.802504588052503,14.802504588052503,14.384142962427282,14.384142962427282,11.872722638161553,11.872722638161553,1.412291763677679,1.412291763677679,0.9622505737206097,0.9622505737206097,1.0184426453559325,1.0184426453559325,1.3560996920423634,1.3560996920423634,preceding,preceding,1,1,vehicle
55292.99999998679,34.67228194460072,34.67228194460072,11.583657869866617,11.583657869866617,14.887732330577279,14.887732330577279,14.474873252360094,14.474873252360094,11.996516948083801,11.996516948083801,1.4708024108593705,1.4708024108593705,1.0295238952159735,1.0295238952159735,1.0846235141074487,1.0846235141074487,1.415702791967881,1.415702791967881,preceding,preceding,1,1,vehicle
55293.0999999868,35.14251088821371,35.14251088821371,11.748521494730504,11.748521494730504,15.00840936711284,15.00840936711284,14.60106766526656,14.60106766526656,12.155863196576783,12.155863196576783,1.6740271386618844,1.6740271386618844,1.238935046874829,1.238935046874829,1.2932637576017783,1.2932637576017783,1.6196984279349138,1.6196984279349138,preceding,preceding,1,1,vehicle
55293.199999986784,35.610648558014994,35.610648558014994,11.918463297592643,11.918463297592643,15.135519339946766,15.135519339946766,14.733526003874864,14.733526003874864,12.320456633664545,12.320456633664545,1.8069428281774194,1.8069428281774194,1.4005889704831276,1.4005889704831276,1.4513305794896354,1.4513305794896354,1.7562012191709115,1.7562012191709115,preceding,preceding,1,1,vehicle
55293.299999986775,36.04151229389305,36.04151229389305,12.109910060322852,12.109910060322852,15.2885271611767,15.2885271611767,14.891333781130427,14.891333781130427,12.507103440369125,12.507103440369125,1.8277040860136395,1.8277040860136395,1.4373243812704715,1.4373243812704715,1.4860725768484855,1.4860725768484855,1.7789558904356468,1.7789558904356468,preceding,preceding,1,1,vehicle
55293.39999998677,36.49685315149596,36.49685315149596,12.284004114763455,12.284004114763455,15.422984216175763,15.422984216175763,15.03074051921861,15.03074051921861,12.676247811720609,12.676247811720609,1.6482245502064785,1.6482245502064785,1.2543408707894201,1.2543408707894201,1.303527827034145,1.303527827034145,1.5990375939617607,1.5990375939617607,preceding,preceding,1,1,vehicle
55293.49999998678,36.95790514868138,36.95790514868138,12.439554970367295,12.439554970367295,15.539395335336122,15.539395335336122,15.152039346538995,15.152039346538995,12.826910959164422,12.826910959164422,1.6007148290020154,1.6007148290020154,1.2147665145788125,1.2147665145788125,1.2629636963728217,1.2629636963728217,1.5525176472080062,1.5525176472080062,preceding,preceding,1,1,vehicle
55293.59999998678,37.41741655311029,37.41741655311029,12.604147080581177,12.604147080581177,15.665937519104192,15.665937519104192,15.283333258506422,15.283333258506422,12.986751341178946,12.986751341178946,1.6258696129677261,1.6258696129677261,1.2543642102793484,1.2543642102793484,1.3007588415629812,1.3007588415629812,1.5794749816840863,1.5794749816840863,preceding,preceding,1,1,vehicle
55293.69999998678,37.865953616060665,37.865953616060665,12.764728892956109,12.764728892956109,15.79026817738834,15.79026817738834,15.412191114847804,15.412191114847804,13.142805955496645,13.142805955496645,1.6308088725441081,1.6308088725441081,1.2690960780513763,1.2690960780513763,1.3142688013456194,1.3142688013456194,1.5856361492498507,1.5856361492498507,preceding,preceding,1,1,vehicle
55293.799999986775,38.323318005972055,38.323318005972055,12.93030885508525,12.93030885508525,15.919756734710774,15.919756734710774,15.546187018771722,15.546187018771722,13.303878571024303,13.303878571024303,1.550005518977514,1.550005518977514,1.199935059675994,1.199935059675994,1.2436547463404395,1.2436547463404395,1.50628583231304,1.50628583231304,preceding,preceding,1,1,vehicle
55293.89999998677,38.76338077790478,38.76338077790478,13.074729996737362,13.074729996737362,16.030255189312697,16.030255189312697,15.660922064104627,15.660922064104627,13.444063121945431,13.444063121945431,1.6309457715729678,1.6309457715729678,1.2971887332585652,1.2971887332585652,1.3388719201316661,1.3388719201316661,1.5892625846998811,1.5892625846998811,preceding,preceding,1,1,vehicle
55293.999999986765,39.19897633116787,39.19897633116787,13.25649800938595,13.25649800938595,16.17919448135207,16.17919448135207,15.813961402787204,15.813961402787204,13.621731087950817,13.621731087950817,1.7854268779344977,1.7854268779344977,1.4578193918498243,1.4578193918498243,1.498735357811924,1.498735357811924,1.7445109119724123,1.7445109119724123,preceding,preceding,1,1,vehicle
55294.09999998677,39.642600749525876,39.642600749525876,13.431815372331588,13.431815372331588,16.321819067688565,16.321819067688565,15.960669135673092,15.960669135673092,13.792965304347062,13.792965304347062,1.7883767430479338,1.7883767430479338,1.4685882043381326,1.4685882043381326,1.5085283810323489,1.5085283810323489,1.7484365663537176,1.7484365663537176,preceding,preceding,1,1,vehicle
55294.19999998677,40.07633959510497,40.07633959510497,13.614173358002834,13.614173358002834,16.47291212222549,16.47291212222549,16.115667078999657,16.115667078999657,13.97141840122867,13.97141840122867,1.7916859985470381,1.7916859985470381,1.479592234628285,1.479592234628285,1.5185720837736199,1.5185720837736199,1.7527061494017033,1.7527061494017033,preceding,preceding,1,1,vehicle
55294.29999998677,40.51807574601836,40.51807574601836,13.79015257203578,13.79015257203578,16.617737514609917,16.617737514609917,16.264383552423396,16.264383552423396,14.1435065342223,14.1435065342223,1.8175479420137322,1.8175479420137322,1.509537718859761,1.509537718859761,1.5480082178175536,1.5480082178175536,1.779077443055911,1.779077443055911,preceding,preceding,1,1,vehicle
55294.39999998677,40.959313251389986,40.959313251389986,13.977682946400291,13.977682946400291,16.77481966599305,16.77481966599305,16.425268722558663,16.425268722558663,14.327233889834675,14.327233889834675,1.7874149676627127,1.7874149676627127,1.4908718206889375,1.4908718206889375,1.527910706642686,1.527910706642686,1.7503760817089642,1.7503760817089642,preceding,preceding,1,1,vehicle
55294.499999986765,41.386499541574096,41.386499541574096,14.147635565563121,14.147635565563121,16.915911878743366,16.915911878743366,16.569965693747488,16.569965693747488,14.493581750558999,14.493581750558999,1.825698417828164,1.825698417828164,1.5491949344217772,1.5491949344217772,1.5837313699625355,1.5837313699625355,1.7911619822874059,1.7911619822874059,preceding,preceding,1,1,vehicle
55294.59999998676,41.78575568840622,41.78575568840622,14.34282262996061,14.34282262996061,17.084658652872896,17.084658652872896,16.742014996546562,16.742014996546562,14.685466286286944,14.685466286286944,1.8460016062998221,1.8460016062998221,1.5716910903970813,1.5716910903970813,1.6059541561475612,1.6059541561475612,1.8117385405493422,1.8117385405493422,preceding,preceding,1,1,vehicle
55294.69999998676,42.22360921511647,42.22360921511647,14.516835886817713,14.516835886817713,17.230250096818207,17.230250096818207,16.891156524972327,16.891156524972327,14.855929458663594,14.855929458663594,1.8321171344743306,1.8321171344743306,1.5540154309701393,1.5540154309701393,1.5887525476636029,1.5887525476636029,1.7973800177808812,1.7973800177808812,preceding,preceding,1,1,vehicle
55294.79999998676,42.65129164284536,42.65129164284536,14.709246056850144,14.709246056850144,17.3954617390624,17.3954617390624,17.05976550607466,17.05976550607466,15.044942289837888,15.044942289837888,1.8102614387589853,1.8102614387589853,1.5492703607573617,1.5492703607573617,1.5818706947194272,1.5818706947194272,1.7776611047969055,1.7776611047969055,preceding,preceding,1,1,vehicle
55294.89999998676,43.05210761480875,43.05210761480875,14.87888817456424,14.87888817456424,17.540104168965172,17.540104168965172,17.20753066391161,17.20753066391161,15.211461679617802,15.211461679617802,1.8650916181802444,1.8650916181802444,1.618273324405493,1.618273324405493,1.6491037646080144,1.6491037646080144,1.8342611779777371,1.8342611779777371,preceding,preceding,1,1,vehicle
55294.99999998676,43.450042652735064,43.450042652735064,15.082264380480765,15.082264380480765,17.71911640393879,17.71911640393879,17.38958625899146,17.38958625899146,15.411794525428096,15.411794525428096,1.953522024726766,1.953522024726766,1.7104374691741384,1.7104374691741384,1.7408019189304866,1.7408019189304866,1.9231575749704035,1.9231575749704035,preceding,preceding,1,1,vehicle
55295.09999998676,43.853534202840265,43.853534202840265,15.269592579516953,15.269592579516953,17.882191662806306,17.882191662806306,17.555691047704144,17.555691047704144,15.596093194619113,15.596093194619113,1.859404609920901,1.859404609920901,1.622414947737468,1.622414947737468,1.6520184346982347,1.6520184346982347,1.82980112296012,1.82980112296012,preceding,preceding,1,1,vehicle
55295.19999998676,44.24564000281994,44.24564000281994,15.454145302473265,15.454145302473265,18.043599393493487,18.043599393493487,17.71998994593845,17.71998994593845,15.7777547500283,15.7777547500283,1.9769911906426216,1.9769911906426216,1.748711542360951,1.748711542360951,1.7772273678054802,1.7772273678054802,1.948475365198135,1.948475365198135,preceding,preceding,1,1,vehicle
55295.299999986746,44.63378591965948,44.63378591965948,15.664990817607128,15.664990817607128,18.231933971244043,18.231933971244043,17.911136521230297,17.911136521230297,15.985788267620878,15.985788267620878,1.934579495663428,1.934579495663428,1.7112058551586387,1.7112058551586387,1.7391091668696106,1.7391091668696106,1.906676183952456,1.906676183952456,preceding,preceding,1,1,vehicle
55295.399999986745,45.02265400323083,45.02265400323083,15.841061201567108,15.841061201567108,18.385840564490323,18.385840564490323,18.06781177927699,18.06781177927699,16.15908998678044,16.15908998678044,1.8660800347227564,1.8660800347227564,1.6488559091841637,1.6488559091841637,1.6759913417583903,1.6759913417583903,1.8389446021485014,1.8389446021485014,preceding,preceding,1,1,vehicle
55295.49999998675,45.40246103729141,45.40246103729141,16.03820682456136,16.03820682456136,18.561705153089672,18.561705153089672,18.246334789590883,18.246334789590883,16.35357718806015,16.35357718806015,1.9256487254998973,1.9256487254998973,1.7201952988483953,1.7201952988483953,1.7458606200075906,1.7458606200075906,1.8999834043406878,1.8999834043406878,preceding,preceding,1,1,vehicle
55295.59999998675,45.761809472964195,45.761809472964195,16.22619094667616,16.22619094667616,18.72987962426807,18.72987962426807,18.416983903286702,18.416983903286702,16.539086667657525,16.539086667657525,1.9292676527395543,1.9292676527395543,1.7296077543309991,1.7296077543309991,1.7545496053994611,1.7545496053994611,1.904325801671078,1.904325801671078,preceding,preceding,1,1,vehicle
55295.69999998675,46.13269793923354,46.13269793923354,16.424060355103656,16.424060355103656,18.90762670395084,18.90762670395084,18.59724471066567,18.59724471066567,16.734442348388825,16.734442348388825,1.9344681130183972,1.9344681130183972,1.7330672687722313,1.7330672687722313,1.758226852525766,1.758226852525766,1.9093085292648482,1.9093085292648482,preceding,preceding,1,1,vehicle
55295.799999986746,46.51031522764437,46.51031522764437,16.613084569274207,16.613084569274207,19.07649307801747,19.07649307801747,18.76862927378674,18.76862927378674,16.920948373504938,16.920948373504938,1.9905910329696468,1.9905910329696468,1.7949670434051654,1.7949670434051654,1.8194052019258606,1.8194052019258606,1.9661528744489516,1.9661528744489516,preceding,preceding,1,1,vehicle
55295.899999986745,46.87130973858375,46.87130973858375,16.822178561691793,16.822178561691793,19.266620112626647,19.266620112626647,18.961125751045547,18.961125751045547,17.127672923272893,17.127672923272893,1.8897819364008512,1.8897819364008512,1.7010467359889105,1.7010467359889105,1.724624543843447,1.724624543843447,1.8662041285463147,1.8662041285463147,preceding,preceding,1,1,vehicle
55295.999999986736,47.234308916153225,47.234308916153225,16.991040956538058,16.991040956538058,19.41670242520084,19.41670242520084,19.113554182540778,19.113554182540778,17.29418919919812,17.29418919919812,1.82162217046006,1.82162217046006,1.6370096630086834,1.6370096630086834,1.660072650547761,1.660072650547761,1.7985591829209966,1.7985591829209966,preceding,preceding,1,1,vehicle
55296.09999998674,47.59035997882965,47.59035997882965,17.186502995782373,17.186502995782373,19.594022045227586,19.594022045227586,19.29314028115422,19.29314028115422,17.48738475985574,17.48738475985574,1.945444842933668,1.945444842933668,1.7680683399641737,1.7680683399641737,1.7902275525293447,1.7902275525293447,1.9232856303684684,1.9232856303684684,preceding,preceding,1,1,vehicle
55296.19999998674,47.93557157211291,47.93557157211291,17.380129925133417,17.380129925133417,19.770316093201465,19.770316093201465,19.471599693054547,19.471599693054547,17.678846325280336,17.678846325280336,1.727762716229421,1.727762716229421,1.5535321009903384,1.5535321009903384,1.5752984917268122,1.5752984917268122,1.705996325492947,1.705996325492947,preceding,preceding,1,1,vehicle
55296.29999998674,48.28949726201686,48.28949726201686,17.53205553902323,17.53205553902323,19.904728465421133,19.904728465421133,19.608199979494998,19.608199979494998,17.828584024949365,17.828584024949365,1.601027526148016,1.601027526148016,1.4286039566916884,1.4286039566916884,1.4501447717048421,1.4501447717048421,1.5794867111348765,1.5794867111348765,preceding,preceding,1,1,vehicle
55296.39999998674,48.637494374964305,48.637494374964305,17.70033543035836,17.70033543035836,20.056036884535647,20.056036884535647,19.761628647391294,19.761628647391294,17.994743667502714,17.994743667502714,1.696798070769674,1.696798070769674,1.5334574917938824,1.5334574917938824,1.5538637323440696,1.5538637323440696,1.6763918302194867,1.6763918302194867,preceding,preceding,1,1,vehicle
55296.499999986736,48.963844058756095,48.963844058756095,17.871415153172226,17.871415153172226,20.211419963775445,20.211419963775445,19.91897272595929,19.91897272595929,18.16386239098838,18.16386239098838,1.6658104225415826,1.6658104225415826,1.50561290377469,1.50561290377469,1.5256266364340405,1.5256266364340405,1.6457966898822178,1.6457966898822178,preceding,preceding,1,1,vehicle
55296.59999998674,49.308313691093986,49.308313691093986,18.033497514873297,18.033497514873297,20.357159465296455,20.357159465296455,20.06675397468407,20.06675397468407,18.323903005485683,18.323903005485683,1.5446484968873193,1.5446484968873193,1.3859612516449715,1.3859612516449715,1.4057864471749468,1.4057864471749468,1.5248233013573156,1.5248233013573156,preceding,preceding,1,1,vehicle
55296.699999986726,49.63725680382531,49.63725680382531,18.180344852537278,18.180344852537278,20.48861221409344,20.48861221409344,20.200130015383102,20.200130015383102,18.468827051247615,18.468827051247615,1.4030371505411523,1.4030371505411523,1.249010052907522,1.249010052907522,1.2682531860679944,1.2682531860679944,1.38379401738068,1.38379401738068,preceding,preceding,1,1,vehicle
55296.79999998673,49.97097050122689,49.97097050122689,18.314104944964377,18.314104944964377,20.606961475862377,20.606961475862377,20.320404611881887,20.320404611881887,18.600661808944867,18.600661808944867,1.36925613654833,1.36925613654833,1.220871786459,1.220871786459,1.2394100783723019,1.2394100783723019,1.3507178446349997,1.3507178446349997,preceding,preceding,1,1,vehicle
55296.89999998673,50.28391727762474,50.28391727762474,18.45419607985246,18.45419607985246,20.732786571390022,20.732786571390022,20.44801203106244,20.44801203106244,18.73897062018004,18.73897062018004,1.3862705231044288,1.3862705231044288,1.2401053987216955,1.2401053987216955,1.2583665600928384,1.2583665600928384,1.3680093617332858,1.3680093617332858,preceding,preceding,1,1,vehicle
55296.99999998673,50.616479837247674,50.616479837247674,18.59135904958123,18.59135904958123,20.854982555603108,20.854982555603108,20.572077923896792,20.572077923896792,18.874263681287545,18.874263681287545,1.3002202031084664,1.3002202031084664,1.1550129822563235,1.1550129822563235,1.1731545845939308,1.1731545845939308,1.2820786007708591,1.2820786007708591,preceding,preceding,1,1,vehicle
55297.09999998673,50.933247474127874,50.933247474127874,18.714240120470368,18.714240120470368,20.963789167837927,20.963789167837927,20.68264294797781,20.68264294797781,18.995386340330484,18.995386340330484,1.2003645334680044,1.2003645334680044,1.0632685574901188,1.0632685574901188,1.0803968832037754,1.0803968832037754,1.1832362077543621,1.1832362077543621,preceding,preceding,1,1,vehicle
55297.199999986726,51.23727376702018,51.23727376702018,18.831431956271338,18.831431956271338,21.067636267098038,21.067636267098038,20.788157300534404,20.788157300534404,19.11091092283497,19.11091092283497,1.049593137266271,1.049593137266271,0.914342221167459,0.914342221167459,0.9312401363997083,0.9312401363997083,1.0326952220340218,1.0326952220340218,preceding,preceding,1,1,vehicle
55297.29999998672,51.5533177935396,51.5533177935396,18.92415874791471,18.92415874791471,21.146657612063912,21.146657612063912,20.86889097525007,20.86889097525007,19.20192538472855,19.20192538472855,0.9012473917051693,0.9012473917051693,0.7677883799963041,0.7677883799963041,0.7844625170176727,0.7844625170176727,0.8845732546837723,0.8845732546837723,preceding,preceding,1,1,vehicle
55297.39999998672,51.856396933832684,51.856396933832684,19.01168143460899,19.01168143460899,21.22119394309441,21.22119394309441,20.945049803934992,20.945049803934992,19.28782557376841,19.28782557376841,0.8835856922562044,0.8835856922562044,0.7526128402109293,0.7526128402109293,0.768976458375974,0.768976458375974,0.8672220740911456,0.8672220740911456,preceding,preceding,1,1,vehicle
55297.49999998672,52.16832989933381,52.16832989933381,19.100875886369685,19.100875886369685,21.29718018010928,21.29718018010928,21.022686266928517,21.022686266928517,19.375369799550448,19.375369799550448,0.8868514709860449,0.8868514709860449,0.7603911636805094,0.7603911636805094,0.7761910762649791,0.7761910762649791,0.8710515584015752,0.8710515584015752,preceding,preceding,1,1,vehicle
55297.59999998672,52.457013254444206,52.457013254444206,19.18905172880362,19.18905172880362,21.373272175828298,21.373272175828298,21.10028801918573,21.10028801918573,19.462035885446188,19.462035885446188,0.7637593253753465,0.7637593253753465,0.6411368074900992,0.6411368074900992,0.6564573139103658,0.6564573139103658,0.7484388189550941,0.7484388189550941,preceding,preceding,1,1,vehicle
55297.69999998672,52.757576575430136,52.757576575430136,19.253627751442533,19.253627751442533,21.425407541605434,21.425407541605434,21.15397772970868,21.15397772970868,19.52505756333929,19.52505756333929,0.6621707622560109,0.6621707622560109,0.5405838652303743,0.5405838652303743,0.5557750600521985,0.5557750600521985,0.6469795674341867,0.6469795674341867,preceding,preceding,1,1,vehicle
55297.79999998672,53.04774550313245,53.04774550313245,19.321485881252894,19.321485881252894,21.4813889488728,21.4813889488728,21.211443031194552,21.211443031194552,19.591431798931144,19.591431798931144,0.6415467391468752,0.6415467391468752,0.5199224961774149,0.5199224961774149,0.5351184389600263,0.5351184389600263,0.6263507963642638,0.6263507963642638,preceding,preceding,1,1,vehicle
55297.89999998672,53.3553193605986,53.3553193605986,19.38193709927417,19.38193709927417,21.529392040842605,21.529392040842605,21.261001417502445,21.261001417502445,19.650327722614332,19.650327722614332,0.523531543443724,0.523531543443724,0.4055136845590539,0.4055136845590539,0.42025911264910576,0.42025911264910576,0.5087861153536863,0.5087861153536863,preceding,preceding,1,1,vehicle
55297.99999998672,53.63399816207741,53.63399816207741,19.4261921899451,19.4261921899451,21.562491685787467,21.562491685787467,21.295494853727302,21.295494853727302,19.693189022005267,19.693189022005267,0.4013299945541178,0.4013299945541178,0.29088530847906213,0.29088530847906213,0.30468459572762185,0.30468459572762185,0.38753070730557226,0.38753070730557226,preceding,preceding,1,1,vehicle
55298.09999998671,53.90997058585424,53.90997058585424,19.462203098181508,19.462203098181508,21.58756910253604,21.58756910253604,21.321938336645452,21.321938336645452,19.727833864072096,19.727833864072096,0.3781104972636058,0.3781104972636058,0.2713809744613229,0.2713809744613229,0.2847161394685429,0.2847161394685429,0.3647753322563716,0.3647753322563716,preceding,preceding,1,1,vehicle
55298.19999998671,54.17544275670076,54.17544275670076,19.501814289394233,19.501814289394233,21.616767880677266,21.616767880677266,21.352438081618406,21.352438081618406,19.766144088453093,19.766144088453093,0.26539803158384245,0.26539803158384245,0.1620324080319051,0.1620324080319051,0.1749473335830487,0.1749473335830487,0.25248310603269886,0.25248310603269886,preceding,preceding,1,1,vehicle
55298.29999998671,54.439616476164986,54.439616476164986,19.515282704497505,19.515282704497505,21.61997558414195,21.61997558414195,21.356927803361554,21.356927803361554,19.778330485277902,19.778330485277902,0.037394643669301786,0.037394643669301786,-0.06714591301732753,-0.06714591301732753,-0.05408412845828536,-0.05408412845828536,0.02433285911024541,0.02433285911024541,preceding,preceding,1,1,vehicle
55298.39999998671,54.71648267170606,54.71648267170606,19.509293218127983,19.509293218127983,21.603338698073994,21.603338698073994,21.341621255926906,21.341621255926906,19.77101066027507,19.77101066027507,-0.01463090761033925,-0.01463090761033925,-0.11895276957024237,-0.11895276957024237,-0.10591825371190566,-0.10591825371190566,-0.027665423468675954,-0.027665423468675954,preceding,preceding,1,1,vehicle
55298.49999998671,54.984816164201995,54.984816164201995,19.51235652297548,19.51235652297548,21.59618503022825,21.59618503022825,21.33574415261948,21.33574415261948,19.77279740058425,19.77279740058425,0.011953365565858576,0.011953365565858576,-0.08724652208434236,-0.08724652208434236,-0.07485191983266759,-0.07485191983266759,-0.000441236685830404,-0.000441236685830404,preceding,preceding,1,1,vehicle
55298.59999998671,55.239967135923564,55.239967135923564,19.511683891240935,19.511683891240935,21.585889393656515,21.585889393656515,21.326650871959814,21.326650871959814,19.770922412937637,19.770922412937637,-0.12042667563345333,-0.12042667563345333,-0.21614401037726338,-0.21614401037726338,-0.20418448915300758,-0.20418448915300758,-0.13238619685770914,-0.13238619685770914,preceding,preceding,1,1,vehicle
55298.6999999867,55.49473947691185,55.49473947691185,19.48827118785498,19.48827118785498,21.55295622815994,21.55295622815994,21.294907254795902,21.294907254795902,19.746320161219018,19.746320161219018,-0.2776251993974057,-0.2776251993974057,-0.3754171207265813,-0.3754171207265813,-0.3631983379941204,-0.3631983379941204,-0.2898439821298524,-0.2898439821298524,preceding,preceding,1,1,vehicle
55298.7999999867,55.765916048317685,55.765916048317685,19.456158851362385,19.456158851362385,21.51080596951301,21.51080596951301,21.25401120436269,21.25401120436269,19.712953616512706,19.712953616512706,-0.36294101751305163,-0.36294101751305163,-0.4601175777451516,-0.4601175777451516,-0.44797563506942595,-0.44797563506942595,-0.3750829601887631,-0.3750829601887631,preceding,preceding,1,1,vehicle
55298.8999999867,56.02220071015089,56.02220071015089,19.415682984351395,19.415682984351395,21.46093271260946,21.46093271260946,21.205312127780626,21.205312127780626,19.67130356918023,19.67130356918023,-0.39639875725998763,-0.39639875725998763,-0.4879101929521994,-0.4879101929521994,-0.4764760475219134,-0.4764760475219134,-0.4078329026902736,-0.4078329026902736,preceding,preceding,1,1,vehicle
55298.9999999867,56.26723665122611,56.26723665122611,19.37687909991154,19.37687909991154,21.41322393092399,21.41322393092399,21.158715994859694,21.158715994859694,19.631387035975838,19.631387035975838,-0.460863056476839,-0.460863056476839,-0.5499661526264674,-0.5499661526264674,-0.5388328821228043,-0.5388328821228043,-0.4719963269804879,-0.4719963269804879,preceding,preceding,1,1,vehicle
55299.0999999867,56.51472665424343,56.51472665424343,19.32351037305737,19.32351037305737,21.350939482085767,21.350939482085767,21.097545551357634,21.097545551357634,19.576904303785504,19.576904303785504,-0.568358498280773,-0.568358498280773,-0.6566298636509913,-0.6566298636509913,-0.6456004768607784,-0.6456004768607784,-0.5793878850709859,-0.5793878850709859,preceding,preceding,1,1,vehicle
55299.1999999867,56.759419769053046,56.759419769053046,19.26320740025704,19.26320740025704,21.281897958195703,21.281897958195703,21.02959589948942,21.02959589948942,19.515509458963326,19.515509458963326,-0.6128075644108293,-0.6128075644108293,-0.701060450586624,-0.701060450586624,-0.6900333329755455,-0.6900333329755455,-0.6238346820219078,-0.6238346820219078,preceding,preceding,1,1,vehicle
55299.2999999867,57.01116187071674,57.01116187071674,19.20094886017239,19.20094886017239,21.21072739196523,21.21072739196523,20.95953888475936,20.95953888475936,19.452137367378256,19.452137367378256,-0.6749154494718397,-0.6749154494718397,-0.7609191174079939,-0.7609191174079939,-0.7501730007048195,-0.7501730007048195,-0.6856615661749998,-0.6856615661749998,preceding,preceding,1,1,vehicle
55299.39999998669,57.24730874240159,57.24730874240159,19.128224310371834,19.128224310371834,21.129714134724004,21.129714134724004,20.87956129935826,20.87956129935826,19.378377145737577,19.378377145737577,-0.7546715499098724,-0.7546715499098724,-0.8402282632394531,-0.8402282632394531,-0.8295379552732101,-0.8295379552732101,-0.7653618578760728,-0.7653618578760728,preceding,preceding,1,1,vehicle
55299.49999998669,57.50082555423734,57.50082555423734,19.050014550196906,19.050014550196906,21.042681739324586,21.042681739324586,20.79363129371187,20.79363129371187,19.299064995809623,19.299064995809623,-0.7424203846219513,-0.7424203846219513,-0.8266878142512297,-0.8266878142512297,-0.8161585679149255,-0.8161585679149255,-0.7529496309582413,-0.7529496309582413,preceding,preceding,1,1,vehicle
55299.59999998669,57.73355003530623,57.73355003530623,18.97974023344363,18.97974023344363,20.964376571869515,20.964376571869515,20.716329585771085,20.716329585771085,19.22778721954206,19.22778721954206,-0.7662025743289576,-0.7662025743289576,-0.8487183949683015,-0.8487183949683015,-0.8384079773565531,-0.8384079773565531,-0.7765129919407059,-0.7765129919407059,preceding,preceding,1,1,vehicle
55299.69999998669,57.9811177182278,57.9811177182278,18.896774035333344,18.896774035333344,20.872938060333396,20.872938060333396,20.625949698242998,20.625949698242998,19.143762397423743,19.143762397423743,-0.7841805494349501,-0.7841805494349501,-0.8671104342936502,-0.8671104342936502,-0.8567482458980464,-0.8567482458980464,-0.7945427378305538,-0.7945427378305538,preceding,preceding,1,1,vehicle
55299.79999998669,58.22020325393686,58.22020325393686,18.82290412355892,18.82290412355892,20.79095448501331,20.79095448501331,20.54497993659397,20.54497993659397,19.06887867197826,19.06887867197826,-0.7957592052910911,-0.7957592052910911,-0.8758211718368756,-0.8758211718368756,-0.8658173009668815,-0.8658173009668815,-0.8057630761610994,-0.8057630761610994,preceding,preceding,1,1,vehicle
55299.89999998669,58.454856484122345,58.454856484122345,18.737622194277442,18.737622194277442,20.697773825968568,20.697773825968568,20.45278623805214,20.45278623805214,18.98260978219387,18.98260978219387,-0.8195982214534325,-0.8195982214534325,-0.8980170606199067,-0.8980170606199067,-0.8882184705470593,-0.8882184705470593,-0.82939681152628,-0.82939681152628,preceding,preceding,1,1,vehicle
55299.99999998669,58.68798989769198,58.68798989769198,18.65898447926514,18.65898447926514,20.6113510728859,20.6113510728859,20.36733624248117,20.36733624248117,18.90299930966987,18.90299930966987,-0.77643396775089,-0.77643396775089,-0.8572924306163117,-0.8572924306163117,-0.8471889725217068,-0.8471889725217068,-0.7865374258454949,-0.7865374258454949,preceding,preceding,1,1,vehicle
55300.09999998668,58.94122859780245,58.94122859780245,18.582335400729235,18.582335400729235,20.5263153398476,20.5263153398476,20.283348443550054,20.283348443550054,18.82530229702678,18.82530229702678,-0.8480284604143833,-0.8480284604143833,-0.9254494188686948,-0.9254494188686948,-0.9157754571102288,-0.9157754571102288,-0.8577024221728635,-0.8577024221728635,preceding,preceding,1,1,vehicle
55300.19999998668,59.15725497523882,59.15725497523882,18.489378787189715,18.489378787189715,20.426261189120495,20.426261189120495,20.18418115106735,20.18418115106735,18.73145882524286,18.73145882524286,-0.8712164544719201,-0.8712164544719201,-0.9470317168265154,-0.9470317168265154,-0.9375583609694331,-0.9375583609694331,-0.8806898103290024,-0.8806898103290024,preceding,preceding,1,1,vehicle
55300.29999998668,59.40467319646655,59.40467319646655,18.408092109837387,18.408092109837387,20.336908996485054,20.336908996485054,20.095836771358897,20.095836771358897,18.649164334963544,18.649164334963544,-0.8279543102341194,-0.8279543102341194,-0.9061948881961115,-0.9061948881961115,-0.8964184537778834,-0.8964184537778834,-0.8377307446523616,-0.8377307446523616,preceding,preceding,1,1,vehicle
55300.39999998668,59.63917183096095,59.63917183096095,18.3237879251453,18.3237879251453,20.24502221148391,20.24502221148391,20.004897460314382,20.004897460314382,18.56391267631483,18.56391267631483,-0.8397304606822189,-0.8397304606822189,-0.9152908018682808,-0.9152908018682808,-0.9058492440821482,-0.9058492440821482,-0.8491720184683516,-0.8491720184683516,preceding,preceding,1,1,vehicle
55300.49999998668,59.873865930324556,59.873865930324556,18.24014601770339,18.24014601770339,20.15385083611406,20.15385083611406,19.914666922545102,19.914666922545102,18.479329931272346,18.479329931272346,-0.7577973585711533,-0.7577973585711533,-0.8318421364503479,-0.8318421364503479,-0.8225899278124018,-0.8225899278124018,-0.7670495672090709,-0.7670495672090709,preceding,preceding,1,1,vehicle
55300.59999998668,60.10253051810683,60.10253051810683,18.172228453428907,18.172228453428907,20.078653784191374,20.078653784191374,19.840379474749472,19.840379474749472,18.41050276287081,18.41050276287081,-0.7460906657551334,-0.7460906657551334,-0.8190387130480019,-0.8190387130480019,-0.8099235197058761,-0.8099235197058761,-0.7552058590972592,-0.7552058590972592,preceding,preceding,1,1,vehicle
55300.69999998668,60.33392129535414,60.33392129535414,18.090927884550076,18.090927884550076,19.99004309350186,19.99004309350186,19.752682218601365,19.752682218601365,18.328288759450572,18.328288759450572,-0.8044134955829492,-0.8044134955829492,-0.8767284890428897,-0.8767284890428897,-0.8676923738691329,-0.8676923738691329,-0.8134496107566918,-0.8134496107566918,preceding,preceding,1,1,vehicle
55300.79999998667,60.56206536925429,60.56206536925429,18.011345754320388,18.011345754320388,19.90330808639159,19.90330808639159,19.66684099998435,19.66684099998435,18.24781284072763,18.24781284072763,-0.7238825045260313,-0.7238825045260313,-0.7947271224737591,-0.7947271224737591,-0.7858747139343052,-0.7858747139343052,-0.732734913065471,-0.732734913065471,preceding,preceding,1,1,vehicle
55300.89999998667,60.78752715977885,60.78752715977885,17.94615138365329,17.94615138365329,19.831097669016263,19.831097669016263,19.595507275823564,19.595507275823564,18.18174177684599,18.18174177684599,-0.6202003406615404,-0.6202003406615404,-0.6910487665851122,-0.6910487665851122,-0.682195858302407,-0.682195858302407,-0.6290532489442455,-0.6290532489442455,preceding,preceding,1,1,vehicle
55300.99999998667,61.01914500953405,61.01914500953405,17.887305686189883,17.887305686189883,19.76509833307658,19.76509833307658,19.53040182832585,19.53040182832585,18.122002190940613,18.122002190940613,-0.6101059542615843,-0.6101059542615843,-0.6799218972422665,-0.6799218972422665,-0.6711979808041804,-0.6711979808041804,-0.6188298706996704,-0.6188298706996704,preceding,preceding,1,1,vehicle
55301.09999998667,61.24126737182975,61.24126737182975,17.824130192802752,17.824130192802752,19.695113289569786,19.695113289569786,19.461267679664683,19.461267679664683,18.057975802707855,18.057975802707855,-0.5551484794769124,-0.5551484794769124,-0.6232411128293904,-0.6232411128293904,-0.6147325118889597,-0.6147325118889597,-0.5636570804173431,-0.5636570804173431,preceding,preceding,1,1,vehicle
55301.19999998667,61.464993434750276,61.464993434750276,17.776275990296117,17.776275990296117,19.640450110512514,19.640450110512514,19.407455325949847,19.407455325949847,18.009270774858784,18.009270774858784,-0.5147347658412258,-0.5147347658412258,-0.5851101762569044,-0.5851101762569044,-0.5763163049146556,-0.5763163049146556,-0.5235286371834746,-0.5235286371834746,preceding,preceding,1,1,vehicle
55301.29999998666,61.70554912072834,61.70554912072834,17.721183239640276,17.721183239640276,19.578091254324924,19.578091254324924,19.346004418688178,19.346004418688178,17.953270075277022,17.953270075277022,-0.5058104292307206,-0.5058104292307206,-0.5751781088767984,-0.5751781088767984,-0.5665101384995381,-0.5665101384995381,-0.5144783996080093,-0.5144783996080093,preceding,preceding,1,1,vehicle
55301.39999998666,61.925938380872736,61.925938380872736,17.67511390445578,17.67511390445578,19.525414488743717,19.525414488743717,19.29415329825641,19.29415329825641,17.906375094943087,17.906375094943087,-0.43629722533350446,-0.43629722533350446,-0.5023731096194979,-0.5023731096194979,-0.4941164505590052,-0.4941164505590052,-0.44455388439401133,-0.44455388439401133,preceding,preceding,1,1,vehicle
55301.49999998666,62.14791782183509,62.14791782183509,17.633923794572024,17.633923794572024,19.477616632399187,19.477616632399187,19.247181128574574,19.247181128574574,17.864359298396636,17.864359298396636,-0.3948281724253775,-0.3948281724253775,-0.45914196780633176,-0.45914196780633176,-0.45110547539132995,-0.45110547539132995,-0.4028646648403935,-0.4028646648403935,preceding,preceding,1,1,vehicle
55301.59999998666,62.359518446087456,62.359518446087456,17.596148269968733,17.596148269968733,19.43358609518017,19.43358609518017,19.203932203175906,19.203932203175906,17.825802161972998,17.825802161972998,-0.35290152953670884,-0.35290152953670884,-0.4166326084767462,-0.4166326084767462,-0.4086689116644777,-0.4086689116644777,-0.36086522634897733,-0.36086522634897733,preceding,preceding,1,1,vehicle
55301.69999998666,62.580637712157944,62.580637712157944,17.56334348866571,17.56334348866571,19.39429011070505,19.39429011070505,19.165447346242868,19.165447346242868,17.79218625312789,17.79218625312789,-0.3114469973781979,-0.3114469973781979,-0.3746027212951901,-0.3746027212951901,-0.366710901652624,-0.366710901652624,-0.31933881702074984,-0.31933881702074984,preceding,preceding,1,1,vehicle
55301.79999998666,62.791239065697845,62.791239065697845,17.533858870494,17.533858870494,19.358665550922225,19.358665550922225,19.130590022846448,19.130590022846448,17.761934398569778,17.761934398569778,-0.3194672918464505,-0.3194672918464505,-0.38319072786651986,-0.38319072786651986,-0.37522794893588696,-0.37522794893588696,-0.3274300707770976,-0.3274300707770976,preceding,preceding,1,1,vehicle
55301.89999998666,63.019371125688096,63.019371125688096,17.499450030297346,17.499450030297346,19.31765196513286,19.31765196513286,19.09040175645678,19.09040175645678,17.726700238973425,17.726700238973425,-0.3122793571585447,-0.3122793571585447,-0.3750805532029773,-0.3750805532029773,-0.3672329986199543,-0.3672329986199543,-0.3201269117415535,-0.3201269117415535,preceding,preceding,1,1,vehicle
55301.99999998666,63.22650319629442,63.22650319629442,17.471402999061393,17.471402999061393,19.283649440280502,19.283649440280502,19.057143423121357,19.057143423121357,17.69790901622054,17.69790901622054,-0.2795523704666607,-0.2795523704666607,-0.33892025739153553,-0.33892025739153553,-0.3315017077206619,-0.3315017077206619,-0.2869709201375201,-0.2869709201375201,preceding,preceding,1,1,vehicle
55302.09999998666,63.433687032304604,63.433687032304604,17.443539556202783,17.443539556202783,19.24986791365306,19.24986791365306,19.024101414911186,19.024101414911186,17.669306054944656,17.669306054944656,-0.20694786677019295,-0.20694786677019295,-0.2650131387105574,-0.2650131387105574,-0.2577573471652812,-0.2577573471652812,-0.21420365831548338,-0.21420365831548338,preceding,preceding,1,1,vehicle
55302.19999998665,63.634345723529236,63.634345723529236,17.430013425708417,17.430013425708417,19.23064681254003,19.23064681254003,19.00559195368987,19.00559195368987,17.655068284558578,17.655068284558578,-0.11973410151321673,-0.11973410151321673,-0.175045648004442,-0.175045648004442,-0.16813394579708074,-0.16813394579708074,-0.126645803720578,-0.126645803720578,preceding,preceding,1,1,vehicle
55302.29999998665,63.82462572683339,63.82462572683339,17.419592735901585,17.419592735901585,19.214858784054204,19.214858784054204,18.99047462575373,18.99047462575373,17.64397689420206,17.64397689420206,-0.12896969156354032,-0.12896969156354032,-0.1849248686504552,-0.1849248686504552,-0.17793272421832285,-0.17793272421832285,-0.1359618359956727,-0.1359618359956727,preceding,preceding,1,1,vehicle
55302.39999998665,64.03237536063097,64.03237536063097,17.404219487396084,17.404219487396084,19.193661838810478,19.193661838810478,18.97000540884672,18.97000540884672,17.62787591735984,17.62787591735984,-0.06813500856630128,-0.06813500856630128,-0.12383131819584037,-0.12383131819584037,-0.11687150844902305,-0.11687150844902305,-0.0750948183131186,-0.0750948183131186,preceding,preceding,1,1,vehicle
55302.49999998665,64.22318216065541,64.22318216065541,17.405965734188523,17.405965734188523,19.190092520415394,19.190092520415394,18.967100324064265,18.967100324064265,17.628957930539652,17.628957930539652,-0.06245790341074553,-0.06245790341074553,-0.1173151375205066,-0.1173151375205066,-0.11046016457430596,-0.11046016457430596,-0.06931287635693195,-0.06931287635693195,preceding,preceding,1,1,vehicle
55302.59999998665,64.42745726593111,64.42745726593111,17.391727906714117,17.391727906714117,19.17019881130672,19.17019881130672,18.94791337593218,18.94791337593218,17.614013342088654,17.614013342088654,-0.10223789943756856,-0.10223789943756856,-0.15475147885217666,-0.15475147885217666,-0.14818935767191022,-0.14818935767191022,-0.10880002061784921,-0.10880002061784921,preceding,preceding,1,1,vehicle
55302.69999998665,64.60354829547354,64.60354829547354,17.38551815430115,17.38551815430115,19.159142224644928,19.159142224644928,18.937462452529875,18.937462452529875,17.6071979264162,17.6071979264162,-0.03201585287288822,-0.03201585287288822,-0.083311965066585,-0.083311965066585,-0.07690196655356374,-0.07690196655356374,-0.03842585138589527,-0.03842585138589527,preceding,preceding,1,1,vehicle
55302.79999998664,64.80132735651195,64.80132735651195,17.385324736138553,17.385324736138553,19.15353641829306,19.15353641829306,18.932532982621044,18.932532982621044,17.60632817181057,17.60632817181057,-0.05951587826324101,-0.05951587826324101,-0.10973034299887274,-0.10973034299887274,-0.10345549738755722,-0.10345549738755722,-0.06579072387457074,-0.06579072387457074,preceding,preceding,1,1,vehicle
55302.89999998664,64.97149838791005,64.97149838791005,17.373614978646593,17.373614978646593,19.137196156043927,19.137196156043927,18.916771353051054,18.916771353051054,17.594039781639466,17.594039781639466,-0.08701760559905836,-0.08701760559905836,-0.13611791610333057,-0.13611791610333057,-0.1299822847412173,-0.1299822847412173,-0.09315323696118583,-0.09315323696118583,preceding,preceding,1,1,vehicle
55302.99999998664,65.16327960516686,65.16327960516686,17.367921215017923,17.367921215017923,19.126312835071403,19.126312835071403,18.906536525671832,18.906536525671832,17.587697524417493,17.587697524417493,0.0366515861631882,0.0366515861631882,-0.01185834180115819,-0.01185834180115819,-0.005796475562192427,-0.005796475562192427,0.030589719924222436,0.030589719924222436,preceding,preceding,1,1,vehicle
55303.09999998664,65.33095975610968,65.33095975610968,17.380945295879123,17.380945295879123,19.13482448768373,19.13482448768373,18.91561205793863,18.91561205793863,17.60015772562422,17.60015772562422,0.0269205307291287,0.0269205307291287,-0.02223975078433682,-0.02223975078433682,-0.016096604150035887,-0.016096604150035887,0.020777384094827767,0.020777384094827767,preceding,preceding,1,1,vehicle
55303.19999998664,65.52974658186115,65.52974658186115,17.37330532116367,17.37330532116367,19.1218648849146,19.1218648849146,18.903317204841873,18.903317204841873,17.591853001236398,17.591853001236398,0.0313749504304468,0.0313749504304468,-0.017088179524620273,-0.017088179524620273,-0.011032140630561571,-0.011032140630561571,0.0253189115363881,0.0253189115363881,preceding,preceding,1,1,vehicle
55303.29999998664,65.69406723609697,65.69406723609697,17.38722028596512,17.38722028596512,19.131406851778856,19.131406851778856,18.91340562981255,18.91340562981255,17.605221507931425,17.605221507931425,0.08219255145789361,0.08219255145789361,0.036578089714041084,0.036578089714041084,0.04227816398683615,0.04227816398683615,0.07649247718508434,0.07649247718508434,preceding,preceding,1,1,vehicle
55303.39999998664,65.87348625277133,65.87348625277133,17.38974383145478,17.38974383145478,19.129180502856713,19.129180502856713,18.911772837638573,18.911772837638573,17.60715149667292,17.60715149667292,0.07190754481409556,0.07190754481409556,0.025598479253716278,0.025598479253716278,0.03138536156144767,0.03138536156144767,0.06612066250636417,0.06612066250636417,preceding,preceding,1,1,vehicle
55303.49999998664,66.04482591183489,66.04482591183489,17.401601794927576,17.401601794927576,19.136526547629014,19.136526547629014,18.919682702124284,18.919682702124284,17.618445640432306,17.618445640432306,0.06195408829573523,0.06195408829573523,0.014982783343782557,0.014982783343782557,0.020852430357123808,0.020852430357123808,0.05608444128240819,0.05608444128240819,preceding,preceding,1,1,vehicle
55303.59999998663,66.23123906339424,66.23123906339424,17.40213464911412,17.40213464911412,19.132177059526168,19.132177059526168,18.915943323710632,18.915943323710632,17.618368384929656,17.618368384929656,0.08763946309537118,0.08763946309537118,0.04115956140087462,0.04115956140087462,0.04696781046422416,0.04696781046422416,0.08183121403200744,0.08183121403200744,preceding,preceding,1,1,vehicle
55303.69999998663,66.4006643124963,66.4006643124963,17.419129687546956,17.419129687546956,19.14475845991,19.14475845991,18.92907626421788,18.92907626421788,17.634811883239077,17.634811883239077,0.1163385523896352,0.1163385523896352,0.07284675070154378,0.07284675070154378,0.07828160764684355,0.07828160764684355,0.11090369544433543,0.11090369544433543,preceding,preceding,1,1,vehicle
55303.79999998663,66.56597197998303,66.56597197998303,17.425402359591708,17.425402359591708,19.146746409666264,19.146746409666264,18.93159964523977,18.93159964523977,17.6405491240182,17.6405491240182,0.10598076191993755,0.10598076191993755,0.06179996637581553,0.06179996637581553,0.06732093044581688,0.06732093044581688,0.1004597978499504,0.1004597978499504,preceding,preceding,1,1,vehicle
55303.89999998663,66.74247340152887,66.74247340152887,17.440325839930637,17.440325839930637,19.157118453184985,19.157118453184985,18.942540450306847,18.942540450306847,17.654903842808775,17.654903842808775,0.1699984496690803,0.1699984496690803,0.12438317863212944,0.12438317863212944,0.13008340771756366,0.13008340771756366,0.16429822058364607,0.16429822058364607,preceding,preceding,1,1,vehicle
55303.99999998664,66.92070194447832,66.92070194447832,17.45940204952811,17.45940204952811,19.17162304539474,19.17162304539474,18.957616326785402,18.957616326785402,17.673408768137445,17.673408768137445,0.15191204670568936,0.15191204670568936,0.10819598249250362,0.10819598249250362,0.11365888883356945,0.11365888883356945,0.14644914036460932,0.14644914036460932,preceding,preceding,1,1,vehicle
55304.09999998663,67.0841677090748,67.0841677090748,17.470708249274132,17.470708249274132,19.178757649685565,19.178757649685565,18.965272228075676,18.965272228075676,17.68419367088402,17.68419367088402,0.10320269913695768,0.10320269913695768,0.060693959151322474,0.060693959151322474,0.06600600228438225,0.06600600228438225,0.09789065600391211,0.09789065600391211,preceding,preceding,1,1,vehicle
55304.199999986624,67.25469325500579,67.25469325500579,17.480042589353697,17.480042589353697,19.183761837223944,19.183761837223944,18.970817527241124,18.970817527241124,17.692986899336518,17.692986899336518,0.14559211218941925,0.14559211218941925,0.10186656729591448,0.10186656729591448,0.10733067469422508,0.10733067469422508,0.14012800479110865,0.14012800479110865,preceding,preceding,1,1,vehicle
55304.29999998662,67.42945315370063,67.42945315370063,17.499826671711293,17.499826671711293,19.199130963144466,19.199130963144466,18.986738363014183,18.986738363014183,17.712219271841576,17.712219271841576,0.11835367848664191,0.11835367848664191,0.07560474974893339,0.07560474974893339,0.08094682323851998,0.08094682323851998,0.11301160499705531,0.11301160499705531,preceding,preceding,1,1,vehicle
55304.39999998662,67.5939500459124,67.5939500459124,17.503713325050683,17.503713325050683,19.19888278717351,19.19888278717351,18.987006891888594,18.987006891888594,17.7155892203356,17.7155892203356,0.05966083570029923,0.05966083570029923,0.018194598037382548,0.018194598037382548,0.023376388968188166,0.023376388968188166,0.0544790447694794,0.0544790447694794,preceding,preceding,1,1,vehicle
55304.49999998662,67.76019666872483,67.76019666872483,17.51175883885118,17.51175883885118,19.202769882751888,19.202769882751888,18.991413640807753,18.991413640807753,17.723115080795314,17.723115080795314,0.09452731193174202,0.09452731193174202,0.05436412666504964,0.05436412666504964,0.059383089635502984,0.059383089635502984,0.08950834896128868,0.08950834896128868,preceding,preceding,1,1,vehicle
55304.59999998662,67.91581884332516,67.91581884332516,17.522618787436755,17.522618787436755,19.209755612506363,19.209755612506363,18.99888350981552,18.99888350981552,17.733490890127598,17.733490890127598,0.10835197717013045,0.10835197717013045,0.06969127304616052,0.06969127304616052,0.07452248610439938,0.07452248610439938,0.10352076411192002,0.10352076411192002,preceding,preceding,1,1,vehicle
55304.699999986624,68.07149818765359,68.07149818765359,17.533429234285677,17.533429234285677,19.216708137361422,19.216708137361422,19.006318138028956,19.006318138028956,17.743819233618144,17.743819233618144,0.06726681034315618,0.06726681034315618,0.02821616098192692,0.02821616098192692,0.03309610976170063,0.03309610976170063,0.06238686156338247,0.06238686156338247,preceding,preceding,1,1,vehicle
55304.79999998661,68.23172393258987,68.23172393258987,17.536072149506484,17.536072149506484,19.215398844704264,19.215398844704264,19.005502731769322,19.005502731769322,17.745968262441426,17.745968262441426,0.09228888405088753,0.09228888405088753,0.05364245011023172,0.05364245011023172,0.05847189247029405,0.05847189247029405,0.0874594416908252,0.0874594416908252,preceding,preceding,1,1,vehicle
55304.89999998661,68.38555612249017,68.38555612249017,17.55188701109616,17.55188701109616,19.227436627384474,19.227436627384474,19.01801251652393,19.01801251652393,17.7613111219567,17.7613111219567,0.0825722336043242,0.0825722336043242,0.04325053582195437,0.04325053582195437,0.048164368991692186,0.048164368991692186,0.0776584004346006,0.0776584004346006,preceding,preceding,1,1,vehicle
55304.99999998661,68.55280451213687,68.55280451213687,17.55258659622661,17.55258659622661,19.224048951867722,19.224048951867722,19.01513560556675,19.01513560556675,17.761499942527582,17.761499942527582,0.03524462253039928,0.03524462253039928,-0.0029854625688017222,-0.0029854625688017222,0.0017919631640097577,0.0017919631640097577,0.030467196797573592,0.030467196797573592,preceding,preceding,1,1,vehicle
55305.09999998661,68.69909432177846,68.69909432177846,17.55893593560198,17.55893593560198,19.22683953487025,19.22683953487025,19.018370909156296,19.018370909156296,17.767404561315935,17.767404561315935,0.15968865366808416,0.15968865366808416,0.12464196150644113,0.12464196150644113,0.12902157979077344,0.12902157979077344,0.15530903538375185,0.15530903538375185,preceding,preceding,1,1,vehicle
55305.19999998661,68.84153469638741,68.84153469638741,17.584524326959762,17.584524326959762,19.248977344168647,19.248977344168647,19.04093992152453,19.04093992152453,17.79256174960388,17.79256174960388,0.2758612886655669,0.2758612886655669,0.24122845979876217,0.24122845979876217,0.2455563646293797,0.2455563646293797,0.2715333838349352,0.2715333838349352,preceding,preceding,1,1,vehicle
55305.29999998661,68.98562198581872,68.98562198581872,17.614108193334292,17.614108193334292,19.2750852268293,19.2750852268293,19.06748218208146,19.06748218208146,17.821711238082134,17.821711238082134,0.2346701562443485,0.2346701562443485,0.19964202515400586,0.19964202515400586,0.20401933415911344,0.20401933415911344,0.23029284723925514,0.23029284723925514,preceding,preceding,1,1,vehicle
55305.39999998661,69.13255193189927,69.13255193189927,17.63145835820795,17.63145835820795,19.288905749198868,19.288905749198868,19.08174378835576,19.08174378835576,17.83862031905106,17.83862031905106,0.08842741077204153,0.08842741077204153,0.051722393984292125,0.051722393984292125,0.05630926144591797,0.05630926144591797,0.08384054331040147,0.08384054331040147,preceding,preceding,1,1,vehicle
55305.49999998661,69.29191336796026,69.29191336796026,17.63179367548785,17.63179367548785,19.285429705625127,19.285429705625127,19.078744034369635,19.078744034369635,17.83847934674334,17.83847934674334,0.07767237862015008,0.07767237862015008,0.041226201438377075,0.041226201438377075,0.04578072811511902,0.04578072811511902,0.07311785194340814,0.07311785194340814,preceding,preceding,1,1,vehicle
55305.5999999866,69.43797331256908,69.43797331256908,17.64699283392959,17.64699283392959,19.297150989484212,19.297150989484212,19.090899933976445,19.090899933976445,17.85324388943736,17.85324388943736,0.06102294814060372,0.06102294814060372,0.026286488297543542,0.026286488297543542,0.03062736395335719,0.03062736395335719,0.05668207248477586,0.05668207248477586,preceding,preceding,1,1,vehicle
55305.6999999866,69.58429275920113,69.58429275920113,17.643998265114025,17.643998265114025,19.290687003283043,19.290687003283043,19.084869507158672,19.084869507158672,17.849815761238396,17.849815761238396,-0.0463217259091806,-0.0463217259091806,-0.07940388079298089,-0.07940388079298089,-0.07526973245890645,-0.07526973245890645,-0.05045587424325504,-0.05045587424325504,preceding,preceding,1,1,vehicle
55305.7999999866,69.71754939170332,69.71754939170332,17.63772848874789,17.63772848874789,19.281270213325847,19.281270213325847,19.075845987484882,19.075845987484882,17.843152714588854,17.843152714588854,0.012137135283168732,0.012137135283168732,-0.018640551184361698,-0.018640551184361698,-0.01479437921413762,-0.01479437921413762,0.008290963312930444,0.008290963312930444,preceding,preceding,1,1,vehicle
55305.8999999866,69.84541979437284,69.84541979437284,17.646425692170624,17.646425692170624,19.286958893046226,19.286958893046226,19.08191063131589,19.08191063131589,17.85147395390096,17.85147395390096,0.03952032954904894,0.03952032954904894,0.0063278154997448155,0.0063278154997448155,0.01047576402464756,0.01047576402464756,0.03537238102413198,0.03537238102413198,preceding,preceding,1,1,vehicle
55305.99999998661,70.00032939395022,70.00032939395022,17.64563255465678,17.64563255465678,19.282535776424396,19.282535776424396,19.077941140288473,19.077941140288473,17.8502271907927,17.8502271907927,0.005996369997376405,0.005996369997376405,-0.029011715044447328,-0.029011715044447328,-0.024636876601135782,-0.024636876601135782,0.001621531554050648,0.001621531554050648,preceding,preceding,1,1,vehicle
55306.0999999866,70.14483094033875,70.14483094033875,17.647624966169516,17.647624966169516,19.281156550036542,19.281156550036542,19.076983255994897,19.076983255994897,17.85179826021116,17.85179826021116,-0.002656911273149376,-0.002656911273149376,-0.03337113137726533,-0.03337113137726533,-0.029532878260425832,-0.029532878260425832,-0.0064951643899604505,-0.0064951643899604505,preceding,preceding,1,1,vehicle
55306.1999999866,70.26404655408962,70.26404655408962,17.645101172401848,17.645101172401848,19.275861550149,19.275861550149,19.072034564636397,19.072034564636397,17.84892815791445,17.84892815791445,-0.04205616001117107,-0.04205616001117107,-0.0731652822264266,-0.0731652822264266,-0.06927767518867256,-0.06927767518867256,-0.04594376704892511,-0.04594376704892511,preceding,preceding,1,1,vehicle
55306.29999998659,70.41305758818496,70.41305758818496,17.639213734167953,17.639213734167953,19.266523493592295,19.266523493592295,19.063127720958153,19.063127720958153,17.842609506802095,17.842609506802095,-0.03110296298214621,-0.03110296298214621,-0.06311244601799615,-0.06311244601799615,-0.05911232005352929,-0.05911232005352929,-0.03510308894659886,-0.03510308894659886,preceding,preceding,1,1,vehicle
55306.39999998659,70.54100745038933,70.54100745038933,17.63888057980614,17.63888057980614,19.263239060946482,19.263239060946482,19.060212100626728,19.060212100626728,17.841907540125895,17.841907540125895,-0.03334880890483305,-0.03334880890483305,-0.06253185547693363,-0.06253185547693363,-0.05888493676744133,-0.05888493676744133,-0.03699572761432535,-0.03699572761432535,preceding,preceding,1,1,vehicle
55306.49999998659,70.66654847521134,70.66654847521134,17.632543972387083,17.632543972387083,19.25401712249709,19.25401712249709,19.051350733604835,19.051350733604835,17.835210361279337,17.835210361279337,-0.04246190071208389,-0.04246190071208389,-0.07234936507104806,-0.07234936507104806,-0.06861441369909471,-0.06861441369909471,-0.04619685208403723,-0.04619685208403723,preceding,preceding,1,1,vehicle
55306.59999998659,70.80158561952045,70.80158561952045,17.630388199663848,17.630388199663848,19.24876918793248,19.24876918793248,19.046489217887107,19.046489217887107,17.832668169709223,17.832668169709223,-0.014779264600605302,-0.014779264600605302,-0.04216177452917691,-0.04216177452917691,-0.03873985726320939,-0.03873985726320939,-0.018201181866587035,-0.018201181866587035,preceding,preceding,1,1,vehicle
55306.6999999866,70.90606448497093,70.90606448497093,17.629588119466987,17.629588119466987,19.245584767591062,19.245584767591062,19.04360276215203,19.04360276215203,17.83157012490602,17.83157012490602,-0.040008281803352475,-0.040008281803352475,-0.0666009857512222,-0.0666009857512222,-0.06327776513708727,-0.06327776513708727,-0.0433315024174874,-0.0433315024174874,preceding,preceding,1,1,vehicle
55306.79999998658,71.03506146334287,71.03506146334287,17.622386543305915,17.622386543305915,19.235448990785443,19.235448990785443,19.033833664862836,19.033833664862836,17.82400186922852,17.82400186922852,-0.04288171190940204,-0.04288171190940204,-0.07158134630913082,-0.07158134630913082,-0.06799482510618304,-0.06799482510618304,-0.0464682331123214,-0.0464682331123214,preceding,preceding,1,1,vehicle
55306.899999986585,71.15884995049024,71.15884995049024,17.621011777087553,17.621011777087553,19.23126849833222,19.23126849833222,19.03000379713371,19.03000379713371,17.822276478286064,17.822276478286064,-0.015339688212762326,-0.015339688212762326,-0.041587884225535277,-0.041587884225535277,-0.03830771027553226,-0.03830771027553226,-0.018619862162779555,-0.018619862162779555,preceding,preceding,1,1,vehicle
55306.99999998658,71.26702729135258,71.26702729135258,17.619318605663317,17.619318605663317,19.22713141394015,19.22713141394015,19.026172122807562,19.026172122807562,17.820277896795904,17.820277896795904,-0.14245515481995596,-0.14245515481995596,-0.1691505280319916,-0.1691505280319916,-0.165814468362953,-0.165814468362953,-0.14579121448898036,-0.14579121448898036,preceding,preceding,1,1,vehicle
55307.09999998658,71.39560499365122,71.39560499365122,17.592520746123977,17.592520746123977,19.197438392726315,19.197438392726315,18.9968409034616,18.9968409034616,17.793118235388693,17.793118235388693,-0.23865808206460315,-0.23865808206460315,-0.2669393477370363,-0.2669393477370363,-0.2634050997640287,-0.2634050997640287,-0.24219233003762497,-0.24219233003762497,preceding,preceding,1,1,vehicle
55307.19999998658,71.51866135383457,71.51866135383457,17.571586989251088,17.571586989251088,19.173743544393517,19.173743544393517,18.973491102855522,18.973491102855522,17.771839430789083,17.771839430789083,-0.12176095408730703,-0.12176095408730703,-0.14843679783372465,-0.14843679783372465,-0.14510317300738507,-0.14510317300738507,-0.12509457891366083,-0.12509457891366083,preceding,preceding,1,1,vehicle
55307.29999998658,71.63376547553236,71.63376547553236,17.56816855530687,17.56816855530687,19.167751033160002,19.167751033160002,18.967820268860546,18.967820268860546,17.768099319606325,17.768099319606325,-0.043993200543624766,-0.043993200543624766,-0.06957249274346111,-0.06957249274346111,-0.06637589897464125,-0.06637589897464125,-0.04718979431244463,-0.04718979431244463,preceding,preceding,1,1,vehicle
55307.399999986585,71.74778948934768,71.74778948934768,17.56278834914203,17.56278834914203,19.15982904584438,19.15982904584438,18.960215923060165,18.960215923060165,17.762401471926243,17.762401471926243,-0.04020060907103584,-0.04020060907103584,-0.06442396377583748,-0.06442396377583748,-0.06139681648592443,-0.06139681648592443,-0.04322775636094889,-0.04322775636094889,preceding,preceding,1,1,vehicle
55307.499999986576,71.85141068206903,71.85141068206903,17.560128433492384,17.560128433492384,19.15486624040459,19.15486624040459,18.955540905563115,18.955540905563115,17.75945376833386,17.75945376833386,-0.04904746655937231,-0.04904746655937231,-0.07397103956427031,-0.07397103956427031,-0.07085638470832123,-0.07085638470832123,-0.052162121415335605,-0.052162121415335605,preceding,preceding,1,1,vehicle
55307.599999986574,71.972460292879,71.972460292879,17.552978855830325,17.552978855830325,19.145034837931924,19.145034837931924,18.94604464611887,18.94604464611887,17.751969047643378,17.751969047643378,-0.11681321522890187,-0.11681321522890187,-0.14187243345516265,-0.14187243345516265,-0.13874082494439222,-0.13874082494439222,-0.11994482373968651,-0.11994482373968651,preceding,preceding,1,1,vehicle
55307.69999998657,72.07796196914595,72.07796196914595,17.536765790446943,17.536765790446943,19.12649175371397,19.12649175371397,18.927792740574642,18.927792740574642,17.73546480358627,17.73546480358627,-0.03781819695285549,-0.03781819695285549,-0.05884645331477145,-0.05884645331477145,-0.056218585448263525,-0.056218585448263525,-0.040446064819377625,-0.040446064819377625,preceding,preceding,1,1,vehicle
55307.79999998657,72.16311426478205,72.16311426478205,17.545415216439864,17.545415216439864,19.13326554726914,19.13326554726914,18.934800929029382,18.934800929029382,17.74387983467962,17.74387983467962,-0.023279489491699223,-0.023279489491699223,-0.04397478894757967,-0.04397478894757967,-0.04138852829068185,-0.04138852829068185,-0.025865750148582833,-0.025865750148582833,preceding,preceding,1,1,vehicle
55307.89999998657,72.26614038601362,72.26614038601362,17.53210989254867,17.53210989254867,19.117696795924584,19.117696795924584,18.919515034916625,18.919515034916625,17.73029165355663,17.73029165355663,-0.07758087356349108,-0.07758087356349108,-0.09729088348153425,-0.09729088348153425,-0.09482775159737855,-0.09482775159737855,-0.08004400544764678,-0.08004400544764678,preceding,preceding,1,1,vehicle
55307.999999986576,72.342735462113,72.342735462113,17.529899041727635,17.529899041727635,19.11380737057326,19.11380737057326,18.915835378710337,18.915835378710337,17.727871033590556,17.727871033590556,-0.07008870541203294,-0.07008870541203294,-0.08727173194129989,-0.08727173194129989,-0.08512439220591261,-0.08512439220591261,-0.07223604514742021,-0.07223604514742021,preceding,preceding,1,1,vehicle
55308.099999986574,72.42313044533509,72.42313044533509,17.518092151466657,17.518092151466657,19.100242449536648,19.100242449536648,18.902490156475775,18.902490156475775,17.71584444452753,17.71584444452753,-0.04961658839681604,-0.04961658839681604,-0.06779925230578954,-0.06779925230578954,-0.06552698795114509,-0.06552698795114509,-0.05188885275146049,-0.05188885275146049,preceding,preceding,1,1,vehicle
55308.19999998657,72.50923226475652,72.50923226475652,17.519975724048415,17.519975724048415,19.100247520112298,19.100247520112298,18.9027299811203,18.9027299811203,17.717493263040414,17.717493263040414,-0.09459179553114438,-0.09459179553114438,-0.1110590826167055,-0.1110590826167055,-0.10900118568692108,-0.10900118568692108,-0.0966496924609288,-0.0966496924609288,preceding,preceding,1,1,vehicle
55308.29999998656,72.57422253555966,72.57422253555966,17.499173792365383,17.499173792365383,19.07803063301848,19.07803063301848,18.88068991934354,18.88068991934354,17.696514506040323,17.696514506040323,-0.5099288601754353,-0.5099288601754353,-0.5259290347803756,-0.5259290347803756,-0.5239295111748277,-0.5239295111748277,-0.5119283837809689,-0.5119283837809689,preceding,preceding,1,1,vehicle
55308.39999998656,72.6563793204619,72.6563793204619,17.417989952005343,17.417989952005343,18.995061713148317,18.995061713148317,18.797944078877418,18.797944078877418,17.615107586276242,17.615107586276242,-0.531319748854969,-0.531319748854969,-0.5491654841986673,-0.5491654841986673,-0.5469353218431792,-0.5469353218431792,-0.5335499112104714,-0.5335499112104714,preceding,preceding,1,1,vehicle
55308.49999998656,72.73867555741973,72.73867555741973,17.392909842587986,17.392909842587986,18.968197536172266,18.968197536172266,18.771302854968436,18.771302854968436,17.589804523791816,17.589804523791816,-0.46454797528151914,-0.46454797528151914,-0.48041975304113294,-0.48041975304113294,-0.47843627304956726,-0.47843627304956726,-0.466531455273099,-0.466531455273099,preceding,preceding,1,1,vehicle
55308.59999998656,72.80293669865581,72.80293669865581,17.32508035695039,17.32508035695039,18.898977762541488,18.898977762541488,18.702256824268897,18.702256824268897,17.521801295222982,17.521801295222982,-0.6417244117236152,-0.6417244117236152,-0.6534846112780457,-0.6534846112780457,-0.6520149504151078,-0.6520149504151078,-0.643194072586553,-0.643194072586553,preceding,preceding,1,1,vehicle
55308.69999998657,72.84745674478714,72.84745674478714,17.264564960236857,17.264564960236857,18.837500613910176,18.837500613910176,18.640899864878943,18.640899864878943,17.46116570926809,17.46116570926809,-0.5779469773864463,-0.5779469773864463,-0.5898562203224174,-0.5898562203224174,-0.5883679329930089,-0.5883679329930089,-0.5794352647158547,-0.5794352647158547,preceding,preceding,1,1,vehicle
55308.79999998656,72.91329345887209,72.91329345887209,17.2094909614732,17.2094909614732,18.78100651847727,18.78100651847727,18.58458323767054,18.58458323767054,17.40591424227993,17.40591424227993,-0.6418865773411682,-0.6418865773411682,-0.6519630171081161,-0.6519630171081161,-0.6507037732265388,-0.6507037732265388,-0.6431458212227454,-0.6431458212227454,preceding,preceding,1,1,vehicle
55308.89999998656,72.94092235620937,72.94092235620937,17.136187644771184,17.136187644771184,18.707108010491396,18.707108010491396,18.510759110236442,18.510759110236442,17.332536545026137,17.332536545026137,-0.7413894833712646,-0.7413894833712646,-0.7480812886837072,-0.7480812886837072,-0.7472450193311175,-0.7472450193311175,-0.7422257527238685,-0.7422257527238685,preceding,preceding,1,1,vehicle
55308.99999998656,72.97544984765163,72.97544984765163,17.061213064795833,17.061213064795833,18.631390260737394,18.631390260737394,18.435134233801186,18.435134233801186,17.25746909173204,17.25746909173204,-0.9263712723172262,-0.9263712723172262,-0.934368504242812,-0.934368504242812,-0.9333690965826946,-0.9333690965826946,-0.9273706799773578,-0.9273706799773578,preceding,preceding,1,1,vehicle
55309.09999998655,73.01527279900331,73.01527279900331,16.950913390319744,16.950913390319744,18.520234309654928,18.520234309654928,18.32408529093199,18.32408529093199,17.147062409042682,17.147062409042682,-1.0391438826658401,-1.0391438826658401,-1.0449288831573256,-1.0449288831573256,-1.0442059361669038,-1.0442059361669038,-1.039866829656276,-1.039866829656276,preceding,preceding,1,1,vehicle
55309.19999998655,73.02926889238906,73.02926889238906,16.853384288274178,16.853384288274178,18.422404484117543,18.422404484117543,18.226293046579407,18.226293046579407,17.049495725812314,17.049495725812314,-1.1273886837348073,-1.1273886837348073,-1.1344847707004533,-1.1344847707004533,-1.1335979779832428,-1.1335979779832428,-1.1282754764519893,-1.1282754764519893,preceding,preceding,1,1,vehicle
55309.29999998655,73.08137228522958,73.08137228522958,16.725435653576064,16.725435653576064,18.29333735551814,18.29333735551814,18.097365695338638,18.097365695338638,16.921407313755566,16.921407313755566,-1.2323854197086206,-1.2323854197086206,-1.239455315046314,-1.239455315046314,-1.2385717953947903,-1.2385717953947903,-1.2332689393601584,-1.2332689393601584,preceding,preceding,1,1,vehicle
55309.39999998656,73.09514944198038,73.09514944198038,16.606907204319477,16.606907204319477,18.17451342109534,18.17451342109534,17.978578687487506,17.978578687487506,16.80284193792731,16.80284193792731,-1.2504331648714384,-1.2504331648714384,-1.251600589456885,-1.251600589456885,-1.251454697235772,-1.251454697235772,-1.2505790570925512,-1.2505790570925512,preceding,preceding,1,1,vehicle
55309.49999998656,73.09225821609039,73.09225821609039,16.475349020589114,16.475349020589114,18.043017237614038,18.043017237614038,17.847074755878765,17.847074755878765,16.671291502324387,16.671291502324387,-1.433694282735857,-1.433694282735857,-1.434193893007091,-1.434193893007091,-1.4341314570619517,-1.4341314570619517,-1.4337567186809963,-1.4337567186809963,preceding,preceding,1,1,vehicle
55309.59999998655,73.09980953731132,73.09980953731132,16.320168347788627,16.320168347788627,17.887674642510266,17.887674642510266,17.691752396091456,17.691752396091456,16.516090594207437,16.516090594207437,-1.6296222286693904,-1.6296222286693904,-1.630642471922016,-1.630642471922016,-1.630514972838796,-1.630514972838796,-1.6297497277526247,-1.6297497277526247,preceding,preceding,1,1,vehicle
55309.699999986544,73.10177437465273,73.10177437465273,16.149424574883692,16.149424574883692,17.716888743258107,17.716888743258107,17.520971761339478,17.520971761339478,16.34534155680232,16.34534155680232,-1.7642396272907916,-1.7642396272907916,-1.7650813495759365,-1.7650813495759365,-1.7649761601279437,-1.7649761601279437,-1.7643448167387703,-1.7643448167387703,preceding,preceding,1,1,vehicle
55309.799999986535,73.10766201283866,73.10766201283866,15.967320422361277,15.967320422361277,17.534658372625902,17.534658372625902,17.338757164096688,17.338757164096688,16.163221630890494,16.163221630890494,-1.771552870455963,-1.771552870455963,-1.7712266107334784,-1.7712266107334784,-1.7712673831829022,-1.7712673831829022,-1.7715120980065535,-1.7715120980065535,oncoming,oncoming,1,1,vehicle
55309.89999998653,73.09873096894019,73.09873096894019,15.795114000823435,15.795114000823435,17.36264342114234,17.36264342114234,17.16671828473383,17.16671828473383,15.991039137231947,15.991039137231947,-1.8258376974230828,-1.8258376974230828,-1.8227569492566715,-1.8227569492566715,-1.8231419481832347,-1.8231419481832347,-1.825452698496548,-1.825452698496548,oncoming,oncoming,1,1,vehicle
55309.99999998653,73.07892974402485,73.07892974402485,15.602152882878954,15.602152882878954,17.170106982776886,17.170106982776886,16.974128774462358,16.974128774462358,15.798131091193483,15.798131091193483,-1.9379608148653062,-1.9379608148653062,-1.93248582190013,-1.93248582190013,-1.9331700278189174,-1.9331700278189174,-1.9372766089465472,-1.9372766089465472,oncoming,oncoming,1,1,vehicle
55310.09999998653,73.04769708460587,73.04769708460587,15.407521837842035,15.407521837842035,16.976146256753978,16.976146256753978,16.78008427916171,16.78008427916171,15.6035838154343,15.6035838154343,-2.015397283031291,-2.015397283031291,-2.010325739979109,-2.010325739979109,-2.0109595269771035,-2.0109595269771035,-2.014763496033325,-2.014763496033325,oncoming,oncoming,1,1,vehicle
55310.19999998654,73.03167968914005,73.03167968914005,15.199073426262894,15.199073426262894,16.768041834771257,16.768041834771257,16.571936869057133,16.571936869057133,15.395178391977018,15.395178391977018,-2.144437150966027,-2.144437150966027,-2.1385549957000762,-2.1385549957000762,-2.139290084135766,-2.139290084135766,-2.143702062530295,-2.143702062530295,oncoming,oncoming,1,1,vehicle
55310.299999986535,72.99294726109352,72.99294726109352,14.97863440764034,14.97863440764034,16.548435257605465,16.548435257605465,16.35222626232606,16.35222626232606,15.17484340291975,15.17484340291975,-2.2706258157340073,-2.2706258157340073,-2.2614873615224838,-2.2614873615224838,-2.262629386901878,-2.262629386901878,-2.269483790354599,-2.269483790354599,oncoming,oncoming,1,1,vehicle
55310.39999998653,72.9466934676271,72.9466934676271,14.744948263140184,14.744948263140184,16.31574436249075,16.31574436249075,16.119410991700757,16.119410991700757,14.941281633930178,14.941281633930178,-2.3382533287006027,-2.3382533287006027,-2.3284285099628477,-2.3284285099628477,-2.3296563094256726,-2.3296563094256726,-2.337025529237806,-2.337025529237806,oncoming,oncoming,1,1,vehicle
55310.49999998653,72.9016827412088,72.9016827412088,14.510983741906983,14.510983741906983,16.08274955561963,16.08274955561963,15.88629500044766,15.88629500044766,14.707438297078951,14.707438297078951,-2.4584529872332297,-2.4584529872332297,-2.446771018673246,-2.446771018673246,-2.448230904069902,-2.448230904069902,-2.4569931018365736,-2.4569931018365736,oncoming,oncoming,1,1,vehicle
55310.59999998653,72.83834050671611,72.83834050671611,14.253257665684535,14.253257665684535,15.826390158747119,15.826390158747119,15.629764810877791,15.629764810877791,14.449883013553862,14.449883013553862,-2.636027082259716,-2.636027082259716,-2.6229202588326217,-2.6229202588326217,-2.6245582065233037,-2.6245582065233037,-2.6343891345690196,-2.6343891345690196,oncoming,oncoming,1,1,vehicle
55310.69999998654,72.78028573668009,72.78028573668009,13.983778325442676,13.983778325442676,15.558165503840792,15.558165503840792,15.361383359130677,15.361383359130677,14.180560470152791,14.180560470152791,-2.669359737462699,-2.669359737462699,-2.6551068997844,-2.6551068997844,-2.656888062993616,-2.656888062993616,-2.667578574253497,-2.667578574253497,oncoming,oncoming,1,1,vehicle
55310.799999986535,72.7065772111533,72.7065772111533,13.71938571817997,13.71938571817997,15.295368778778252,15.295368778778252,15.098387198267078,15.098387198267078,13.916367298691144,13.916367298691144,-2.7030687379030525,-2.7030687379030525,-2.687696537763358,-2.687696537763358,-2.68961758577953,-2.68961758577953,-2.7011476898868665,-2.7011476898868665,oncoming,oncoming,1,1,vehicle
55310.89999998653,72.63842059754663,72.63842059754663,13.443164577890462,13.443164577890462,15.020626196316366,15.020626196316366,14.823459842003034,14.823459842003034,13.640330932203794,13.640330932203794,-2.754721488886105,-2.754721488886105,-2.7401739947412977,-2.7401739947412977,-2.7419919792314005,-2.7419919792314005,-2.7529035043959738,-2.7529035043959738,oncoming,oncoming,1,1,vehicle
55310.999999986525,72.57258050466822,72.57258050466822,13.16844142043092,13.16844142043092,14.747333979858013,14.747333979858013,14.549988802448834,14.549988802448834,13.3657865978401,13.3657865978401,-2.8095808928258776,-2.8095808928258776,-2.7925416644648493,-2.7925416644648493,-2.7946710371034555,-2.7946710371034555,-2.8074515201872714,-2.8074515201872714,oncoming,oncoming,1,1,vehicle
55311.09999998652,72.48181574035638,72.48181574035638,12.881248399333465,12.881248399333465,14.462117863431523,14.462117863431523,14.264525634590479,14.264525634590479,13.07884062817451,13.07884062817451,-2.9156304766569434,-2.9156304766569434,-2.894543903102047,-2.894543903102047,-2.897179066254594,-2.897179066254594,-2.9129953135044033,-2.9129953135044033,oncoming,oncoming,1,1,vehicle
55311.19999998652,72.37922677239561,72.37922677239561,12.585315325108017,12.585315325108017,14.168425199246027,14.168425199246027,13.970552989206347,13.970552989206347,12.783187535147697,12.783187535147697,-2.923326136428024,-2.923326136428024,-2.9013380242429463,-2.9013380242429463,-2.904085849771974,-2.904085849771974,-2.920578310898989,-2.920578310898989,oncoming,oncoming,1,1,vehicle
55311.29999998652,72.28072144864308,72.28072144864308,12.296583172056367,12.296583172056367,13.88185025859138,13.88185025859138,13.683708464644534,13.683708464644534,12.494724966003213,12.494724966003213,-2.956942212866629,-2.956942212866629,-2.937207549911747,-2.937207549911747,-2.9396737632731913,-2.9396737632731913,-2.954475999505185,-2.954475999505185,oncoming,oncoming,1,1,vehicle
55311.39999998653,72.19920024406048,72.19920024406048,11.99392688252077,11.99392688252077,13.580983689249814,13.580983689249814,13.382618236537839,13.382618236537839,12.192292335232745,12.192292335232745,-3.037787785166543,-3.037787785166543,-3.0142017398929397,-3.0142017398929397,-3.0171492527649093,-3.0171492527649093,-3.0348402722945877,-3.0348402722945877,oncoming,oncoming,1,1,vehicle
55311.499999986525,72.0662496164737,72.0662496164737,11.68902561500996,11.68902561500996,13.279009910599711,13.279009910599711,13.080278614078471,13.080278614078471,11.8877569115312,11.8877569115312,-3.1275918912219254,-3.1275918912219254,-3.102624137181394,-3.102624137181394,-3.105744318224623,-3.105744318224623,-3.124471710178696,-3.124471710178696,oncoming,oncoming,1,1,vehicle
55311.59999998652,71.97271459755093,71.97271459755093,11.368408504285487,11.368408504285487,12.960458861822566,12.960458861822566,12.761469372901955,12.761469372901955,11.567397993206098,11.567397993206098,-3.1842022963103034,-3.1842022963103034,-3.1601564751875983,-3.1601564751875983,-3.1631614410103026,-3.1631614410103026,-3.181197330487599,-3.181197330487599,oncoming,oncoming,1,1,vehicle
55311.69999998652,71.84890298688573,71.84890298688573,11.052185155757167,11.052185155757167,12.64697861557139,12.64697861557139,12.447646325885618,12.447646325885618,11.25151744544294,11.25151744544294,-3.2302648013310176,-3.2302648013310176,-3.201414776341309,-3.201414776341309,-3.205020112515001,-3.205020112515001,-3.22665946515734,-3.22665946515734,oncoming,oncoming,1,1,vehicle
55311.79999998651,71.71277519905836,71.71277519905836,10.722355544053178,10.722355544053178,12.320175906587883,12.320175906587883,12.120465350432575,12.120465350432575,10.922066100208486,10.922066100208486,-3.315929513883397,-3.315929513883397,-3.289181413721316,-3.289181413721316,-3.292524073395434,-3.292524073395434,-3.312586854209279,-3.312586854209279,oncoming,oncoming,1,1,vehicle
55311.89999998651,71.60866568900754,71.60866568900754,10.388999253014008,10.388999253014008,11.989142332860323,11.989142332860323,11.789141511239768,11.789141511239768,10.589000074634564,10.589000074634564,-3.3296701904149657,-3.3296701904149657,-3.3020712253629867,-3.3020712253629867,-3.3055202125870835,-3.3055202125870835,-3.326221203190869,-3.326221203190869,oncoming,oncoming,1,1,vehicle
55311.99999998651,71.46585873877872,71.46585873877872,10.056421505979875,10.056421505979875,11.659761661524895,11.659761661524895,11.459361307924778,11.459361307924778,10.256821859579992,10.256821859579992,-3.3142648449302854,-3.3142648449302854,-3.284716373945571,-3.284716373945571,-3.2884089840320883,-3.2884089840320883,-3.310572234843768,-3.310572234843768,oncoming,oncoming,1,1,vehicle
55312.09999998652,71.34513734123883,71.34513734123883,9.726146283989703,9.726146283989703,11.332199058033236,11.332199058033236,11.131459714395342,11.131459714395342,9.926885627627597,9.926885627627597,-3.3138140481909133,-3.3138140481909133,-3.284336753156552,-3.284336753156552,-3.2880204647640596,-3.2880204647640596,-3.3101303365834127,-3.3101303365834127,oncoming,oncoming,1,1,vehicle
55312.19999998652,71.204008248194,71.204008248194,9.393658696303437,9.393658696303437,11.002894310855602,11.002894310855602,10.801757214933952,10.801757214933952,9.594795792225087,9.594795792225087,-3.2592894116304336,-3.2592894116304336,-3.227985887396045,-3.227985887396045,-3.231897815139291,-3.231897815139291,-3.2553774838871803,-3.2553774838871803,oncoming,oncoming,1,1,vehicle
55312.299999986506,71.06806376573851,71.06806376573851,9.074288401718622,9.074288401718622,10.686601880608503,10.686601880608503,10.485080151422025,10.485080151422025,9.2758101309051,9.2758101309051,-3.319703292902588,-3.319703292902588,-3.2860643125430116,-3.2860643125430116,-3.2902680921147223,-3.2902680921147223,-3.3154995133308702,-3.3154995133308702,oncoming,oncoming,1,1,vehicle
55312.399999986505,70.90752309029905,70.90752309029905,8.729718037777223,8.729718037777223,10.345681448400798,10.345681448400798,10.143703596564869,10.143703596564869,8.931695889613152,8.931695889613152,-3.291261578698389,-3.291261578698389,-3.2543696631746286,-3.2543696631746286,-3.25897994888485,-3.25897994888485,-3.286651292988168,-3.286651292988168,oncoming,oncoming,1,1,vehicle
55312.4999999865,70.74427577670888,70.74427577670888,8.416036085988523,8.416036085988523,10.035727947983048,10.035727947983048,9.83328416165454,9.83328416165454,8.618479872317032,8.618479872317032,-3.195843967066345,-3.195843967066345,-3.158503349362583,-3.158503349362583,-3.163169702626945,-3.163169702626945,-3.1911776138019903,-3.1911776138019903,oncoming,oncoming,1,1,vehicle
55312.5999999865,70.58129035094994,70.58129035094994,8.090549244373255,8.090549244373255,9.713980778537474,9.713980778537474,9.511069656048686,9.511069656048686,8.293460366862043,8.293460366862043,-3.1933647125454954,-3.1933647125454954,-3.1572920082990024,-3.1572920082990024,-3.161799908676528,-3.161799908676528,-3.1888568121679697,-3.1888568121679697,oncoming,oncoming,1,1,vehicle
55312.69999998652,70.43051734393228,70.43051734393228,7.777363143421699,7.777363143421699,9.404269546266146,9.404269546266146,9.200924179862055,9.200924179862055,7.9807085098257895,7.9807085098257895,-3.206053724786642,-3.206053724786642,-3.167732511655842,-3.167732511655842,-3.1725213954436455,-3.1725213954436455,-3.201264840998853,-3.201264840998853,oncoming,oncoming,1,1,vehicle
55312.799999986506,70.24959634412193,70.24959634412193,7.449338499407329,7.449338499407329,9.080434276197614,9.080434276197614,8.876565376951278,8.876565376951278,7.653207398653664,7.653207398653664,-3.3087421469244163,-3.3087421469244163,-3.26909402793558,-3.26909402793558,-3.274048725232163,-3.274048725232163,-3.3037874496278263,-3.3037874496278263,oncoming,oncoming,1,1,vehicle
55312.899999986505,70.08885448860146,70.08885448860146,7.115614714093764,7.115614714093764,8.750450740735221,8.750450740735221,8.546114434871907,8.546114434871907,7.319951019957078,7.319951019957078,-3.291469803428761,-3.291469803428761,-3.2518398895350273,-3.2518398895350273,-3.2567923050277727,-3.2567923050277727,-3.2865173879359943,-3.2865173879359943,oncoming,oncoming,1,1,vehicle
55312.999999986496,69.90983728685949,69.90983728685949,6.79104453875444,6.79104453875444,8.430066298323036,8.430066298323036,8.225206915978204,8.225206915978204,6.995903921099272,6.995903921099272,-3.3066394363580045,-3.3066394363580045,-3.2647561322226224,-3.2647561322226224,-3.2699901394315134,-3.2699901394315134,-3.3014054291491135,-3.3014054291491135,oncoming,oncoming,1,1,vehicle
55313.099999986494,69.73151155683902,69.73151155683902,6.454286826854958,6.454286826854958,8.097499514323067,8.097499514323067,7.892116407018026,7.892116407018026,6.659669934159998,6.659669934159998,-3.238646257798493,-3.238646257798493,-3.194739718672686,-3.194739718672686,-3.200226554443738,-3.200226554443738,-3.2331594220274447,-3.2331594220274447,oncoming,oncoming,1,1,vehicle
55313.199999986486,69.53722979898576,69.53722979898576,6.143315287225854,6.143315287225854,7.791118354619136,7.791118354619136,7.585161605120153,7.585161605120153,6.3492720367248365,6.3492720367248365,-3.2509563339236642,-3.2509563339236642,-3.2060336925166553,-3.2060336925166553,-3.2116474988549655,-3.2116474988549655,-3.245342527585354,-3.245342527585354,oncoming,oncoming,1,1,vehicle
55313.29999998648,69.35226453998625,69.35226453998625,5.804095560126994,5.804095560126994,7.4562927758757205,7.4562927758757205,7.249786907303116,7.249786907303116,6.010601428699599,6.010601428699599,-3.3888421155020048,-3.3888421155020048,-3.3446688163750764,-3.3446688163750764,-3.350188972123135,-3.350188972123135,-3.3833219597539532,-3.3833219597539532,oncoming,oncoming,1,1,vehicle
55313.39999998648,69.16634443069158,69.16634443069158,5.465546864135413,5.465546864135413,7.122184591353959,7.122184591353959,6.9151238107053805,6.9151238107053805,5.672607644783992,5.672607644783992,-3.3766329358998917,-3.3766329358998917,-3.330200778653804,-3.330200778653804,-3.3360032057529097,-3.3360032057529097,-3.3708305088007897,-3.3708305088007897,oncoming,oncoming,1,1,vehicle
55313.49999998648,68.96458418755091,68.96458418755091,5.1287689729321455,5.1287689729321455,6.790252620130263,6.790252620130263,6.582586266137816,6.582586266137816,5.336435326924593,5.336435326924593,-3.369052648090072,-3.369052648090072,-3.321704087268067,-3.321704087268067,-3.327621024485758,-3.327621024485758,-3.3631357108723776,-3.3631357108723776,oncoming,oncoming,1,1,vehicle
55313.59999998649,68.77316636211565,68.77316636211565,4.791736334502672,4.791736334502672,6.45784377388581,6.45784377388581,6.2495996057936685,6.2495996057936685,4.999980502594814,4.999980502594814,-3.3087340339751172,-3.3087340339751172,-3.260555585373421,-3.260555585373421,-3.266576220070089,-3.266576220070089,-3.302713399278442,-3.302713399278442,oncoming,oncoming,1,1,vehicle
55313.699999986486,68.56687785222229,68.56687785222229,4.467022166121781,4.467022166121781,6.138141503040421,6.138141503040421,5.929271022108616,5.929271022108616,4.675892647053586,4.675892647053586,-3.298785883576329,-3.298785883576329,-3.248233358965173,-3.248233358965173,-3.2545506605547807,-3.2545506605547807,-3.292468581986718,-3.292468581986718,oncoming,oncoming,1,1,vehicle
55313.79999998648,68.35828610097953,68.35828610097953,4.13197915782176,4.13197915782176,5.808197102126609,5.808197102126609,5.59868947371661,5.59868947371661,4.341486786231759,4.341486786231759,-3.401718493156821,-3.401718493156821,-3.3498557835950145,-3.3498557835950145,-3.356336801429503,-3.356336801429503,-3.3952374753223395,-3.3952374753223395,oncoming,oncoming,1,1,vehicle
55313.89999998648,68.14385233374003,68.14385233374003,3.7866784674988243,3.7866784674988243,5.4681703463297,5.4681703463297,5.2580036618310135,5.2580036618310135,3.99684515199751,3.99684515199751,-3.3924433261171743,-3.3924433261171743,-3.3372172639569087,-3.3372172639569087,-3.344118570187007,-3.344118570187007,-3.3855420198870725,-3.3855420198870725,oncoming,oncoming,1,1,vehicle
55313.99999998648,67.91073299842706,67.91073299842706,3.4534904925826346,3.4534904925826346,5.140753649319741,5.140753649319741,4.929865759663697,4.929865759663697,3.6643783822386795,3.6643783822386795,-3.389541616933643,-3.389541616933643,-3.3332252372677473,-3.3332252372677473,-3.340262781896506,-3.340262781896506,-3.3825040723048723,-3.3825040723048723,oncoming,oncoming,1,1,vehicle
55314.09999998649,67.69037058517293,67.69037058517293,3.1087701440964595,3.1087701440964595,4.8015252988607395,4.8015252988607395,4.589951105436273,4.589951105436273,3.3203443375209267,3.3203443375209267,-3.4738100159528855,-3.4738100159528855,-3.415243338702279,-3.415243338702279,-3.4225620756669493,-3.4225620756669493,-3.4664912789882187,-3.4664912789882187,oncoming,oncoming,1,1,vehicle
55314.199999986486,67.4424648489429,67.4424648489429,2.758728489377279,2.758728489377279,4.45770498156471,4.45770498156471,4.245353344515706,4.245353344515706,2.9710801264262834,2.9710801264262834,-3.437436042303611,-3.437436042303611,-3.376364515243459,-3.376364515243459,-3.383996253853649,-3.383996253853649,-3.429804303693425,-3.429804303693425,oncoming,oncoming,1,1,vehicle
55314.29999998648,67.20536976629582,67.20536976629582,2.4212829356698355,2.4212829356698355,4.12625239584554,4.12625239584554,3.9131518546991115,3.9131518546991115,2.6343834768162644,2.6343834768162644,-3.3750102637677433,-3.3750102637677433,-3.3151920463400266,-3.3151920463400266,-3.3226671509330643,-3.3226671509330643,-3.367535159174704,-3.367535159174704,oncoming,oncoming,1,1,vehicle
55314.39999998648,66.97080820834664,66.97080820834664,2.083726436633537,2.083726436633537,3.794666572306334,3.794666572306334,3.5808199143387442,3.5808199143387442,2.297573094601127,2.297573094601127,-3.349325503963149,-3.349325503963149,-3.285965436170308,-3.285965436170308,-3.2938831262525134,-3.2938831262525134,-3.341407813880945,-3.341407813880945,oncoming,oncoming,1,1,vehicle
55314.49999998648,66.70948425358192,66.70948425358192,1.751417834862202,1.751417834862202,3.4690593085966985,3.4690593085966985,3.254375229433801,3.254375229433801,1.9661019140250997,1.9661019140250997,-3.295054932460281,-3.295054932460281,-3.2319438726117173,-3.2319438726117173,-3.2398304297374096,-3.2398304297374096,-3.287168375334586,-3.287168375334586,oncoming,oncoming,1,1,vehicle
55314.59999998647,66.4802858638066,66.4802858638066,1.4247154501746375,1.4247154501746375,3.148277797816561,3.148277797816561,2.9328538284239056,2.9328538284239056,1.640139419567293,1.640139419567293,-3.3302704753542587,-3.3302704753542587,-3.2657517740460094,-3.2657517740460094,-3.2738142155071177,-3.2738142155071177,-3.3222080338931494,-3.3222080338931494,oncoming,oncoming,1,1,vehicle
55314.699999986464,66.21199289424865,66.21199289424865,1.0853637398495044,1.0853637398495044,2.8159089538445246,2.8159089538445246,2.5996123863895457,2.5996123863895457,1.301660307304483,1.301660307304483,-3.452856702913473,-3.452856702913473,-3.3844759968320766,-3.3844759968320766,-3.393021026839511,-3.393021026839511,-3.4443116729060392,-3.4443116729060392,oncoming,oncoming,1,1,vehicle
55314.79999998646,65.9568508454724,65.9568508454724,0.7341441096262513,0.7341441096262513,2.4713825984837365,2.4713825984837365,2.254249623089684,2.254249623089684,0.9512770850203038,0.9512770850203038,-3.423606674925004,-3.423606674925004,-3.356333439466127,-3.356333439466127,-3.3647400570480652,-3.3647400570480652,-3.415200057343064,-3.415200057343064,oncoming,oncoming,1,1,vehicle
55314.89999998647,65.701101231706,65.701101231706,0.4006424048508467,0.4006424048508467,2.144642265937941,2.144642265937941,1.926664374966537,1.926664374966537,0.6186202958222508,0.6186202958222508,-3.3361985799583787,-3.3361985799583787,-3.2676450069670366,-3.2676450069670366,-3.2762115981179454,-3.2762115981179454,-3.327631988807469,-3.327631988807469,oncoming,oncoming,1,1,vehicle
55314.99999998647,65.44029977754457,65.44029977754457,0.06690439362002842,0.06690439362002842,1.8178535970760676,1.8178535970760676,1.5990073034517975,1.5990073034517975,0.28575068724429853,0.28575068724429853,-3.4078347670992493,-3.4078347670992493,-3.338304518343273,-3.338304518343273,-3.346993136018016,-3.346993136018016,-3.399146149424508,-3.399146149424508,oncoming,oncoming,1,1,vehicle
55315.09999998647,65.18128703856324,65.18128703856324,-0.28092454858490556,-0.28092454858490556,1.4769813622536883,1.4769813622536883,1.2572657477472977,1.2572657477472977,-0.06120893407851524,-0.06120893407851524,-3.297980201282691,-3.297980201282691,-3.224509160989249,-3.224509160989249,-3.233690202992128,-3.233690202992128,-3.2887991592798125,-3.2887991592798125,oncoming,oncoming,1,1,vehicle
55315.199999986464,64.89560106260312,64.89560106260312,-0.592691646632159,-0.592691646632159,1.172951764882241,1.172951764882241,0.9522692628574361,0.9522692628574361,-0.3720091446073542,-0.3720091446073542,-3.142772075266577,-3.142772075266577,-3.0667817640462474,-3.0667817640462474,-3.0762775934812097,-3.0762775934812097,-3.1332762458316132,-3.1332762458316132,oncoming,oncoming,1,1,vehicle
55315.29999998646,64.62250121369509,64.62250121369509,-0.9094789636065728,-0.9094789636065728,0.8636250094752926,0.8636250094752926,0.6420102290820089,0.6420102290820089,-0.687864183213289,-0.687864183213289,-3.1447380749807943,-3.1447380749807943,-3.0721854401075905,-3.0721854401075905,-3.081251670165673,-3.081251670165673,-3.135671844922711,-3.135671844922711,oncoming,oncoming,1,1,vehicle
55315.39999998647,64.36653499690638,64.36653499690638,-1.2216392616417098,-1.2216392616417098,0.5585146768476177,0.5585146768476177,0.33601892881116047,0.33601892881116047,-0.9991435136052526,-0.9991435136052526,-3.0664948398327105,-3.0664948398327105,-2.993841350673509,-2.993841350673509,-3.002920159459223,-3.002920159459223,-3.0574160310469956,-3.0574160310469956,oncoming,oncoming,1,1,vehicle
55315.49999998647,64.0971362920884,64.0971362920884,-1.5227779315873038,-1.5227779315873038,0.26485673932668763,0.26485673932668763,0.04142619717622542,0.04142619717622542,-1.2993473894368415,-1.2993473894368415,-2.920457593367135,-2.920457593367135,-2.8435100800351103,-2.8435100800351103,-2.853125446121571,-2.853125446121571,-2.910842227280674,-2.910842227280674,oncoming,oncoming,1,1,vehicle
55315.59999998647,63.81476386454028,63.81476386454028,-1.805730780326563,-1.805730780326563,-0.01018733917046355,-0.01018733917046355,-0.23460616042425886,-0.23460616042425886,-1.5813119590727678,-1.5813119590727678,-2.861982916149051,-2.861982916149051,-2.785929084435252,-2.785929084435252,-2.795432750844264,-2.795432750844264,-2.852479249740039,-2.852479249740039,oncoming,oncoming,1,1,vehicle
55315.699999986464,63.556254964177185,63.556254964177185,-2.09517451480784,-2.09517451480784,-0.29232907755122184,-0.29232907755122184,-0.5176603529834698,-0.5176603529834698,-1.8698432393755922,-1.8698432393755922,-2.804082757471731,-2.804082757471731,-2.7282385732068586,-2.7282385732068586,-2.7377160152295854,-2.7377160152295854,-2.7946053154490036,-2.7946053154490036,oncoming,oncoming,1,1,vehicle
55315.799999986455,63.28008208073745,63.28008208073745,-2.3665473317719434,-2.3665473317719434,-0.555835053764194,-0.555835053764194,-0.7821493634223691,-0.7821493634223691,-2.1402330221137684,-2.1402330221137684,-2.623594329609837,-2.623594329609837,-2.5414965930572375,-2.5414965930572375,-2.551755445685391,-2.551755445685391,-2.6133354769816837,-2.6133354769816837,oncoming,oncoming,1,1,vehicle
55315.899999986446,62.98254088132698,62.98254088132698,-2.6198933806839935,-2.6198933806839935,-0.800628396118289,-0.800628396118289,-1.0280114420759885,-1.0280114420759885,-2.392510334726294,-2.392510334726294,-2.5723843084856437,-2.5723843084856437,-2.4925771229513907,-2.4925771229513907,-2.5025497229276255,-2.5025497229276255,-2.5624117085094102,-2.5624117085094102,oncoming,oncoming,1,1,vehicle
55315.999999986445,62.72704957629334,62.72704957629334,-2.8810241934434355,-2.8810241934434355,-1.0543504783297315,-1.0543504783297315,-1.2826593079830415,-1.2826593079830415,-2.6527153637901257,-2.6527153637901257,-2.4765635418774767,-2.4765635418774767,-2.396240120478315,-2.396240120478315,-2.406277197117894,-2.406277197117894,-2.466526465237898,-2.466526465237898,oncoming,oncoming,1,1,vehicle
55316.09999998644,62.43116014708757,62.43116014708757,-3.1152060890522812,-3.1152060890522812,-1.279876420206978,-1.279876420206978,-1.509266881492564,-1.509266881492564,-2.885815627766695,-2.885815627766695,-2.3534437483838744,-2.3534437483838744,-2.2665748251621256,-2.2665748251621256,-2.2774297843966504,-2.2774297843966504,-2.3425887891493495,-2.3425887891493495,oncoming,oncoming,1,1,vehicle
55316.19999998644,62.13596297512739,62.13596297512739,-3.351712943113361,-3.351712943113361,-1.50766544335556,-1.50766544335556,-1.7381452648557434,-1.7381452648557434,-3.121233121613178,-3.121233121613178,-2.2243078225328112,-2.2243078225328112,-2.1410997162879344,-2.1410997162879344,-2.1514971957719666,-2.1514971957719666,-2.213910343048777,-2.213910343048777,oncoming,oncoming,1,1,vehicle
55316.29999998645,61.87006385482878,61.87006385482878,-3.560067653566505,-3.560067653566505,-1.7080963634719213,-1.7080963634719213,-1.939566320654352,-1.939566320654352,-3.328597696384074,-3.328597696384074,-1.9315251472398955,-1.9315251472398955,-1.847421189157906,-1.847421189157906,-1.8579305778660302,-1.8579305778660302,-1.9210157585317749,-1.9210157585317749,oncoming,oncoming,1,1,vehicle
55316.399999986446,61.57420512440486,61.57420512440486,-3.738017972571985,-3.738017972571985,-1.8771496811974895,-1.8771496811974895,-2.1097313804393343,-2.1097313804393343,-3.5054362733301403,-3.5054362733301403,-1.7796549038441931,-1.7796549038441931,-1.6886010035555241,-1.6886010035555241,-1.6999788006349625,-1.6999788006349625,-1.7682771067647565,-1.7682771067647565,oncoming,oncoming,1,1,vehicle
55316.499999986445,61.267502572910736,61.267502572910736,-3.9159986343301645,-3.9159986343301645,-2.0458165641781116,-2.0458165641781116,-2.279562080776397,-2.279562080776397,-3.682253117731879,-3.682253117731879,-1.6152625848087325,-1.6152625848087325,-1.5231414508500531,-1.5231414508500531,-1.5346525672836737,-1.5346525672836737,-1.603751468375112,-1.603751468375112,oncoming,oncoming,1,1,vehicle
55316.59999998644,60.97043665000108,60.97043665000108,-4.061070489529031,-4.061070489529031,-2.181777971363067,-2.181777971363067,-2.4166618938916025,-2.4166618938916025,-3.826186567000495,-3.826186567000495,-1.5191735856373931,-1.5191735856373931,-1.4277632576990928,-1.4277632576990928,-1.4391855148591421,-1.4391855148591421,-1.5077513284773403,-1.5077513284773403,oncoming,oncoming,1,1,vehicle
55316.69999998644,60.674271082522154,60.674271082522154,-4.219833351453222,-4.219833351453222,-2.331369215713775,-2.331369215713775,-2.567399183744037,-2.567399183744037,-3.983803383422959,-3.983803383422959,-1.422948136741173,-1.422948136741173,-1.3305818897050283,-1.3305818897050283,-1.3421235545359114,-1.3421235545359114,-1.4114064719102934,-1.4114064719102934,oncoming,oncoming,1,1,vehicle
55316.79999998643,60.376830697594336,60.376830697594336,-4.345660116865167,-4.345660116865167,-2.447894349292925,-2.447894349292925,-2.6850866047875184,-2.6850866047875184,-4.108467861370574,-4.108467861370574,-1.095462188231764,-1.095462188231764,-0.9999580851569423,-0.9999580851569423,-1.0118917993006171,-1.0118917993006171,-1.0835284740880908,-1.0835284740880908,oncoming,oncoming,1,1,vehicle
55316.89999998644,60.06661717965822,60.06661717965822,-4.438925789091648,-4.438925789091648,-2.5313608327374424,-2.5313608327374424,-2.7697775435964136,-2.7697775435964136,-4.200509078232677,-4.200509078232677,-1.0581455186159374,-1.0581455186159374,-0.9616324709272455,-0.9616324709272455,-0.9736922145849274,-0.9736922145849274,-1.0460857749582537,-1.0460857749582537,oncoming,oncoming,1,1,vehicle
55316.99999998644,59.7687957369639,59.7687957369639,-4.557289220591148,-4.557289220591148,-2.6402208434807246,-2.6402208434807246,-2.87982504770691,-2.87982504770691,-4.317685016364963,-4.317685016364963,-1.0770391915793702,-1.0770391915793702,-0.981369792423747,-0.981369792423747,-0.993324073952385,-0.993324073952385,-1.0650849100507358,-1.0650849100507358,oncoming,oncoming,1,1,vehicle
55317.09999998644,59.469990021536276,59.469990021536276,-4.654333627410673,-4.654333627410673,-2.727634791224916,-2.727634791224916,-2.9684423583896677,-2.9684423583896677,-4.413526060245921,-4.413526060245921,-0.7620285277207834,-0.7620285277207834,-0.6648565408990894,-0.6648565408990894,-0.6769985318279872,-0.6769985318279872,-0.749886536791891,-0.749886536791891,oncoming,oncoming,1,1,vehicle
55317.19999998644,59.16885423344401,59.16885423344401,-4.7096949261416645,-4.7096949261416645,-2.7731921516664904,-2.7731921516664904,-3.0152247540785067,-3.0152247540785067,-4.467662323729649,-4.467662323729649,-0.5992391236387888,-0.5992391236387888,-0.49889173793961916,-0.49889173793961916,-0.5114304582416498,-0.5114304582416498,-0.5867004033367671,-0.5867004033367671,oncoming,oncoming,1,1,vehicle
55317.29999998643,58.85679032148049,58.85679032148049,-4.774181452131663,-4.774181452131663,-2.827413138807128,-2.827413138807128,-3.0707284500321537,-3.0707284500321537,-4.530866140906638,-4.530866140906638,-0.5410506133581343,-0.5410506133581343,-0.4345783193490469,-0.4345783193490469,-0.44788231231142994,-0.44788231231142994,-0.5277466203957495,-0.5277466203957495,oncoming,oncoming,1,1,vehicle
55317.39999998644,58.525166551401426,58.525166551401426,-4.817905048808695,-4.817905048808695,-2.860107815531902,-2.860107815531902,-3.1048012165363703,-3.1048012165363703,-4.573211647804228,-4.573211647804228,-0.390353115472184,-0.390353115472184,-0.2843019661366153,-0.2843019661366153,-0.29755328307115114,-0.29755328307115114,-0.3771017985376446,-0.3771017985376446,oncoming,oncoming,1,1,vehicle
55317.49999998644,58.222328325955324,58.222328325955324,-4.852252075228487,-4.852252075228487,-2.8842735320363126,-2.8842735320363126,-3.1302391066483115,-3.1302391066483115,-4.606286500616488,-4.606286500616488,-0.34100095172574285,-0.34100095172574285,-0.24053241065018227,-0.24053241065018227,-0.25308611720595486,-0.25308611720595486,-0.3284472451699685,-0.3284472451699685,oncoming,oncoming,1,1,vehicle
55317.59999998644,57.93048377785157,57.93048377785157,-4.886105239155297,-4.886105239155297,-2.9082142976629726,-2.9082142976629726,-3.1554184399786473,-3.1554184399786473,-4.638901096839622,-4.638901096839622,-0.24057733228672618,-0.24057733228672618,-0.1337313591067506,-0.1337313591067506,-0.14708187910131265,-0.14708187910131265,-0.2272268122921659,-0.2272268122921659,oncoming,oncoming,1,1,vehicle
55317.69999998644,57.596791502228164,57.596791502228164,-4.900367541688308,-4.900367541688308,-2.9110198038597845,-2.9110198038597845,-3.1596554824707397,-3.1596554824707397,-4.6517318630773525,-4.6517318630773525,-0.0667922941001109,-0.0667922941001109,0.043438262924253124,0.043438262924253124,0.029664891535231774,0.029664891535231774,-0.0530189227110931,-0.0530189227110931,oncoming,oncoming,1,1,vehicle
55317.799999986426,57.291765172347475,57.291765172347475,-4.89946369797636,-4.89946369797636,-2.899526645080961,-2.899526645080961,-3.1494854616742156,-3.1494854616742156,-4.6495048813831055,-4.6495048813831055,-0.08952857213155596,-0.08952857213155596,0.019985264405747216,0.019985264405747216,0.006301509800131555,0.006301509800131555,-0.07584481752593675,-0.07584481752593675,oncoming,oncoming,1,1,vehicle
55317.899999986425,56.969428566906906,56.969428566906906,-4.918273256115924,-4.918273256115924,-2.9070227509817474,-2.9070227509817474,-3.1583951805136,-3.1583951805136,-4.6669008265840715,-4.6669008265840715,-0.10756451507687714,-0.10756451507687714,0.005066463561396617,0.005066463561396617,-0.009006716426373629,-0.009006716426373629,-0.09349133508910867,-0.09349133508910867,oncoming,oncoming,1,1,vehicle
55317.999999986416,56.65351916244461,56.65351916244461,-4.9209766009918114,-4.9209766009918114,-2.898513352369898,-2.898513352369898,-3.1512868049605642,-3.1512868049605642,-4.668203148401146,-4.668203148401146,0.12241125009726161,0.12241125009726161,0.23346437523457375,0.23346437523457375,0.2195884096261036,0.2195884096261036,0.13628721570573177,0.13628721570573177,oncoming,oncoming,1,1,vehicle
55318.099999986414,56.347047381923716,56.347047381923716,-4.893791006095544,-4.893791006095544,-2.8603298759350517,-2.8603298759350517,-3.114477498588455,-3.114477498588455,-4.639643383442141,-4.639643383442141,0.22105987680465944,0.22105987680465944,0.33696774223790626,0.33696774223790626,0.3224852509083185,0.3224852509083185,0.23554236813424367,0.23554236813424367,oncoming,oncoming,1,1,vehicle
55318.19999998641,56.01137834934143,56.01137834934143,-4.876764625631523,-4.876764625631523,-2.8311198039232974,-2.8311198039232974,-3.086789754779839,-3.086789754779839,-4.621094674774982,-4.621094674774982,0.18348585375026616,0.18348585375026616,0.30060990936470766,0.30060990936470766,0.2859755235154591,0.2859755235154591,0.19812023959951475,0.19812023959951475,oncoming,oncoming,1,1,vehicle
55318.29999998642,55.705204465929135,55.705204465929135,-4.8570938353444975,-4.8570938353444975,-2.800207894060674,-2.800207894060674,-3.057282393883982,-3.057282393883982,-4.600019335521189,-4.600019335521189,0.21718022158821526,0.21718022158821526,0.3336880625609613,0.3336880625609613,0.3191307437320887,0.3191307437320887,0.23173754041708605,0.23173754041708605,oncoming,oncoming,1,1,vehicle
55318.39999998642,55.380413785018504,55.380413785018504,-4.83332858131323,-4.83332858131323,-2.764382191410006,-2.764382191410006,-3.0229636060323783,-3.0229636060323783,-4.574747166690858,-4.574747166690858,0.2824183663399715,0.2824183663399715,0.4024334157570788,0.4024334157570788,0.38743795307367535,0.38743795307367535,0.29741382902336966,0.29741382902336966,oncoming,oncoming,1,1,vehicle
55318.499999986416,55.06250727031384,55.06250727031384,-4.800610162077326,-4.800610162077326,-2.7197212109104294,-2.7197212109104294,-2.9797948032703747,-2.9797948032703747,-4.54053656971738,-4.54053656971738,0.07616926433277982,0.07616926433277982,0.19363178380556256,0.19363178380556256,0.1789553227479761,0.1789553227479761,0.09084572539036628,0.09084572539036628,oncoming,oncoming,1,1,vehicle
55318.599999986414,54.758503640289305,54.758503640289305,-4.818094728446896,-4.818094728446896,-2.725655834649457,-2.725655834649457,-2.9871725414833037,-2.9871725414833037,-4.556578021613049,-4.556578021613049,0.07514429295793335,0.07514429295793335,0.195420129644301,0.195420129644301,0.18039223279003558,0.18039223279003558,0.09017218981219699,0.09017218981219699,oncoming,oncoming,1,1,vehicle
55318.69999998641,54.43311728995334,54.43311728995334,-4.785581303485958,-4.785581303485958,-2.680637184982138,-2.680637184982138,-2.9437163567128923,-2.9437163567128923,-4.522502131755203,-4.522502131755203,0.22548107529113537,0.22548107529113537,0.34741001763353196,0.34741001763353196,0.3321756479676736,0.3321756479676736,0.24071544495699726,0.24071544495699726,oncoming,oncoming,1,1,vehicle
55318.79999998642,54.12754544285626,54.12754544285626,-4.772998513389135,-4.772998513389135,-2.656173831122729,-2.656173831122729,-2.920737411889809,-2.920737411889809,-4.508434932622055,-4.508434932622055,0.12331553913256599,0.12331553913256599,0.24426482390152948,0.24426482390152948,0.22915293637087686,0.22915293637087686,0.13842742666321683,0.13842742666321683,oncoming,oncoming,1,1,vehicle
55318.89999998642,53.814543126779355,53.814543126779355,-4.76091819565887,-4.76091819565887,-2.6317842202007604,-2.6317842202007604,-2.8978857694377074,-2.8978857694377074,-4.494816646421923,-4.494816646421923,0.1017720370218278,0.1017720370218278,0.22181621038284938,0.22181621038284938,0.20681748617747608,0.20681748617747608,0.11677076122719754,0.11677076122719754,oncoming,oncoming,1,1,vehicle
55318.999999986416,53.52038162410789,53.52038162410789,-4.752644105985066,-4.752644105985066,-2.611810589046805,-2.611810589046805,-2.8793739146549155,-2.8793739146549155,-4.485080780376956,-4.485080780376956,0.17572200123119686,0.17572200123119686,0.29584287116462704,0.29584287116462704,0.28083464316813433,0.28083464316813433,0.19073022922769312,0.19073022922769312,oncoming,oncoming,1,1,vehicle
55319.099999986414,53.21396057186824,53.21396057186824,-4.725773795413142,-4.725773795413142,-2.572615645968696,-2.572615645968696,-2.841718840804898,-2.841718840804898,-4.45667060057694,-4.45667060057694,0.1700164179646606,0.1700164179646606,0.29517950220127354,0.29517950220127354,0.27954136821371023,0.27954136821371023,0.1856545519522257,0.1856545519522257,oncoming,oncoming,1,1,vehicle
55319.199999986406,52.901659718278864,52.901659718278864,-4.718640822392429,-4.718640822392429,-2.5527746886081486,-2.5527746886081486,-2.8234656410136094,-2.8234656410136094,-4.447949869986969,-4.447949869986969,0.10734694683883816,0.10734694683883816,0.2314635984944129,0.2314635984944129,0.2159562898000047,0.2159562898000047,0.12285425553324458,0.12285425553324458,oncoming,oncoming,1,1,vehicle
55319.2999999864,52.60731607461615,52.60731607461615,-4.704304406047249,-4.704304406047249,-2.5263229262738554,-2.5263229262738554,-2.798527582848668,-2.798527582848668,-4.432099749472436,-4.432099749472436,0.10605511381208999,0.10605511381208999,0.2255091883976359,0.2255091883976359,0.21058450798328288,0.21058450798328288,0.120979794226443,0.120979794226443,oncoming,oncoming,1,1,vehicle
55319.3999999864,52.32435068271416,52.32435068271416,-4.697429799631406,-4.697429799631406,-2.507672850930413,-2.507672850930413,-2.7813487394186946,-2.7813487394186946,-4.423753911143125,-4.423753911143125,0.1787965894937038,0.1787965894937038,0.29974220717541833,0.29974220717541833,0.28463125322132576,0.28463125322132576,0.19390754344779282,0.19390754344779282,oncoming,oncoming,1,1,vehicle
55319.4999999864,52.029325848718734,52.029325848718734,-4.66854508814933,-4.66854508814933,-2.466374484839111,-2.466374484839111,-2.7416013322048025,-2.7416013322048025,-4.393318240783638,-4.393318240783638,0.19496624259677375,0.19496624259677375,0.3172145000047202,0.3172145000047202,0.3019408740272631,0.3019408740272631,0.21023986857423438,0.21023986857423438,oncoming,oncoming,1,1,vehicle
55319.5999999864,51.746434706645275,51.746434706645275,-4.658436551112619,-4.658436551112619,-2.444229950930392,-2.444229950930392,-2.7209605646141206,-2.7209605646141206,-4.38170593742889,-4.38170593742889,0.15898046865989812,0.15898046865989812,0.2801536124686965,0.2801536124686965,0.26501439284109374,0.26501439284109374,0.1741196882875009,0.1741196882875009,oncoming,oncoming,1,1,vehicle
55319.6999999864,51.46284154950859,51.46284154950859,-4.636748994417813,-4.636748994417813,-2.410343762346187,-2.410343762346187,-2.688598453637355,-2.688598453637355,-4.358494303126645,-4.358494303126645,0.15584940820980364,0.15584940820980364,0.2807596314268821,0.2807596314268821,0.2651535918357215,0.2651535918357215,0.17145544780096245,0.17145544780096245,oncoming,oncoming,1,1,vehicle
55319.7999999864,51.1689686728284,51.1689686728284,-4.627266669471112,-4.627266669471112,-2.388078024645833,-2.388078024645833,-2.6679298462477483,-2.6679298462477483,-4.347414847869197,-4.347414847869197,0.09008068298107119,0.09008068298107119,0.21374689800678226,0.21374689800678226,0.1982963656840564,0.1982963656840564,0.10553121530379528,0.10553121530379528,oncoming,oncoming,1,1,vehicle
55319.8999999864,50.89727655293168,50.89727655293168,-4.618732857821275,-4.618732857821275,-2.367594382744027,-2.367594382744027,-2.6489391804998004,-2.6489391804998004,-4.337388060065502,-4.337388060065502,0.16941700473148558,0.16941700473148558,0.2921723847896285,0.2921723847896285,0.2768357372117407,0.2768357372117407,0.18475365230936802,0.18475365230936802,oncoming,oncoming,1,1,vehicle
55319.9999999864,50.613880635850734,50.613880635850734,-4.593383268525298,-4.593383268525298,-2.329643547687903,-2.329643547687903,-2.612562698805456,-2.612562698805456,-4.310464117407745,-4.310464117407745,0.05305572993067642,0.05305572993067642,0.17686501238099694,0.17686501238099694,0.16139677795845664,0.16139677795845664,0.06852396435321495,0.06852396435321495,oncoming,oncoming,1,1,vehicle
55320.0999999864,50.34336954007572,50.34336954007572,-4.608121711835294,-4.608121711835294,-2.3322213802683427,-2.3322213802683427,-2.616659824908579,-2.616659824908579,-4.323683267195058,-4.323683267195058,-0.00641799907458207,-0.00641799907458207,0.11187856931150719,0.11187856931150719,0.09709915208115305,0.09709915208115305,0.008361418155772071,0.008361418155772071,oncoming,oncoming,1,1,vehicle
55320.199999986384,50.09022783375815,50.09022783375815,-4.594666868344206,-4.594666868344206,-2.3072678338315615,-2.3072678338315615,-2.5931428683949393,-2.5931428683949393,-4.308791833780828,-4.308791833780828,0.06736309796037787,0.06736309796037787,0.1870871038469204,0.1870871038469204,0.172129433278144,0.172129433278144,0.08232076852915426,0.08232076852915426,oncoming,oncoming,1,1,vehicle
55320.29999998639,49.8190817580251,49.8190817580251,-4.594649092246838,-4.594649092246838,-2.2948039595035907,-2.2948039595035907,-2.5822339382574557,-2.5822339382574557,-4.307219113492972,-4.307219113492972,0.020299499866386128,0.020299499866386128,0.14286315302458874,0.14286315302458874,0.12755079504824707,0.12755079504824707,0.035611857842720696,0.035611857842720696,oncoming,oncoming,1,1,vehicle
55320.39999998639,49.55898946621415,49.55898946621415,-4.590606968371133,-4.590606968371133,-2.2786952032262855,-2.2786952032262855,-2.5676327093850015,-2.5676327093850015,-4.301669462212417,-4.301669462212417,0.03340776268820633,0.03340776268820633,0.150362826510003,0.150362826510003,0.13575125168458335,0.13575125168458335,0.04801933751362242,0.04801933751362242,oncoming,oncoming,1,1,vehicle
55320.49999998639,49.31735344301245,49.31735344301245,-4.587967539709294,-4.587967539709294,-2.2647313942020277,-2.2647313942020277,-2.555083687920934,-2.555083687920934,-4.297615245990388,-4.297615245990388,-0.011757238836555217,-0.011757238836555217,0.10635413123955928,0.10635413123955928,0.0915981786674731,0.0915981786674731,0.002998713735532732,0.002998713735532732,oncoming,oncoming,1,1,vehicle
55320.5999999864,49.057598617896744,49.057598617896744,-4.592958416139691,-4.592958416139691,-2.257424376978104,-2.257424376978104,-2.549313073651427,-2.549313073651427,-4.301069719466368,-4.301069719466368,0.13029546913311307,0.13029546913311307,0.24717745396405633,0.24717745396405633,0.23257516781447052,0.23257516781447052,0.14489775528270243,0.14489775528270243,oncoming,oncoming,1,1,vehicle
55320.699999986384,48.825930349507786,48.825930349507786,-4.56190844589354,-4.56190844589354,-2.21529590342007,-2.21529590342007,-2.508568654368896,-2.508568654368896,-4.268635694944713,-4.268635694944713,0.3451072070104253,0.3451072070104253,0.46364329593255427,0.46364329593255427,0.4488344458846729,0.4488344458846729,0.3599160570583102,0.3599160570583102,oncoming,oncoming,1,1,vehicle
55320.799999986375,48.5644981570086,48.5644981570086,-4.52393697474564,-4.52393697474564,-2.1646957178024464,-2.1646957178024464,-2.4595461844849935,-2.4595461844849935,-4.229086508063093,-4.229086508063093,0.25602548498556743,0.25602548498556743,0.3755111869238661,0.3755111869238661,0.3605837791340569,0.3605837791340569,0.2709528927753766,0.2709528927753766,oncoming,oncoming,1,1,vehicle
55320.899999986366,48.33357714595685,48.33357714595685,-4.510703348900897,-4.510703348900897,-2.140193666041854,-2.140193666041854,-2.436451898548381,-2.436451898548381,-4.214445116394369,-4.214445116394369,0.08648904320570239,0.08648904320570239,0.19963612188641733,0.19963612188641733,0.1855006816231164,0.1855006816231164,0.10062448346900155,0.10062448346900155,oncoming,oncoming,1,1,vehicle
55320.99999998638,48.10297086288576,48.10297086288576,-4.506639166106123,-4.506639166106123,-2.1247684934262727,-2.1247684934262727,-2.422446048161544,-2.422446048161544,-4.208961611370852,-4.208961611370852,0.10380003572000263,0.10380003572000263,0.2179887916375467,0.2179887916375467,0.2037232919780365,0.2037232919780365,0.11806553537951103,0.11806553537951103,oncoming,oncoming,1,1,vehicle
55321.09999998638,47.87223723125621,47.87223723125621,-4.489943341757526,-4.489943341757526,-2.0965959077136618,-2.0965959077136618,-2.395707240152255,-2.395707240152255,-4.190832009318933,-4.190832009318933,0.07890325836623902,0.07890325836623902,0.19127088850508223,0.19127088850508223,0.17723297541443195,0.17723297541443195,0.0929411714568893,0.0929411714568893,oncoming,oncoming,1,1,vehicle
55321.19999998638,47.65321983518011,47.65321983518011,-4.490858514433105,-4.490858514433105,-2.086514315725813,-2.086514315725813,-2.3869994530791736,-2.3869994530791736,-4.190373377079744,-4.190373377079744,0.06055801564919605,0.06055801564919605,0.17592053775977767,0.17592053775977767,0.16150855892802163,0.16150855892802163,0.07496999448094854,0.07496999448094854,oncoming,oncoming,1,1,vehicle
55321.299999986375,47.415009075237535,47.415009075237535,-4.477831738627863,-4.477831738627863,-2.0614118001622184,-2.0614118001622184,-2.3634055283671205,-2.3634055283671205,-4.175838010422961,-4.175838010422961,0.1789144080494438,0.1789144080494438,0.29085218332830287,0.29085218332830287,0.276868122198735,0.276868122198735,0.19289846917901698,0.19289846917901698,oncoming,oncoming,1,1,vehicle
55321.399999986366,47.213470483990804,47.213470483990804,-4.455075632825746,-4.455075632825746,-2.0283438790636947,-2.0283438790636947,-2.3316258286428426,-2.3316258286428426,-4.1517936832465985,-4.1517936832465985,0.1259538564779099,0.1259538564779099,0.23405545853712084,0.23405545853712084,0.22055071586424901,0.22055071586424901,0.13945859915078174,0.13945859915078174,oncoming,oncoming,1,1,vehicle
55321.499999986365,46.99441183337682,46.99441183337682,-4.452640967335043,-4.452640967335043,-2.0146007084585844,-2.0146007084585844,-2.3192953851979325,-2.3192953851979325,-4.147946290595695,-4.147946290595695,0.18816895911749754,0.18816895911749754,0.29920559517541,0.29920559517541,0.28533426089490277,0.28533426089490277,0.20204029339800655,0.20204029339800655,oncoming,oncoming,1,1,vehicle
55321.59999998637,46.785203412745766,46.785203412745766,-4.417441840999041,-4.417441840999041,-1.9685027600249527,-1.9685027600249527,-2.2745589764602587,-2.2745589764602587,-4.111385624563735,-4.111385624563735,0.21777753815658585,0.21777753815658585,0.3221515802482049,0.3221515802482049,0.3091126432833864,0.3091126432833864,0.2308164751214079,0.2308164751214079,oncoming,oncoming,1,1,vehicle
55321.69999998637,46.595334724289906,46.595334724289906,-4.4090854597008216,-4.4090854597008216,-1.950170392405517,-1.950170392405517,-2.257472856537894,-2.257472856537894,-4.101782995568445,-4.101782995568445,0.044342416512474614,0.044342416512474614,0.14927704209134163,0.14927704209134163,0.13616814467916072,0.13616814467916072,0.05745131392465552,0.05745131392465552,oncoming,oncoming,1,1,vehicle
55321.79999998637,46.38754863853497,46.38754863853497,-4.4085733576966755,-4.4085733576966755,-1.938647351607119,-1.938647351607119,-2.247325347524823,-2.247325347524823,-4.099895361778971,-4.099895361778971,-0.03828396491352137,-0.03828396491352137,0.06927080206091318,0.06927080206091318,0.05583465282285793,0.05583465282285793,-0.0248478156754679,-0.0248478156754679,oncoming,oncoming,1,1,vehicle
55321.899999986366,46.19112224104156,46.19112224104156,-4.416742252683415,-4.416742252683415,-1.9363162319935359,-1.9363162319935359,-2.246305925973485,-2.246305925973485,-4.106752558703466,-4.106752558703466,-0.17044785004562968,-0.17044785004562968,-0.07019420978099333,-0.07019420978099333,-0.08271821085267206,-0.08271821085267206,-0.1579238489739545,-0.1579238489739545,oncoming,oncoming,1,1,vehicle
55321.999999986365,46.013893168013226,46.013893168013226,-4.442662927705306,-4.442662927705306,-1.9526861935631132,-1.9526861935631132,-2.2638689896951165,-2.2638689896951165,-4.131480131573302,-4.131480131573302,-0.09059471214035852,-0.09059471214035852,0.01069553056678707,0.01069553056678707,-0.0019578994449389597,-0.0019578994449389597,-0.07794128212863427,-0.07794128212863427,oncoming,oncoming,1,1,vehicle
55322.09999998637,45.81681044580319,45.81681044580319,-4.434861195109429,-4.434861195109429,-1.9341771258775942,-1.9341771258775942,-2.246697505859954,-2.246697505859954,-4.122340815127069,-4.122340815127069,0.059663276660458564,0.059663276660458564,0.15897924114850426,0.15897924114850426,0.14657250082515105,0.14657250082515105,0.07207001698380822,0.07207001698380822,oncoming,oncoming,1,1,vehicle
55322.19999998637,45.649618246608235,45.649618246608235,-4.430730272372687,-4.430730272372687,-1.9208903453323385,-1.9208903453323385,-2.2345544895290805,-2.2345544895290805,-4.117066128175945,-4.117066128175945,-0.012619617536202554,-0.012619617536202554,0.08223957145382421,0.08223957145382421,0.07038964098831002,0.07038964098831002,-0.0007696870706865866,-0.0007696870706865866,oncoming,oncoming,1,1,vehicle
55322.29999998637,45.47172119445613,45.47172119445613,-4.437385118616632,-4.437385118616632,-1.9177292115870688,-1.9177292115870688,-2.232619577662497,-2.232619577662497,-4.122494752541204,-4.122494752541204,-0.11602223409767376,-0.11602223409767376,-0.017575933874480754,-0.017575933874480754,-0.029873911962363664,-0.029873911962363664,-0.10372425600979085,-0.10372425600979085,oncoming,oncoming,1,1,vehicle
55322.399999986366,45.294178249601394,45.294178249601394,-4.453934719191884,-4.453934719191884,-1.9244055321071833,-1.9244055321071833,-2.2405292719214662,-2.2405292719214662,-4.137810979377601,-4.137810979377601,0.02047637296103133,0.02047637296103133,0.1168117870663341,0.1168117870663341,0.10477756066683241,0.10477756066683241,0.0325105993605348,0.0325105993605348,oncoming,oncoming,1,1,vehicle
55322.499999986365,45.12653902405069,45.12653902405069,-4.433289844024485,-4.433289844024485,-1.894366854174142,-1.894366854174142,-2.2116640655294355,-2.2116640655294355,-4.115992632669192,-4.115992632669192,-0.016394950723114476,-0.016394950723114476,0.08270376018255199,0.08270376018255199,0.07032440626711356,0.07032440626711356,-0.0040155968076796,-0.0040155968076796,oncoming,oncoming,1,1,vehicle
55322.59999998636,44.94192683430288,44.94192683430288,-4.457213709336459,-4.457213709336459,-1.9078647800709139,-1.9078647800709139,-2.2264643906682484,-2.2264643906682484,-4.138614098739125,-4.138614098739125,0.017215320087895947,0.017215320087895947,0.11715653061420461,0.11715653061420461,0.10467199235869273,0.10467199235869273,0.029699858343413155,0.029699858343413155,oncoming,oncoming,1,1,vehicle
55322.69999998636,44.77392944491599,44.77392944491599,-4.429846780006956,-4.429846780006956,-1.8709355480516419,-1.8709355480516419,-2.1907296670580014,-2.1907296670580014,-4.110052661000596,-4.110052661000596,0.013801280135918859,0.013801280135918859,0.10601671677867408,0.10601671677867408,0.09449732989929771,0.09449732989929771,0.025320667015293452,0.025320667015293452,oncoming,oncoming,1,1,vehicle
55322.799999986346,44.6190259052396,44.6190259052396,-4.454453453301953,-4.454453453301953,-1.8866614367093681,-1.8866614367093681,-2.207564924682389,-2.207564924682389,-4.133549965328933,-4.133549965328933,-0.09309746350279724,-0.09309746350279724,-0.005806234201777727,-0.005806234201777727,-0.016710447226101266,-0.016710447226101266,-0.08219325047848258,-0.08219325047848258,oncoming,oncoming,1,1,vehicle
55322.89999998634,44.47042675151037,44.47042675151037,-4.448466272702987,-4.448466272702987,-1.8720967948896499,-1.8720967948896499,-2.1940717565006014,-2.1940717565006014,-4.126491311092036,-4.126491311092036,0.095091173569962,0.095091173569962,0.18017288807310194,0.18017288807310194,0.1695447297455761,0.1695447297455761,0.10571933189748961,0.10571933189748961,oncoming,oncoming,1,1,vehicle
55322.99999998635,44.32519069487217,44.32519069487217,-4.435435218586008,-4.435435218586008,-1.8506268590924537,-1.8506268590924537,-2.1736559787310226,-2.1736559787310226,-4.11240609894744,-4.11240609894744,-0.1512647306550896,-0.1512647306550896,-0.06938618091747983,-0.06938618091747983,-0.07961416569704305,-0.07961416569704305,-0.1410367458755175,-0.1410367458755175,oncoming,oncoming,1,1,vehicle
55323.09999998635,44.189457738150594,44.189457738150594,-4.478719218827571,-4.478719218827571,-1.8859740310656856,-1.8859740310656856,-2.209994589632678,-2.209994589632678,-4.154698660260578,-4.154698660260578,-0.23554705911409002,-0.23554705911409002,-0.15331781815948275,-0.15331781815948275,-0.16358956499014,-0.16358956499014,-0.22527531228343634,-0.22527531228343634,oncoming,oncoming,1,1,vehicle
55323.19999998635,44.04485920393377,44.04485920393377,-4.482544630408141,-4.482544630408141,-1.881290422723904,-1.881290422723904,-2.2063738917285742,-2.2063738917285742,-4.157461161403471,-4.157461161403471,-0.16245396504989884,-0.16245396504989884,-0.07401490243737463,-0.07401490243737463,-0.08506230614240984,-0.08506230614240984,-0.15140656134486719,-0.15140656134486719,oncoming,oncoming,1,1,vehicle
55323.299999986346,43.889935561206144,43.889935561206144,-4.511210011837078,-4.511210011837078,-1.9007770115529452,-1.9007770115529452,-2.2270070508609123,-2.2270070508609123,-4.184979972529111,-4.184979972529111,-0.25538585506499345,-0.25538585506499345,-0.17216314301374425,-0.17216314301374425,-0.18255890075398717,-0.18255890075398717,-0.2449900973247523,-0.2449900973247523,oncoming,oncoming,1,1,vehicle
55323.39999998634,43.764726429441474,43.764726429441474,-4.5336218014189935,-4.5336218014189935,-1.9157230513252295,-1.9157230513252295,-2.242885671877858,-2.242885671877858,-4.206459180866365,-4.206459180866365,-0.31909525469038513,-0.31909525469038513,-0.23885011450171056,-0.23885011450171056,-0.24887388256123089,-0.24887388256123089,-0.3090714866308666,-0.3090714866308666,oncoming,oncoming,1,1,vehicle
55323.499999986336,43.621654529867314,43.621654529867314,-4.575029062773287,-4.575029062773287,-1.9485470344521552,-1.9485470344521552,-2.2767818273719342,-2.2767818273719342,-4.246794269853508,-4.246794269853508,-0.2754828499452451,-0.2754828499452451,-0.19126295529002668,-0.19126295529002668,-0.2017831837447197,-0.2017831837447197,-0.2649626214905503,-0.2649626214905503,oncoming,oncoming,1,1,vehicle
55323.599999986334,43.484839704924596,43.484839704924596,-4.588718371407241,-4.588718371407241,-1.953975642382678,-1.953975642382678,-2.283242308626215,-2.283242308626215,-4.259451705163705,-4.259451705163705,0.005237596198675476,0.005237596198675476,0.08503678912925139,0.08503678912925139,0.07506881010160527,0.07506881010160527,0.015205575226328705,0.015205575226328705,oncoming,oncoming,1,1,vehicle
55323.69999998634,43.358095583711055,43.358095583711055,-4.57398154353146,-4.57398154353146,-1.9315396766239066,-1.9315396766239066,-2.2617680653492527,-2.2617680653492527,-4.243753154806113,-4.243753154806113,-0.13847363458225104,-0.13847363458225104,-0.06531086651174434,-0.06531086651174434,-0.0744498312909112,-0.0744498312909112,-0.12933466980307884,-0.12933466980307884,oncoming,oncoming,1,1,vehicle
55323.79999998634,43.24458715041341,43.24458715041341,-4.616413098320136,-4.616413098320136,-1.9670378156810968,-1.9670378156810968,-2.2981322748805137,-2.2981322748805137,-4.285318639120719,-4.285318639120719,-0.0869762391915927,-0.0869762391915927,-0.013247806506109683,-0.013247806506109683,-0.022457392213848237,-0.022457392213848237,-0.07776665348385237,-0.07776665348385237,oncoming,oncoming,1,1,vehicle
55323.89999998634,43.117400409163245,43.117400409163245,-4.591376791369525,-4.591376791369525,-1.9341892379250898,-1.9341892379250898,-2.266259543791957,-2.266259543791957,-4.259306485502657,-4.259306485502657,0.12987486772729184,0.12987486772729184,0.20799287192429006,0.20799287192429006,0.19823501307868163,0.19823501307868163,0.13963272657289494,0.13963272657289494,oncoming,oncoming,1,1,vehicle
55323.999999986336,42.99097439541652,42.99097439541652,-4.590438124775056,-4.590438124775056,-1.9254392412968444,-1.9254392412968444,-2.258485272265354,-2.258485272265354,-4.257392093806547,-4.257392093806547,-0.06161759386943899,-0.06161759386943899,0.007273248037318325,0.007273248037318325,-0.0013319980002108878,-0.0013319980002108878,-0.053012347831916884,-0.053012347831916884,oncoming,oncoming,1,1,vehicle
55324.099999986334,42.89489947590806,42.89489947590806,-4.603700310143234,-4.603700310143234,-1.9327345883176474,-1.9327345883176474,-2.2665259433919953,-2.2665259433919953,-4.269908955068886,-4.269908955068886,-0.176606620062568,-0.176606620062568,-0.11116521478656693,-0.11116521478656693,-0.11933955456435363,-0.11933955456435363,-0.16843228028477952,-0.16843228028477952,oncoming,oncoming,1,1,vehicle
55324.199999986326,42.78079400947367,42.78079400947367,-4.62575944878513,-4.62575944878513,-1.9476722842524692,-1.9476722842524692,-2.2823531831764425,-2.2823531831764425,-4.291078549861157,-4.291078549861157,-0.06515341446550948,-0.06515341446550948,0.006675417915866788,0.006675417915866788,-0.0022967489175762523,-0.0022967489175762523,-0.05618124763206822,-0.05618124763206822,oncoming,oncoming,1,1,vehicle
55324.29999998633,42.66534049648968,42.66534049648968,-4.616730993031622,-4.616730993031622,-1.9313995047299517,-1.9313995047299517,-2.2669852931709644,-2.2669852931709644,-4.28114520459061,-4.28114520459061,-0.17854623354601173,-0.17854623354601173,-0.11243963663688739,-0.11243963663688739,-0.1206970078460099,-0.1206970078460099,-0.17028886233688567,-0.17028886233688567,oncoming,oncoming,1,1,vehicle
55324.39999998633,42.570552388158916,42.570552388158916,-4.6614686954912,-4.6614686954912,-1.970160211576333,-1.970160211576333,-2.3064925847421787,-2.3064925847421787,-4.3251363223253545,-4.3251363223253545,-0.13778431435208915,-0.13778431435208915,-0.07478909930161315,-0.07478909930161315,-0.08265779864184175,-0.08265779864184175,-0.1299156150118641,-0.1299156150118641,oncoming,oncoming,1,1,vehicle
55324.49999998633,42.46602485062923,42.46602485062923,-4.644287855901639,-4.644287855901639,-1.9463573245900567,-1.9463573245900567,-2.283516852899092,-2.283516852899092,-4.307128327592604,-4.307128327592604,0.0009399688712221632,0.0009399688712221632,0.06455095388814769,0.06455095388814769,0.056605364911320066,0.056605364911320066,0.008885557848049785,0.008885557848049785,oncoming,oncoming,1,1,vehicle
55324.59999998633,42.370188302087705,42.370188302087705,-4.661280701716958,-4.661280701716958,-1.9572500207988914,-1.9572500207988914,-2.2951715117600795,-2.2951715117600795,-4.32335921075577,-4.32335921075577,-0.10005114500084034,-0.10005114500084034,-0.03875109971230728,-0.03875109971230728,-0.04640800491451991,-0.04640800491451991,-0.09239423979862238,-0.09239423979862238,oncoming,oncoming,1,1,vehicle
55324.699999986326,42.27385137601116,42.27385137601116,-4.664298084901516,-4.664298084901516,-1.9541075445324054,-1.9541075445324054,-2.292798453881861,-2.292798453881861,-4.32560717555206,-4.32560717555206,-0.06553967844932274,-0.06553967844932274,-0.0038713525357998435,-0.0038713525357998435,-0.011574233565241343,-0.011574233565241343,-0.057836797419881236,-0.057836797419881236,oncoming,oncoming,1,1,vehicle
55324.79999998632,42.1777346645811,42.1777346645811,-4.67438863740564,-4.67438863740564,-1.9580242913054984,-1.9580242913054984,-2.2974863584724963,-2.2974863584724963,-4.334926570238642,-4.334926570238642,-0.20127225280939953,-0.20127225280939953,-0.14320325896915875,-0.14320325896915875,-0.1504565309891337,-0.1504565309891337,-0.19401898078942992,-0.19401898078942992,oncoming,oncoming,1,1,vehicle
55324.89999998632,42.09340360475998,42.09340360475998,-4.704552535465731,-4.704552535465731,-1.9827481963288485,-1.9827481963288485,-2.322889760082264,-2.322889760082264,-4.364410971712315,-4.364410971712315,-0.08968107957993254,-0.08968107957993254,-0.03472967132627325,-0.03472967132627325,-0.04159351060786065,-0.04159351060786065,-0.08281724029834336,-0.08281724029834336,oncoming,oncoming,1,1,vehicle
55324.99999998632,42.00770938647864,42.00770938647864,-4.692324853325102,-4.692324853325102,-1.9649702255739971,-1.9649702255739971,-2.3058050605973417,-2.3058050605973417,-4.3514900183017575,-4.3514900183017575,0.03423165636787573,0.03423165636787573,0.0896098491616506,0.0896098491616506,0.08269272199305,0.08269272199305,0.04114878353648166,0.04114878353648166,oncoming,oncoming,1,1,vehicle
55325.09999998632,41.922745881538994,41.922745881538994,-4.697706204192255,-4.697706204192255,-1.964826226496779,-1.964826226496779,-2.306351215683895,-2.306351215683895,-4.356181215005139,-4.356181215005139,-0.12587625733582897,-0.12587625733582897,-0.07056557067247837,-0.07056557067247837,-0.07747424492888477,-0.07747424492888477,-0.11896758307942079,-0.11896758307942079,oncoming,oncoming,1,1,vehicle
55325.19999998632,41.83795036747447,41.83795036747447,-4.717500104791902,-4.717500104791902,-1.9790833397082872,-1.9790833397082872,-2.3212999095828932,-2.3212999095828932,-4.375283534917296,-4.375283534917296,-0.2517387962071247,-0.2517387962071247,-0.19638102884510644,-0.19638102884510644,-0.20329556286598738,-0.20329556286598738,-0.24482426218624553,-0.24482426218624553,oncoming,oncoming,1,1,vehicle
55325.29999998632,41.75352776056742,41.75352776056742,-4.748053963432947,-4.748053963432947,-2.0041024322652286,-2.0041024322652286,-2.3470103282565007,-2.3470103282565007,-4.405146067441676,-4.405146067441676,-0.19275258204323364,-0.19275258204323364,-0.1407468876400415,-0.1407468876400415,-0.147242708093259,-0.147242708093259,-0.18625676159001614,-0.18625676159001614,oncoming,oncoming,1,1,vehicle
55325.39999998632,41.67958106830199,41.67958106830199,-4.756050621199749,-4.756050621199749,-2.0072327172353175,-2.0072327172353175,-2.350748451200589,-2.350748451200589,-4.412534887234477,-4.412534887234477,-0.23744209606876865,-0.23744209606876865,-0.1914310474316565,-0.1914310474316565,-0.19717808540218051,-0.19717808540218051,-0.23169505809824642,-0.23169505809824642,oncoming,oncoming,1,1,vehicle
55325.49999998632,41.613916277125135,41.613916277125135,-4.795542382645446,-4.795542382645446,-2.0423886417500654,-2.0423886417500654,-2.3864459453354723,-2.3864459453354723,-4.451485079060039,-4.451485079060039,-0.38689504080526405,-0.38689504080526405,-0.3374209123517531,-0.3374209123517531,-0.34360049067771925,-0.34360049067771925,-0.3807154624792979,-0.3807154624792979,oncoming,oncoming,1,1,vehicle
55325.59999998631,41.53002917046216,41.53002917046216,-4.833429629356977,-4.833429629356977,-2.0747168997024366,-2.0747168997024366,-2.4194685493328274,-2.4194685493328274,-4.488677979726586,-4.488677979726586,-0.37381640578476194,-0.37381640578476194,-0.32176587702726245,-0.32176587702726245,-0.328267244805712,-0.328267244805712,-0.36731503800631415,-0.36731503800631415,oncoming,oncoming,1,1,vehicle
55325.69999998631,41.45709980315011,41.45709980315011,-4.870305663798518,-4.870305663798518,-2.1067418171522183,-2.1067418171522183,-2.4520993942932425,-2.4520993942932425,-4.524948086657494,-4.524948086657494,-0.178257455175725,-0.178257455175725,-0.12546952253223864,-0.12546952253223864,-0.13206297517513477,-0.13206297517513477,-0.17166400253282887,-0.17166400253282887,oncoming,oncoming,1,1,vehicle
55325.79999998631,41.37163847246958,41.37163847246958,-4.869081120391603,-4.869081120391603,-2.099810804208519,-2.099810804208519,-2.44588114436747,-2.44588114436747,-4.523010780232652,-4.523010780232652,0.012535424289332298,0.012535424289332298,0.06968703271245147,0.06968703271245147,0.0625485580320646,0.0625485580320646,0.019673898969717385,0.019673898969717385,oncoming,oncoming,1,1,vehicle
55325.89999998631,41.28626983865577,41.28626983865577,-4.867798578940688,-4.867798578940688,-2.092804410609931,-2.092804410609931,-2.4395896826870116,-2.4395896826870116,-4.521013306863607,-4.521013306863607,0.12729922090183976,0.12729922090183976,0.18117509666306297,0.18117509666306297,0.17444579475319344,0.17444579475319344,0.13402852281170752,0.13402852281170752,oncoming,oncoming,1,1,vehicle
55325.99999998631,41.21122361522161,41.21122361522161,-4.843621276211605,-4.843621276211605,-2.063575784876434,-2.063575784876434,-2.410991985417339,-2.410991985417339,-4.496205075670701,-4.496205075670701,0.029347086150178114,0.029347086150178114,0.07696773837261972,0.07696773837261972,0.07101975453677412,0.07101975453677412,0.03529506998602727,0.03529506998602727,oncoming,oncoming,1,1,vehicle
55326.09999998631,41.144999495526356,41.144999495526356,-4.861929161713615,-4.861929161713615,-2.077410862938204,-2.077410862938204,-2.425385731782475,-2.425385731782475,-4.513954292869344,-4.513954292869344,0.17680336821957,0.17680336821957,0.21240157455292064,0.21240157455292064,0.2079552452305986,0.2079552452305986,0.18124969754189735,0.18124969754189735,oncoming,oncoming,1,1,vehicle
55326.19999998631,41.1059107179053,41.1059107179053,-4.808260602572156,-4.808260602572156,-2.0210954699700263,-2.0210954699700263,-2.369400936375432,-2.369400936375432,-4.459955136166751,-4.459955136166751,0.180975187865144,0.180975187865144,0.22546821029034625,0.22546821029034625,0.21991090673001246,0.21991090673001246,0.18653249142547423,0.18653249142547423,oncoming,oncoming,1,1,vehicle
55326.2999999863,41.01387783130245,41.01387783130245,-4.825734124137254,-4.825734124137254,-2.0323172208775175,-2.0323172208775175,-2.381403550433766,-2.381403550433766,-4.476647794581006,-4.476647794581006,-0.09943470502964757,-0.09943470502964757,-0.03900043045621793,-0.03900043045621793,-0.046548823335195166,-0.046548823335195166,-0.09188631215067034,-0.09188631215067034,oncoming,oncoming,1,1,vehicle
55326.3999999863,40.928349851326864,40.928349851326864,-4.8281475435759775,-4.8281475435759775,-2.0288955560598074,-2.0288955560598074,-2.3787107010409274,-2.3787107010409274,-4.4783323985948575,-4.4783323985948575,0.20780826695214927,0.20780826695214927,0.2694230853308337,0.2694230853308337,0.2617272669903308,0.2617272669903308,0.21550408529265042,0.21550408529265042,oncoming,oncoming,1,1,vehicle
55326.4999999863,40.833671085735745,40.833671085735745,-4.784172470747429,-4.784172470747429,-1.978432603812135,-1.978432603812135,-2.3290580970364614,-2.3290580970364614,-4.433546977523103,-4.433546977523103,-0.04742176708511181,-0.04742176708511181,0.003481977933468272,0.003481977933468272,-0.0028759881968198897,-0.0028759881968198897,-0.041063800954830754,-0.041063800954830754,oncoming,oncoming,1,1,vehicle
55326.5999999863,40.77997563906739,40.77997563906739,-4.837631896992862,-4.837631896992862,-2.028199160473124,-2.028199160473124,-2.379285898680283,-2.379285898680283,-4.486545158785704,-4.486545158785704,-0.21845807686742091,-0.21845807686742091,-0.17418825438880248,-0.17418825438880248,-0.1797176139875294,-0.1797176139875294,-0.21292871726868867,-0.21292871726868867,oncoming,oncoming,1,1,vehicle
55326.6999999863,40.70516777059979,40.70516777059979,-4.827864086120278,-4.827864086120278,-2.013270254689388,-2.013270254689388,-2.3650016198334445,-2.3650016198334445,-4.476132720976222,-4.476132720976222,0.0679918075489887,0.0679918075489887,0.11571601306705048,0.11571601306705048,0.10975520998614563,0.10975520998614563,0.07395261062989889,0.07395261062989889,oncoming,oncoming,1,1,vehicle
55326.7999999863,40.64184234026671,40.64184234026671,-4.824033535483199,-4.824033535483199,-2.0050559578596974,-2.0050559578596974,-2.357334856683056,-2.357334856683056,-4.47175463665984,-4.47175463665984,-0.05874106611936725,-0.05874106611936725,-0.011289731665664604,-0.011289731665664604,-0.01721643571728393,-0.01721643571728393,-0.05281436206774259,-0.05281436206774259,oncoming,oncoming,1,1,vehicle
55326.899999986286,40.56832390661348,40.56832390661348,-4.839612299339316,-4.839612299339316,-2.015528201018327,-2.015528201018327,-2.3684449069726274,-2.3684449069726274,-4.486695593385015,-4.486695593385015,-0.06509760377626961,-0.06509760377626961,-0.013627471584555906,-0.013627471584555906,-0.02005610884507192,-0.02005610884507192,-0.05866896651575715,-0.05866896651575715,oncoming,oncoming,1,1,vehicle
55326.99999998629,40.49391121042387,40.49391121042387,-4.837053056233831,-4.837053056233831,-2.007781452172493,-2.007781452172493,-2.3613460784478915,-2.3613460784478915,-4.483488429958433,-4.483488429958433,0.1912323073381721,0.1912323073381721,0.2435808245603237,0.2435808245603237,0.23704249591595605,0.23704249591595605,0.19777063598253264,0.19777063598253264,oncoming,oncoming,1,1,vehicle
55327.09999998629,40.418420006796175,40.418420006796175,-4.801365837873257,-4.801365837873257,-1.9668120361076162,-1.9668120361076162,-2.3210364077908174,-2.3210364077908174,-4.447141466190056,-4.447141466190056,0.05055853218460271,0.05055853218460271,0.09885770143207928,0.09885770143207928,0.09282515260650293,0.09282515260650293,0.05659108101017907,0.05659108101017907,oncoming,oncoming,1,1,vehicle
55327.19999998629,40.35606929758075,40.35606929758075,-4.826941349797058,-4.826941349797058,-1.9880099118863648,-1.9880099118863648,-2.342781047926861,-2.342781047926861,-4.472170213756561,-4.472170213756561,-0.08947257920171126,-0.08947257920171126,-0.04531731613105627,-0.04531731613105627,-0.05083227733307538,-0.05083227733307538,-0.08395761799969037,-0.08395761799969037,oncoming,oncoming,1,1,vehicle
55327.29999998629,40.292836210878676,40.292836210878676,-4.8192603537133385,-4.8192603537133385,-1.9758754993336953,-1.9758754993336953,-2.3312028632572845,-2.3312028632572845,-4.4639329897897495,-4.4639329897897495,0.05776245346135056,0.05776245346135056,0.10240593166994216,0.10240593166994216,0.09683000677321729,0.09683000677321729,0.06333837835807543,0.06333837835807543,oncoming,oncoming,1,1,vehicle
55327.399999986286,40.229491883103094,40.229491883103094,-4.815388859104956,-4.815388859104956,-1.9675287255526746,-1.9675287255526746,-2.3234150465724994,-2.3234150465724994,-4.459502538085131,-4.459502538085131,0.03895699600713698,0.03895699600713698,0.08375827455926732,0.08375827455926732,0.07816265479988793,0.07816265479988793,0.04455261576651992,0.04455261576651992,oncoming,oncoming,1,1,vehicle
55327.49999998629,40.16620967397232,40.16620967397232,-4.811468954511737,-4.811468954511737,-1.9591238444214718,-1.9591238444214718,-2.3155703322969616,-2.3155703322969616,-4.4550224666362475,-4.4550224666362475,0.0025351030852682754,0.0025351030852682754,0.04732716133094783,0.04732716133094783,0.0417327074507039,0.0417327074507039,0.008129556965510432,0.008129556965510432,oncoming,oncoming,1,1,vehicle
55327.59999998628,40.10328820117227,40.10328820117227,-4.814881838486842,-4.814881838486842,-1.9580632932855542,-1.9580632932855542,-2.3150685050814115,-2.3150685050814115,-4.457876626690985,-4.457876626690985,0.0450280767851261,0.0450280767851261,0.09808404136522597,0.09808404136522597,0.09145745938061545,0.09145745938061545,0.051654658769738404,0.051654658769738404,oncoming,oncoming,1,1,vehicle
55327.69999998628,40.017276968898884,40.017276968898884,-4.802463339154018,-4.802463339154018,-1.9395070361481526,-1.9395070361481526,-2.2972788404205122,-2.2972788404205122,-4.444691534881659,-4.444691534881659,0.051104433642677805,0.051104433642677805,0.10038833627346122,0.10038833627346122,0.09423289157557235,0.09423289157557235,0.05725987834056667,0.05725987834056667,oncoming,oncoming,1,1,vehicle
55327.79999998628,39.965339747261076,39.965339747261076,-4.804660951758455,-4.804660951758455,-1.9379856260311543,-1.9379856260311543,-2.296221926766571,-2.296221926766571,-4.4464246510230385,-4.4464246510230385,-0.054322088826904036,-0.054322088826904036,-0.019907974660409167,-0.019907974660409167,-0.02420620594400269,-0.02420620594400269,-0.050023857543308736,-0.050023857543308736,oncoming,oncoming,1,1,vehicle
55327.89999998628,39.92126231327881,39.92126231327881,-4.813327756919241,-4.813327756919241,-1.9434886310801764,-1.9434886310801764,-2.3021200816092424,-2.3021200816092424,-4.454696306390175,-4.454696306390175,-0.33366202881978424,-0.33366202881978424,-0.2998729389816823,-0.2998729389816823,-0.3040930975336842,-0.3040930975336842,-0.32944187026778593,-0.32944187026778593,oncoming,oncoming,1,1,vehicle
55327.99999998628,39.871308905319,39.871308905319,-4.871393357521441,-4.871393357521441,-1.997960213826618,-1.997960213826618,-2.357040546272423,-2.357040546272423,-4.5123130250756365,-4.5123130250756365,-0.08446732480327057,-0.08446732480327057,-0.04319661715569545,-0.04319661715569545,-0.04835119631350615,-0.04835119631350615,-0.07931274564546342,-0.07931274564546342,oncoming,oncoming,1,1,vehicle
55328.09999998628,39.80672336688125,39.80672336688125,-4.830221221873044,-4.830221221873044,-1.9521279545042056,-1.9521279545042056,-2.3117903208648665,-2.3117903208648665,-4.470558855512383,-4.470558855512383,0.24434514726453926,0.24434514726453926,0.29058327125117067,0.29058327125117067,0.28480829130377394,0.28480829130377394,0.250120127211936,0.250120127211936,oncoming,oncoming,1,1,vehicle
55328.19999998628,39.743348236589036,39.743348236589036,-4.822524328065031,-4.822524328065031,-1.9398435595726746,-1.9398435595726746,-2.3000788880079845,-2.3000788880079845,-4.46228899962972,-4.46228899962972,-0.054914480132712384,-0.054914480132712384,-0.020139487763904285,-0.020139487763904285,-0.02448275387672183,-0.02448275387672183,-0.05057121401989306,-0.05057121401989306,oncoming,oncoming,1,1,vehicle
55328.29999998626,39.71072070757296,39.71072070757296,-4.84120411789247,-4.84120411789247,-1.9561558520502464,-1.9561558520502464,-2.3166868716334235,-2.3166868716334235,-4.480673098309293,-4.480673098309293,-0.14837682414440323,-0.14837682414440323,-0.11374679840245427,-0.11374679840245427,-0.11807194731381365,-0.11807194731381365,-0.14405167523304385,-0.14405167523304385,oncoming,oncoming,1,1,vehicle
55328.39999998627,39.64804843982984,39.64804843982984,-4.852199692889604,-4.852199692889604,-1.9625929192484142,-1.9625929192484142,-2.3236932774660515,-2.3236932774660515,-4.491099334671967,-4.491099334671967,-0.0732320587100368,-0.0732320587100368,-0.02740503217778567,-0.02740503217778567,-0.03312862926433091,-0.03312862926433091,-0.06750846162349333,-0.06750846162349333,oncoming,oncoming,1,1,vehicle
55328.49999998627,39.584911425281284,39.584911425281284,-4.855850529636399,-4.855850529636399,-1.9616368584871986,-1.9616368584871986,-2.3233125974877504,-2.3233125974877504,-4.494174790635847,-4.494174790635847,-0.07499062768946274,-0.07499062768946274,-0.03988516443458501,-0.03988516443458501,-0.044269675872097736,-0.044269675872097736,-0.07060611625195534,-0.07060611625195534,oncoming,oncoming,1,1,vehicle
55328.59999998627,39.55190533144224,39.55190533144224,-4.867197818427279,-4.867197818427279,-1.970569952135215,-1.970569952135215,-2.332547212640342,-2.332547212640342,-4.5052205579221525,-4.5052205579221525,-0.19937248931228524,-0.19937248931228524,-0.168661249092926,-0.168661249092926,-0.17249693295610236,-0.17249693295610236,-0.19553680544911245,-0.19553680544911245,oncoming,oncoming,1,1,vehicle
55328.69999998627,39.50104451639877,39.50104451639877,-4.895725027498276,-4.895725027498276,-1.9953691083052931,-1.9953691083052931,-2.357811984078469,-2.357811984078469,-4.5332821517251,-4.5332821517251,-0.1494799481874871,-0.1494799481874871,-0.11453694083481913,-0.11453694083481913,-0.1189011445557302,-0.1189011445557302,-0.1451157444665725,-0.1451157444665725,oncoming,oncoming,1,1,vehicle
55328.79999998626,39.45666877724873,39.45666877724873,-4.89709380806523,-4.89709380806523,-1.993477340302954,-1.993477340302954,-2.3563274415522235,-2.3563274415522235,-4.5342437068159605,-4.5342437068159605,-0.11264634799394813,-0.11264634799394813,-0.07748069680510916,-0.07748069680510916,-0.08187269804284902,-0.08187269804284902,-0.10825434675620826,-0.10825434675620826,oncoming,oncoming,1,1,vehicle
55328.89999998626,39.40544849740407,39.40544849740407,-4.918254297097358,-4.918254297097358,-2.0108652476669286,-2.0108652476669286,-2.374186523687612,-2.374186523687612,-4.554933021076675,-4.554933021076675,-0.20048900797581126,-0.20048900797581126,-0.16957990729848404,-0.16957990729848404,-0.17344028184369975,-0.17344028184369975,-0.196628633430592,-0.196628633430592,oncoming,oncoming,1,1,vehicle
55328.99999998626,39.3728077833731,39.3728077833731,-4.937191609661106,-4.937191609661106,-2.0273933217633284,-2.0273933217633284,-2.3910154979216456,-2.3910154979216456,-4.573569433502788,-4.573569433502788,-0.34012179593525005,-0.34012179593525005,-0.31645526179268124,-0.31645526179268124,-0.3194110748677019,-0.3194110748677019,-0.3371659828602347,-0.3371659828602347,oncoming,oncoming,1,1,vehicle
55329.09999998626,39.34137213342386,39.34137213342386,-4.9862786562837,-4.9862786562837,-2.0741563000246463,-2.0741563000246463,-2.4380687386603475,-2.4380687386603475,-4.622366217647999,-4.622366217647999,-0.4087927305234622,-0.4087927305234622,-0.37835995958279867,-0.37835995958279867,-0.3821608296212453,-0.3821608296212453,-0.40499186048502267,-0.40499186048502267,oncoming,oncoming,1,1,vehicle
55329.19999998626,39.29058647008455,39.29058647008455,-5.018950155764609,-5.018950155764609,-2.103065313678787,-2.103065313678787,-2.467447663844782,-2.467447663844782,-4.654567805598614,-4.654567805598614,-0.16476773017188862,-0.16476773017188862,-0.1335207978335724,-0.1335207978335724,-0.13742334625944608,-0.13742334625944608,-0.16086518174601494,-0.16086518174601494,oncoming,oncoming,1,1,vehicle
55329.29999998626,39.257090396748254,39.257090396748254,-5.019232202317598,-5.019232202317598,-2.1008604595909723,-2.1008604595909723,-2.4655534079118366,-2.4655534079118366,-4.654539253996734,-4.654539253996734,-0.00933807543474785,-0.00933807543474785,0.019644560042266335,0.019644560042266335,0.01602481574903436,0.01602481574903436,-0.00571833114150877,-0.00571833114150877,oncoming,oncoming,1,1,vehicle
55329.39999998626,39.21260144762343,39.21260144762343,-5.020817770851531,-5.020817770851531,-2.099136401670391,-2.099136401670391,-2.464242700695022,-2.464242700695022,-4.6557114718268995,-4.6557114718268995,-0.10365986805273408,-0.10365986805273408,-0.0749352388274378,-0.0749352388274378,-0.07852275464450109,-0.07852275464450109,-0.10007235223567434,-0.10007235223567434,oncoming,oncoming,1,1,vehicle
55329.49999998626,39.17992975546587,39.17992975546587,-5.0399641759298754,-5.0399641759298754,-2.1158475073581284,-2.1158475073581284,-2.481257958842413,-2.481257958842413,-4.674553724445591,-4.674553724445591,-0.1344082271948679,-0.1344082271948679,-0.10992171348173585,-0.10992171348173585,-0.1129799115983392,-0.1129799115983392,-0.13135002907826632,-0.13135002907826632,oncoming,oncoming,1,1,vehicle
55329.59999998626,39.14695506602599,39.14695506602599,-5.0476994162919215,-5.0476994162919215,-2.12112074436805,-2.12112074436805,-2.486838683016015,-2.486838683016015,-4.681981477643957,-4.681981477643957,-0.04005834971324873,-0.04005834971324873,-0.015241518064186721,-0.015241518064186721,-0.01834096615375458,-0.01834096615375458,-0.03695890162367732,-0.03695890162367732,oncoming,oncoming,1,1,vehicle
55329.69999998625,39.11350997289402,39.11350997289402,-5.04797584587266,-5.04797584587266,-2.118895810971356,-2.118895810971356,-2.4849261520735224,-2.4849261520735224,-4.681945504770494,-4.681945504770494,-0.047092062808648194,-0.047092062808648194,-0.01806894016345062,-0.01806894016345062,-0.021693718353070324,-0.021693718353070324,-0.043467284619026714,-0.043467284619026714,oncoming,oncoming,1,1,vehicle
55329.79999998625,39.06943030557337,39.06943030557337,-5.0571178288538166,-5.0571178288538166,-2.124734532401143,-2.124734532401143,-2.4911774266870017,-2.4911774266870017,-4.690674934567958,-4.690674934567958,-0.1041360807170264,-0.1041360807170264,-0.07522506644328253,-0.07522506644328253,-0.07883583783483061,-0.07883583783483061,-0.1005253093254801,-0.1005253093254801,oncoming,oncoming,1,1,vehicle
55329.89999998625,39.03641576222144,39.03641576222144,-5.068803062015762,-5.068803062015762,-2.1339408242597937,-2.1339408242597937,-2.500693319640259,-2.500693319640259,-4.702050566635297,-4.702050566635297,-0.23148286118163952,-0.23148286118163952,-0.2069459479426108,-0.2069459479426108,-0.21001042138130543,-0.21001042138130543,-0.22841838774294843,-0.22841838774294843,oncoming,oncoming,1,1,vehicle
55329.99999998625,39.00412779989588,39.00412779989588,-5.103414401089471,-5.103414401089471,-2.166123721989063,-2.166123721989063,-2.5331795109626514,-2.5331795109626514,-4.7363586121158825,-4.7363586121158825,-0.2201386817051585,-0.2201386817051585,-0.20252598722058046,-0.20252598722058046,-0.20472567620615223,-0.20472567620615223,-0.2179389927195885,-0.2179389927195885,oncoming,oncoming,1,1,vehicle
55330.09999998625,38.989598381329664,38.989598381329664,-5.112830798356153,-5.112830798356153,-2.17444602170332,-2.17444602170332,-2.5416384548808937,-2.5416384548808937,-4.74563836517858,-4.74563836517858,-0.189241092384151,-0.189241092384151,-0.17858416653783848,-0.17858416653783848,-0.17991513259465464,-0.17991513259465464,-0.18791012632733484,-0.18791012632733484,oncoming,oncoming,1,1,vehicle
55330.19999998625,38.97583337458891,38.97583337458891,-5.1412626195685105,-5.1412626195685105,-2.201840555298798,-2.201840555298798,-2.569162537483755,-2.569162537483755,-4.773940637383554,-4.773940637383554,0.008561935099230311,0.008561935099230311,0.02678802273820402,0.02678802273820402,0.024511730500272222,0.024511730500272222,0.010838227337163886,0.010838227337163886,oncoming,oncoming,1,1,vehicle
55330.29999998624,38.9412685117564,38.9412685117564,-5.111118411349181,-5.111118411349181,-2.169088417169081,-2.169088417169081,-2.536736108794175,-2.536736108794175,-4.743470719724087,-4.743470719724087,0.20674906078559374,0.20674906078559374,0.2325310284594373,0.2325310284594373,0.22931107077428514,0.22931107077428514,0.20996901847075122,0.20996901847075122,oncoming,oncoming,1,1,vehicle
55330.39999998624,38.90755093552959,38.90755093552959,-5.099912807417631,-5.099912807417631,-2.155334349613426,-2.155334349613426,-2.523300323335379,-2.523300323335379,-4.7319468336956785,-4.7319468336956785,-0.002506971624619325,-0.002506971624619325,0.022692836598306343,0.022692836598306343,0.01954559061118566,0.01954559061118566,0.0006402743624995821,0.0006402743624995821,oncoming,oncoming,1,1,vehicle
55330.49999998624,38.87464340672064,38.87464340672064,-5.111619805672449,-5.111619805672449,-2.164549849847649,-2.164549849847649,-2.5328269906701815,-2.5328269906701815,-4.743342664849917,-4.743342664849917,-0.06806456297610097,-0.06806456297610097,-0.04993533794847593,-0.04993533794847593,-0.05219952457611576,-0.05219952457611576,-0.06580037634845581,-0.06580037634845581,oncoming,oncoming,1,1,vehicle
55330.59999998624,38.859679454344935,38.859679454344935,-5.113525720012653,-5.113525720012653,-2.1653214172029758,-2.1653214172029758,-2.53374022825045,-2.53374022825045,-4.7451069089651785,-4.7451069089651785,0.10426054407146879,0.10426054407146879,0.12285019961401922,0.12285019961401922,0.1205285125905391,0.1205285125905391,0.10658223109494713,0.10658223109494713,oncoming,oncoming,1,1,vehicle
55330.69999998624,38.82564054962118,38.82564054962118,-5.0907676968584585,-5.0907676968584585,-2.1399798099252028,-2.1399798099252028,-2.5087212881524246,-2.5087212881524246,-4.722026218631237,-4.722026218631237,0.01659234871869586,0.01659234871869586,0.03060375989474906,0.03060375989474906,0.028853856651664955,0.028853856651664955,0.018342251961776412,0.018342251961776412,oncoming,oncoming,1,1,vehicle
55330.79999998624,38.82276192197881,38.82276192197881,-5.110207250268962,-5.110207250268962,-2.159200665224115,-2.159200665224115,-2.527969456920201,-2.527969456920201,-4.741438458572876,-4.741438458572876,-0.10586223878858547,-0.10586223878858547,-0.08783262643368239,-0.08783262643368239,-0.09008436404321074,-0.09008436404321074,-0.1036105011790589,-0.1036105011790589,oncoming,oncoming,1,1,vehicle
55330.89999998624,38.77823177310365,38.77823177310365,-5.11194014461535,-5.11194014461535,-2.157546335210804,-2.157546335210804,-2.52673816095997,-2.52673816095997,-4.742748318866184,-4.742748318866184,-0.10178684518291448,-0.10178684518291448,-0.08650961130986445,-0.08650961130986445,-0.08841760148483502,-0.08841760148483502,-0.09987885500794036,-0.09987885500794036,oncoming,oncoming,1,1,vehicle
55330.99999998624,38.78258897708486,38.78258897708486,-5.13056461930476,-5.13056461930476,-2.176502587484966,-2.176502587484966,-2.545652977216088,-2.545652977216088,-4.761414229573638,-4.761414229573638,-0.21040543828568659,-0.21040543828568659,-0.19957070797405407,-0.19957070797405407,-0.20092386674564544,-0.20092386674564544,-0.20905227951408634,-0.20905227951408634,oncoming,oncoming,1,1,vehicle
55331.09999998623,38.749797519270956,38.749797519270956,-5.154021232269992,-5.154021232269992,-2.1974604768034363,-2.1974604768034363,-2.566922934306881,-2.566922934306881,-4.784558774766547,-4.784558774766547,-0.11473967243304273,-0.11473967243304273,-0.10363341527932945,-0.10363341527932945,-0.10502048552124599,-0.10502048552124599,-0.11335260219112797,-0.11335260219112797,oncoming,oncoming,1,1,vehicle
55331.19999998623,38.75343613034112,38.75343613034112,-5.153512553788456,-5.153512553788456,-2.1972292705382346,-2.1972292705382346,-2.5666570743177006,-2.5666570743177006,-4.78408475000899,-4.78408475000899,0.00022755740344493347,0.00022755740344493347,0.0002881650197075203,0.0002881650197075203,0.000280595687348395,0.000280595687348395,0.00023512673579872967,0.00023512673579872967,oncoming,oncoming,1,1,vehicle
55331.29999998623,38.749638580152165,38.749638580152165,-5.153975720789304,-5.153975720789304,-2.1974028437994955,-2.1974028437994955,-2.566866815169412,-2.566866815169412,-4.784511749419387,-4.784511749419387,-0.04265492835076756,-0.04265492835076756,-0.03990235242797269,-0.03990235242797269,-0.04024612377854275,-0.04024612377854275,-0.04231115700019572,-0.04231115700019572,oncoming,oncoming,1,1,vehicle
55331.39999998623,38.74621765730258,38.74621765730258,-5.162043539458486,-5.162043539458486,-2.205209741023713,-2.205209741023713,-2.5747062990732923,-2.5747062990732923,-4.792546981408906,-4.792546981408906,-0.10702633451555954,-0.10702633451555954,-0.10023274249474667,-0.10023274249474667,-0.10108119914447045,-0.10108119914447045,-0.10617787786583222,-0.10617787786583222,oncoming,oncoming,1,1,vehicle
55331.49999998624,38.731831127991775,38.731831127991775,-5.175380987694428,-5.175380987694428,-2.2174493923002565,-2.2174493923002565,-2.5870830550001434,-2.5870830550001434,-4.805747324994542,-4.805747324994542,-0.1345988841146024,-0.1345988841146024,-0.1234728614383318,-0.1234728614383318,-0.12486239793349974,-0.12486239793349974,-0.13320934761943803,-0.13320934761943803,oncoming,oncoming,1,1,vehicle
55331.59999998623,38.7170676622183,38.7170676622183,-5.18896331628194,-5.18896331628194,-2.2299043133118714,-2.2299043133118714,-2.59967877866049,-2.59967877866049,-4.8191888509333225,-4.8191888509333225,0.03781928920629696,0.03781928920629696,0.03807887617990602,0.03807887617990602,0.03804645618746072,0.03804645618746072,0.03785170919874403,0.03785170919874403,oncoming,oncoming,1,1,vehicle
55331.699999986224,38.73115101964556,38.73115101964556,-5.167817129853829,-5.167817129853829,-2.20983361706494,-2.20983361706494,-2.579473763763316,-2.579473763763316,-4.798176983155454,-4.798176983155454,0.31115767359376534,0.31115767359376534,0.32072649826759125,0.32072649826759125,0.3195314427482643,0.3195314427482643,0.3123527291130941,0.3123527291130941,oncoming,oncoming,1,1,vehicle
55331.79999998622,38.69203253641941,38.69203253641941,-5.126731781564906,-5.126731781564906,-2.1657590136598737,-2.1657590136598737,-2.5357724901123824,-2.5357724901123824,-4.756718305112397,-4.756718305112397,0.2547444769974234,0.2547444769974234,0.27541080373381277,0.27541080373381277,0.272829775429031,0.272829775429031,0.2573255053022052,0.2573255053022052,oncoming,oncoming,1,1,vehicle
55331.89999998622,38.6770824865198,38.6770824865198,-5.116868234455087,-5.116868234455087,-2.154751456318979,-2.154751456318979,-2.5249078086783037,-2.5249078086783037,-4.746711882095762,-4.746711882095762,-0.017881976135711852,-0.017881976135711852,-0.006591690827495,-0.006591690827495,-0.008001738723219631,-0.008001738723219631,-0.01647192823998722,-0.01647192823998722,oncoming,oncoming,1,1,vehicle
55331.99999998622,38.662535093056185,38.662535093056185,-5.130308176791996,-5.130308176791996,-2.1670773518253537,-2.1670773518253537,-2.537372837857003,-2.537372837857003,-4.760012690760346,-4.760012690760346,-0.0189935448238856,-0.0189935448238856,-0.007553049591148664,-0.007553049591148664,-0.0089818562779449,-0.0089818562779449,-0.017564738137089364,-0.017564738137089364,oncoming,oncoming,1,1,vehicle
55332.09999998622,38.64721597079443,38.64721597079443,-5.120666943419808,-5.120666943419808,-2.1562620662371867,-2.1562620662371867,-2.5267041799338665,-2.5267041799338665,-4.750224829723129,-4.750224829723129,0.19709538770579726,0.19709538770579726,0.20628443091775672,0.20628443091775672,0.2051368093158814,0.2051368093158814,0.1982430093076779,0.1982430093076779,oncoming,oncoming,1,1,vehicle
55332.199999986224,38.638560593560356,38.638560593560356,-5.09088909924851,-5.09088909924851,-2.1258204656394737,-2.1258204656394737,-2.4963454759914985,-2.4963454759914985,-4.720364088896485,-4.720364088896485,0.0439686800092538,0.0439686800092538,0.05267271130215079,0.05267271130215079,0.051585663670026705,0.051585663670026705,0.045055727641383214,0.045055727641383214,oncoming,oncoming,1,1,vehicle
55332.29999998622,38.62452411529356,38.62452411529356,-5.111873207414072,-5.111873207414072,-2.1457275239728633,-2.1457275239728633,-2.516387047195969,-2.516387047195969,-4.741213684190966,-4.741213684190966,0.12137541162679355,0.12137541162679355,0.13024320552002244,0.13024320552002244,0.12913570600185764,0.12913570600185764,0.12248291114496013,0.12248291114496013,oncoming,oncoming,1,1,vehicle
55332.39999998621,38.6154523998029,38.6154523998029,-5.066614016929208,-5.066614016929208,-2.099771824541588,-2.099771824541588,-2.470518334797238,-2.470518334797238,-4.695867506673557,-4.695867506673557,0.267888681819052,0.267888681819052,0.2814941295555702,0.2814941295555702,0.2797949456186437,0.2797949456186437,0.2695878657559838,0.2695878657559838,oncoming,oncoming,1,1,vehicle
55332.49999998621,38.58910731196315,38.58910731196315,-5.058295471055677,-5.058295471055677,-2.0894286980672074,-2.0894286980672074,-2.4604280580776936,-2.4604280580776936,-4.687296111045191,-4.687296111045191,0.08349616645232771,0.08349616645232771,0.10372384574978177,0.10372384574978177,0.10119761356187773,0.10119761356187773,0.0860223986402282,0.0860223986402282,oncoming,oncoming,1,1,vehicle
55332.59999998621,38.562845201857584,38.562845201857584,-5.049914783638985,-5.049914783638985,-2.0790270553919337,-2.0790270553919337,-2.4502788120851573,-2.4502788120851573,-4.678663026945761,-4.678663026945761,0.09555136976086942,0.09555136976086942,0.10864030771010746,0.10864030771010746,0.10700563325656809,0.10700563325656809,0.09718604421440702,0.09718604421440702,oncoming,oncoming,1,1,vehicle
55332.69999998621,38.555096256878414,38.555096256878414,-5.039185197103781,-5.039185197103781,-2.067700636525502,-2.067700636525502,-2.4390269314266915,-2.4390269314266915,-4.667858902202592,-4.667858902202592,0.1537589113407165,0.1537589113407165,0.16698445472730583,0.16698445472730583,0.16533272165019852,0.16533272165019852,0.15541064441782382,0.15541064441782382,oncoming,oncoming,1,1,vehicle
55332.79999998621,38.52852620678545,38.52852620678545,-5.01916300137129,-5.01916300137129,-2.0456301644469583,-2.0456301644469583,-2.4172122677555987,-2.4172122677555987,-4.64758089806265,-4.64758089806265,0.01891897935399456,0.01891897935399456,0.043346584546139155,0.043346584546139155,0.040295833352901766,0.040295833352901766,0.02196973054723017,0.02196973054723017,oncoming,oncoming,1,1,vehicle
55332.89999998621,38.491782131382905,38.491782131382905,-5.0354014012355375,-5.0354014012355375,-2.059031319618666,-2.059031319618666,-2.430967764758523,-2.430967764758523,-4.66346495609568,-4.66346495609568,0.12243939563487061,0.12243939563487061,0.14287804408628624,0.14287804408628624,0.14032547417844476,0.14032547417844476,0.12499196554271563,0.12499196554271563,oncoming,oncoming,1,1,vehicle
55332.99999998621,38.47560980361576,38.47560980361576,-4.9946751222479255,-4.9946751222479255,-2.0170545556331065,-2.0170545556331065,-2.389147172923341,-2.389147172923341,-4.622582504957691,-4.622582504957691,0.3431484349220959,0.3431484349220959,0.3713697448412425,0.3713697448412425,0.3678452108465393,0.3678452108465393,0.34667296891679555,0.34667296891679555,oncoming,oncoming,1,1,vehicle
55333.0999999862,38.41889330053998,38.41889330053998,-4.966771714253681,-4.966771714253681,-1.9847573706534962,-1.9847573706534962,-2.3573987225922295,-2.3573987225922295,-4.594130362314948,-4.594130362314948,0.12230287381432703,0.12230287381432703,0.14285421728655656,0.14285421728655656,0.14028757923746937,0.14028757923746937,0.124869511863416,0.124869511863416,oncoming,oncoming,1,1,vehicle
55333.1999999862,38.42254788712067,38.42254788712067,-4.970214547488586,-4.970214547488586,-1.988483712179871,-1.988483712179871,-2.3610896570798543,-2.3610896570798543,-4.597608602588603,-4.597608602588603,-0.04499705752060734,-0.04499705752060734,-0.029113882157510318,-0.029113882157510318,-0.031097512413452932,-0.031097512413452932,-0.043013427264661175,-0.043013427264661175,oncoming,oncoming,1,1,vehicle
55333.2999999862,38.37799208200218,38.37799208200218,-4.975771125757671,-4.975771125757671,-1.9905801470849138,-1.9905801470849138,-2.3636182250748297,-2.3636182250748297,-4.602733047767755,-4.602733047767755,0.06593376634254255,0.06593376634254255,0.09790873756195317,0.09790873756195317,0.09391542585541757,0.09391542585541757,0.06992707804908349,0.06992707804908349,oncoming,oncoming,1,1,vehicle
55333.3999999862,38.340281259270924,38.340281259270924,-4.957027794220269,-4.957027794220269,-1.9689019646677652,-1.9689019646677652,-2.3423065719090443,-2.3423065719090443,-4.58362318697899,-4.58362318697899,0.12335069727274472,0.12335069727274472,0.14392806432212524,0.14392806432212524,0.1413581878319956,0.1413581878319956,0.12592057376286903,0.12592057376286903,oncoming,oncoming,1,1,vehicle
55333.49999998621,38.32513194932234,38.32513194932234,-4.951100986303551,-4.951100986303551,-1.9617945342209338,-1.9617945342209338,-2.335346587508873,-2.335346587508873,-4.577548933015612,-4.577548933015612,-0.004693859155398883,-0.004693859155398883,0.022895309080634973,0.022895309080634973,0.01944974675709865,0.01944974675709865,-0.0012482968318607846,-0.0012482968318607846,oncoming,oncoming,1,1,vehicle
55333.5999999862,38.269581022957134,38.269581022957134,-4.957966566048577,-4.957966566048577,-1.9643229028494351,-1.9643229028494351,-2.3384166225553504,-2.3384166225553504,-4.583872846342661,-4.583872846342661,-0.04998336111237833,-0.04998336111237833,-0.018181216806809175,-0.018181216806809175,-0.022152926435516918,-0.022152926435516918,-0.04601165148367059,-0.04601165148367059,oncoming,oncoming,1,1,vehicle
55333.6999999862,38.243722691382246,38.243722691382246,-4.9610976585252455,-4.9610976585252455,-1.9654307775820068,-1.9654307775820068,-2.3397771727956265,-2.3397771727956265,-4.586751263311626,-4.586751263311626,-0.09454107773174414,-0.09454107773174414,-0.07151319884889773,-0.07151319884889773,-0.07438910110956165,-0.07438910110956165,-0.09166517547108555,-0.09166517547108555,oncoming,oncoming,1,1,vehicle
55333.79999998619,38.21076878873636,38.21076878873636,-4.976874781593043,-4.976874781593043,-1.9786255426176065,-1.9786255426176065,-2.3532944427756206,-2.3532944427756206,-4.6022058814350295,-4.6022058814350295,-0.047561937738326066,-0.047561937738326066,-0.017119080472060233,-0.017119080472060233,-0.02092101712816863,-0.02092101712816863,-0.043760001082215894,-0.043760001082215894,oncoming,oncoming,1,1,vehicle
55333.89999998619,38.16611614694676,38.16611614694676,-4.9706100460708225,-4.9706100460708225,-1.9688545936745736,-1.9688545936745736,-2.3439613762193847,-2.3439613762193847,-4.595503263526012,-4.595503263526012,0.09374500973443745,0.09374500973443745,0.13345059468573162,0.13345059468573162,0.12849186825929948,0.12849186825929948,0.09870373616087491,0.09870373616087491,oncoming,oncoming,1,1,vehicle
55333.99999998619,38.10978552980238,38.10978552980238,-4.958125779646428,-4.958125779646428,-1.9519354236808486,-1.9519354236808486,-2.3275960691241346,-2.3275960691241346,-4.582465134203142,-4.582465134203142,-0.011896046701178165,-0.011896046701178165,0.020336929023576644,0.020336929023576644,0.01631144385065575,0.01631144385065575,-0.00787056152825727,-0.00787056152825727,oncoming,oncoming,1,1,vehicle
55334.09999998619,38.0842884616607,38.0842884616607,-4.972989255411024,-4.972989255411024,-1.9647872078699176,-1.9647872078699176,-2.340699087449301,-2.340699087449301,-4.59707737583164,-4.59707737583164,-0.10207484344323348,-0.10207484344323348,-0.07444330285375855,-0.07444330285375855,-0.07789411955375414,-0.07789411955375414,-0.09862402674324144,-0.09862402674324144,oncoming,oncoming,1,1,vehicle
55334.1999999862,38.03982437817529,38.03982437817529,-4.9785407483349085,-4.9785407483349085,-1.9668240842508933,-1.9668240842508933,-2.343174893034246,-2.343174893034246,-4.602189939551556,-4.602189939551556,-0.04826745529172882,-0.04826745529172882,-0.017520496158091703,-0.017520496158091703,-0.021360382364163044,-0.021360382364163044,-0.04442756908566636,-0.04442756908566636,oncoming,oncoming,1,1,vehicle
55334.29999998618,38.00655931912571,38.00655931912571,-4.982642746469406,-4.982642746469406,-1.9682913071015649,-1.9682913071015649,-2.344971163922163,-2.344971163922163,-4.605962889648808,-4.605962889648808,0.04198828825729706,0.04198828825729706,0.07753587802479345,0.07753587802479345,0.07309646760371358,0.07309646760371358,0.046427698678378704,0.046427698678378704,oncoming,oncoming,1,1,vehicle
55334.39999998617,37.95019697809454,37.95019697809454,-4.970143090682377,-4.970143090682377,-1.9513169086457332,-1.9513169086457332,-2.3285555995131935,-2.3285555995131935,-4.592904399814917,-4.592904399814917,-0.05567798201656515,-0.05567798201656515,-0.020363178476943133,-0.020363178476943133,-0.02477351011193285,-0.02477351011193285,-0.05126765038156833,-0.05126765038156833,oncoming,oncoming,1,1,vehicle
55334.49999998618,37.91767285148102,37.91767285148102,-4.993778342880849,-4.993778342880849,-1.9723639428053419,-1.9723639428053419,-2.3499258659529056,-2.3499258659529056,-4.616216419733285,-4.616216419733285,-0.16457399275469342,-0.16457399275469342,-0.12213416655510301,-0.12213416655510301,-0.12743429857934352,-0.12743429857934352,-0.15927386073045469,-0.15927386073045469,oncoming,oncoming,1,1,vehicle
55334.59999998618,37.84374312720818,37.84374312720818,-5.003057889237321,-5.003057889237321,-1.9757437419607469,-1.9757437419607469,-2.3540424592330567,-2.3540424592330567,-4.624759171965011,-4.624759171965011,-0.06744445751230543,-0.06744445751230543,-0.024594188569677655,-0.024594188569677655,-0.02994557055210123,-0.02994557055210123,-0.06209307552988719,-0.06209307552988719,oncoming,oncoming,1,1,vehicle
55334.69999998618,37.81037614028166,37.81037614028166,-5.0072672343831135,-5.0072672343831135,-1.9772827805192061,-1.9772827805192061,-2.3559149800632384,-2.3559149800632384,-4.628635034839082,-4.628635034839082,-0.21322965566462315,-0.21322965566462315,-0.17807225807397664,-0.17807225807397664,-0.18246289747361466,-0.18246289747361466,-0.20883901626498513,-0.20883901626498513,oncoming,oncoming,1,1,vehicle
55334.79999998618,37.75600707712171,37.75600707712171,-5.045703820369625,-5.045703820369625,-2.011358193575024,-2.011358193575024,-2.390535038727249,-2.390535038727249,-4.6665269752174,-4.6665269752174,-0.05586864044413531,-0.05586864044413531,-0.02023626960520808,-0.02023626960520808,-0.024686218805651805,-0.024686218805651805,-0.05141869124368981,-0.05141869124368981,oncoming,oncoming,1,1,vehicle
55334.89999998617,37.721614004719115,37.721614004719115,-5.018440962476152,-5.018440962476152,-1.9813300344447058,-1.9813300344447058,-2.360852223828796,-2.360852223828796,-4.638918773092062,-4.638918773092062,0.10315112583648656,0.10315112583648656,0.13789002272455342,0.13789002272455342,0.13355166629120063,0.13355166629120063,0.10748948226984467,0.10748948226984467,oncoming,oncoming,1,1,vehicle
55334.99999998617,37.66971378867158,37.66971378867158,-5.0250735952058445,-5.0250735952058445,-1.9837801890338806,-1.9837801890338806,-2.3638247054727453,-2.3638247054727453,-4.64502907876698,-4.64502907876698,-0.15239025096527925,-0.15239025096527925,-0.11835621465595736,-0.11835621465595736,-0.12260653782702491,-0.12260653782702491,-0.14813992779421525,-0.14813992779421525,oncoming,oncoming,1,1,vehicle
55335.099999986174,37.63722139119838,37.63722139119838,-5.048919012671126,-5.048919012671126,-2.00500127737778,-2.00500127737778,-2.3853735313960875,-2.3853735313960875,-4.668546758652818,-4.668546758652818,-0.04949953722709566,-0.04949953722709566,-0.01805216649377428,-0.01805216649377428,-0.021979445878626436,-0.021979445878626436,-0.045572257842252384,-0.045572257842252384,oncoming,oncoming,1,1,vehicle
55335.19999998617,37.591936051745016,37.591936051745016,-5.03497350265423,-5.03497350265423,-1.9873906223355398,-1.9873906223355398,-2.3682205946513823,-2.3682205946513823,-4.654143530338388,-4.654143530338388,-0.10955472384029008,-0.10955472384029008,-0.07815896993976601,-0.07815896993976601,-0.08207979693902523,-0.08207979693902523,-0.10563389684103441,-0.10563389684103441,oncoming,oncoming,1,1,vehicle
55335.29999998617,37.55970471989152,37.55970471989152,-5.070829957438865,-5.070829957438865,-2.0206330713655056,-2.0206330713655056,-2.4017894907836537,-2.4017894907836537,-4.689673538020717,-4.689673538020717,-0.15362423861014918,-0.15362423861014918,-0.11928965656642099,-0.11928965656642099,-0.12357748579014505,-0.12357748579014505,-0.14933640938642512,-0.14933640938642512,oncoming,oncoming,1,1,vehicle
55335.39999998617,37.50738315363752,37.50738315363752,-5.065698350375813,-5.065698350375813,-2.0112485536484765,-2.0112485536484765,-2.3929360918090516,-2.3929360918090516,-4.684010812215238,-4.684010812215238,0.063720357060145,0.063720357060145,0.09872349962682314,0.09872349962682314,0.09435218525794298,0.09435218525794298,0.06809167142902339,0.06809167142902339,oncoming,oncoming,1,1,vehicle
55335.49999998617,37.473656657465035,37.473656657465035,-5.058085886027022,-5.058085886027022,-2.0008883714404284,-2.0008883714404284,-2.3829190537323397,-2.3829190537323397,-4.67605520373511,-4.67605520373511,0.13058286582819179,0.13058286582819179,0.1613110762515504,0.1613110762515504,0.15747363927569147,0.15747363927569147,0.13442030280404893,0.13442030280404893,oncoming,oncoming,1,1,vehicle
55335.599999986174,37.432033018104455,37.432033018104455,-5.039581777208812,-5.039581777208812,-1.9789863383966226,-1.9789863383966226,-2.361441363952392,-2.361441363952392,-4.657126751653043,-4.657126751653043,0.23046943276963816,0.23046943276963816,0.2737490277650405,0.2737490277650405,0.2683441470788477,0.2683441470788477,0.23587431345584164,0.23587431345584164,oncoming,oncoming,1,1,vehicle
55335.69999998617,37.36780582965319,37.36780582965319,-5.011991999472748,-5.011991999472748,-1.9461385658870214,-1.9461385658870214,-2.329250224316178,-2.329250224316178,-4.628880341043591,-4.628880341043591,0.17695332901157101,0.17695332901157101,0.2170106832281231,0.2170106832281231,0.2120082146977218,0.2120082146977218,0.18195579754197055,0.18195579754197055,oncoming,oncoming,1,1,vehicle
55335.79999998616,37.33425950031463,37.33425950031463,-5.004191111406708,-5.004191111406708,-1.9355842017515434,-1.9355842017515434,-2.3190397210133513,-2.3190397210133513,-4.6207355921449,-4.6207355921449,0.3722944737628495,0.3722944737628495,0.40366283546645754,0.40366283546645754,0.3997454818949695,0.3997454818949695,0.376211827334334,0.376211827334334,oncoming,oncoming,1,1,vehicle
55335.89999998616,37.291459576134095,37.291459576134095,-4.9375331047111235,-4.9375331047111235,-1.865405998784827,-1.865405998784827,-2.2493011279282626,-2.2493011279282626,-4.553637975567688,-4.553637975567688,0.24057640895151522,0.24057640895151522,0.27940536042368436,0.27940536042368436,0.27455632157292875,0.27455632157292875,0.24542544780226905,0.24542544780226905,oncoming,oncoming,1,1,vehicle
55335.99999998616,37.23997025601749,37.23997025601749,-4.956075829609156,-4.956075829609156,-1.8797031296594404,-1.8797031296594404,-2.264128456691414,-2.264128456691414,-4.5716505025771825,-4.5716505025771825,0.13277894627691822,0.13277894627691822,0.1638282626621308,0.1638282626621308,0.15995076708775535,0.15995076708775535,0.13665644185129366,0.13665644185129366,oncoming,oncoming,1,1,vehicle
55336.09999998616,37.21619621839889,37.21619621839889,-4.910977315456126,-4.910977315456126,-1.8326403462528777,-1.8326403462528777,-2.217310974511177,-2.217310974511177,-4.526306687197827,-4.526306687197827,0.28699874051104146,0.28699874051104146,0.3229810447357746,0.3229810447357746,0.31848752170871286,0.31848752170871286,0.2914922635381032,0.2914922635381032,oncoming,oncoming,1,1,vehicle
55336.19999998617,37.15301746320101,37.15301746320101,-4.89867608150838,-4.89867608150838,-1.8151069207128225,-1.8151069207128225,-2.2004309523503203,-2.2004309523503203,-4.513352049870882,-4.513352049870882,0.1294729618711159,0.1294729618711159,0.17736338910811966,0.17736338910811966,0.17138277381910783,0.17138277381910783,0.13545357716012418,0.13545357716012418,oncoming,oncoming,1,1,vehicle
55336.29999998616,37.100703493098784,37.100703493098784,-4.885082723082656,-4.885082723082656,-1.797167668431888,-1.797167668431888,-2.1830344197480045,-2.1830344197480045,-4.49921597176654,-4.49921597176654,0.05323506814784551,0.05323506814784551,0.0843417136770519,0.0843417136770519,0.08045708615354386,0.08045708615354386,0.05711969567135711,0.05711969567135711,oncoming,oncoming,1,1,vehicle
55336.39999998616,37.07817326893193,37.07817326893193,-4.888029067882963,-4.888029067882963,-1.7982385779824208,-1.7982385779824208,-2.184339535124513,-2.184339535124513,-4.50192811074087,-4.50192811074087,0.026728355873924414,0.026728355873924414,0.04863756099295635,0.04863756099295635,0.045901524382028214,0.045901524382028214,0.029464392484861435,0.029464392484861435,oncoming,oncoming,1,1,vehicle
55336.49999998616,37.04810564357556,37.04810564357556,-4.879737051908571,-4.879737051908571,-1.787440156233948,-1.787440156233948,-2.173854114872256,-2.173854114872256,-4.493323093270263,-4.493323093270263,0.00928924128121622,0.00928924128121622,0.04342304631128968,0.04342304631128968,0.03916040142311594,0.03916040142311594,0.013551886169391736,0.013551886169391736,oncoming,oncoming,1,1,vehicle
55336.59999998615,36.996391547126244,36.996391547126244,-4.8861712196257425,-4.8861712196257425,-1.7895539687196655,-1.7895539687196655,-2.176507454839333,-2.176507454839333,-4.499217733506075,-4.499217733506075,0.0019305831986642374,0.0019305831986642374,0.04082667621988101,0.04082667621988101,0.0359693236437888,0.0359693236437888,0.006787935774752896,0.006787935774752896,oncoming,oncoming,1,1,vehicle
55336.69999998615,36.95509326522634,36.95509326522634,-4.879350935267894,-4.879350935267894,-1.779274820989486,-1.779274820989486,-2.1666602501429555,-2.1666602501429555,-4.491965506114425,-4.491965506114425,0.02001962506781041,0.02001962506781041,0.04667491706191029,0.04667491706191029,0.04334620477527373,0.04334620477527373,0.023348337354448745,0.023348337354448745,oncoming,oncoming,1,1,vehicle
55336.79999998615,36.93277796065025,36.93277796065025,-4.8821672946122385,-4.8821672946122385,-1.7802189853074193,-1.7802189853074193,-2.167838213884404,-2.167838213884404,-4.494548066035254,-4.494548066035254,-0.13320151897082155,-0.13320151897082155,-0.11166243550531618,-0.11166243550531618,-0.11435223086259505,-0.11435223086259505,-0.13051172361354801,-0.13051172361354801,oncoming,oncoming,1,1,vehicle
55336.89999998616,36.903787264913646,36.903787264913646,-4.905991239066666,-4.905991239066666,-1.801607308094824,-1.801607308094824,-2.1895306963197907,-2.1895306963197907,-4.5180678508417,-4.5180678508417,-0.09698239962151334,-0.09698239962151334,-0.05960834921446967,-0.05960834921446967,-0.06427560126345888,-0.06427560126345888,-0.09231514757252413,-0.09231514757252413,oncoming,oncoming,1,1,vehicle
55336.99999998616,36.84395101120385,36.84395101120385,-4.901563774541781,-4.901563774541781,-1.7921406551554973,-1.7921406551554973,-2.180693334142287,-2.180693334142287,-4.513011095554992,-4.513011095554992,0.003412611880271754,0.003412611880271754,0.04112441108149412,0.04112441108149412,0.03641498836913826,0.03641498836913826,0.008122034592627614,0.008122034592627614,oncoming,oncoming,1,1,vehicle
55337.09999998615,36.814299913610455,36.814299913610455,-4.905308716690052,-4.905308716690052,-1.7933824258781652,-1.7933824258781652,-2.1822476986455777,-2.1822476986455777,-4.51644344392264,-4.51644344392264,-0.04492299828869761,-0.04492299828869761,-0.015130631559346241,-0.015130631559346241,-0.018851071331480895,-0.018851071331480895,-0.04120255851655941,-0.04120255851655941,oncoming,oncoming,1,1,vehicle
55337.199999986144,36.773448700164764,36.773448700164764,-4.910548374198736,-4.910548374198736,-1.7951667814671022,-1.7951667814671022,-2.184463548408254,-2.184463548408254,-4.521251607257584,-4.521251607257584,0.020614742863841684,0.020614742863841684,0.04744792489475458,0.04744792489475458,0.044097029638587415,0.044097029638587415,0.023965638120010624,0.023965638120010624,oncoming,oncoming,1,1,vehicle
55337.299999986135,36.75089033993284,36.75089033993284,-4.901185768117644,-4.901185768117644,-1.7838928409000427,-1.7838928409000427,-2.17342829271863,-2.17342829271863,-4.511650316299057,-4.511650316299057,0.07754755107846378,0.07754755107846378,0.10761303374299125,0.10761303374299125,0.1038585015490483,0.1038585015490483,0.08130208327240851,0.08130208327240851,oncoming,oncoming,1,1,vehicle
55337.39999998613,36.70257288356621,36.70257288356621,-4.895038863984067,-4.895038863984067,-1.7736441747196745,-1.7736441747196745,-2.163691848099597,-2.163691848099597,-4.504991190604144,-4.504991190604144,0.12663446872861428,0.12663446872861428,0.16476946348054433,0.16476946348054433,0.16000723085375768,0.16000723085375768,0.13139670135539916,0.13139670135539916,oncoming,oncoming,1,1,vehicle
55337.49999998613,36.66114803857536,36.66114803857536,-4.87585887437229,-4.87585887437229,-1.7509389482044133,-1.7509389482044133,-2.1414268465483444,-2.1414268465483444,-4.485370976028359,-4.485370976028359,0.23250388688590107,0.23250388688590107,0.2679090978337779,0.2679090978337779,0.2634877664986881,0.2634877664986881,0.2369252182209891,0.2369252182209891,oncoming,oncoming,1,1,vehicle
55337.59999998613,36.61945853765223,36.61945853765223,-4.848538086607563,-4.848538086607563,-1.7200623551536984,-1.7200623551536984,-2.110994294800626,-2.110994294800626,-4.457606146960636,-4.457606146960636,0.07759332074613567,0.07759332074613567,0.10790995369958623,0.10790995369958623,0.1041240808662387,0.1041240808662387,0.08137919357948675,0.08137919357948675,oncoming,oncoming,1,1,vehicle
55337.69999998614,36.59011640242016,36.59011640242016,-4.86034021022557,-4.86034021022557,-1.7293569574669476,-1.7293569574669476,-2.1206020303775555,-2.1206020303775555,-4.469095137314962,-4.469095137314962,0.07778304040611062,0.07778304040611062,0.10818813895005164,0.10818813895005164,0.10439122721063399,0.10439122721063399,0.08157995214552827,0.08157995214552827,oncoming,oncoming,1,1,vehicle
55337.799999986135,36.548381679135026,36.548381679135026,-4.832981478528851,-4.832981478528851,-1.6984247273661428,-1.6984247273661428,-2.0901160493609607,-2.0901160493609607,-4.441290156534033,-4.441290156534033,0.0573087094989404,0.0573087094989404,0.08772125453110746,0.08772125453110746,0.08392341886559684,0.08392341886559684,0.0611065451644528,0.0611065451644528,oncoming,oncoming,1,1,vehicle
55337.89999998613,36.51913586104367,36.51913586104367,-4.848878468325949,-4.848878468325949,-1.7118127065609814,-1.7118127065609814,-2.1038173466046803,-2.1038173466046803,-4.45687382828225,-4.45687382828225,-0.015147408375899118,-0.015147408375899118,0.023129730097329215,0.023129730097329215,0.018349798537084183,0.018349798537084183,-0.010367476815662968,-0.010367476815662968,oncoming,oncoming,1,1,vehicle
55337.99999998613,36.45929371592417,36.45929371592417,-4.836010960203987,-4.836010960203987,-1.6937987813467443,-1.6937987813467443,-2.0864460896535975,-2.0864460896535975,-4.443363651897135,-4.443363651897135,0.15642348690779428,0.15642348690779428,0.20321840170829653,0.20321840170829653,0.1973748087290197,0.1973748087290197,0.16226707988706934,0.16226707988706934,oncoming,oncoming,1,1,vehicle
55338.09999998613,36.41045598531509,36.41045598531509,-4.817593770944845,-4.817593770944845,-1.6711690262199133,-1.6711690262199133,-2.064342384859451,-2.064342384859451,-4.424420412305308,-4.424420412305308,-0.046703820820471975,-0.046703820820471975,-0.00038286571489010157,-0.00038286571489010157,-0.006167253626893299,-0.006167253626893299,-0.04091943290846345,-0.04091943290846345,oncoming,oncoming,1,1,vehicle
55338.19999998614,36.352062867913226,36.352062867913226,-4.845351724371645,-4.845351724371645,-1.6938753544930225,-1.6938753544930225,-2.087679540382309,-2.087679540382309,-4.451547538482359,-4.451547538482359,-0.3257229300596052,-0.3257229300596052,-0.2848464111316815,-0.2848464111316815,-0.2899509063849628,-0.2899509063849628,-0.3206184348063239,-0.3206184348063239,oncoming,oncoming,1,1,vehicle
55338.299999986135,36.31604896261026,36.31604896261026,-4.882738356957488,-4.882738356957488,-1.728138308446652,-1.728138308446652,-2.122332566136886,-2.122332566136886,-4.488544099267254,-4.488544099267254,-0.20568570513248474,-0.20568570513248474,-0.17720678806595558,-0.17720678806595558,-0.1807631121177895,-0.1807631121177895,-0.20212938108064904,-0.20212938108064904,oncoming,oncoming,1,1,vehicle
55338.39999998613,36.286447817102896,36.286447817102896,-4.886488865397544,-4.886488865397544,-1.729316712105698,-1.729316712105698,-2.123832162805341,-2.123832162805341,-4.491973414697901,-4.491973414697901,-0.11019980181483646,-0.11019980181483646,-0.0766677581700943,-0.0766677581700943,-0.08085508522590246,-0.08085508522590246,-0.10601247475903364,-0.10601247475903364,oncoming,oncoming,1,1,vehicle
55338.49999998613,36.238968965716666,36.238968965716666,-4.904778317320135,-4.904778317320135,-1.7434718600804477,-1.7434718600804477,-2.138503583181831,-2.138503583181831,-4.509746594218752,-4.509746594218752,-0.14344901439816127,-0.14344901439816127,-0.10176326323508,-0.10176326323508,-0.10696877655218806,-0.10696877655218806,-0.13824350108105676,-0.13824350108105676,oncoming,oncoming,1,1,vehicle
55338.59999998612,36.19083005398575,36.19083005398575,-4.9151786682762895,-4.9151786682762895,-1.749669364752256,-1.749669364752256,-2.1452259181152673,-2.1452259181152673,-4.519622114913278,-4.519622114913278,0.019327722244867118,0.019327722244867118,0.0617171658472202,0.0617171658472202,0.05642379294144462,0.05642379294144462,0.024621095150646255,0.024621095150646255,oncoming,oncoming,1,1,vehicle
55338.69999998612,36.141995146453056,36.141995146453056,-4.900912772869563,-4.900912772869563,-1.7311284269098322,-1.7311284269098322,-2.127218824592317,-2.127218824592317,-4.504822375187078,-4.504822375187078,0.040851435612935916,0.040851435612935916,0.08326780682086365,0.08326780682086365,0.07797108545794096,0.07797108545794096,0.04614815697585328,0.04614815697585328,oncoming,oncoming,1,1,vehicle
55338.79999998612,36.094051884625955,36.094051884625955,-4.907008381153822,-4.907008381153822,-1.7330158033883258,-1.7330158033883258,-2.129631701023906,-2.129631701023906,-4.510392483518242,-4.510392483518242,-0.013201104659433582,-0.013201104659433582,0.024240520650034014,0.024240520650034014,0.019565029195270256,0.019565029195270256,-0.0085256132046716,-0.0085256132046716,oncoming,oncoming,1,1,vehicle
55338.89999998613,36.05677070839538,36.05677070839538,-4.903552993800213,-4.903552993800213,-1.7262803227782884,-1.7262803227782884,-2.1233058187517635,-2.1233058187517635,-4.506527497826738,-4.506527497826738,-0.14222002925128407,-0.14222002925128407,-0.10170180753265257,-0.10170180753265257,-0.10676147185201756,-0.10676147185201756,-0.13716036493191552,-0.13716036493191552,oncoming,oncoming,1,1,vehicle
55338.99999998613,36.00208634256135,36.00208634256135,-4.935452387000589,-4.935452387000589,-1.7533561648911202,-1.7533561648911202,-2.150983995390604,-2.150983995390604,-4.537824556501105,-4.537824556501105,-0.1494307745045944,-0.1494307745045944,-0.10394159905520617,-0.10394159905520617,-0.10962199160104191,-0.10962199160104191,-0.143750381958764,-0.143750381958764,oncoming,oncoming,1,1,vehicle
55339.09999998612,35.95376731275426,35.95376731275426,-4.933439148702077,-4.933439148702077,-1.7470686425906985,-1.7470686425906985,-2.1452302170732875,-2.1452302170732875,-4.535277574219489,-4.535277574219489,-0.04722935023013264,-0.04722935023013264,-0.0012511454259218624,-0.0012511454259218624,-0.006992586950381963,-0.006992586950381963,-0.04148790870567609,-0.04148790870567609,oncoming,oncoming,1,1,vehicle
55339.19999998612,35.89829365495765,35.89829365495765,-4.9448982570471145,-4.9448982570471145,-1.753606393977225,-1.753606393977225,-2.152382512781548,-2.152382512781548,-4.546122138242792,-4.546122138242792,-0.04090217581101996,-0.04090217581101996,0.0003899226636239206,0.0003899226636239206,-0.004766337657530428,-0.004766337657530428,-0.035745915489858504,-0.035745915489858504,oncoming,oncoming,1,1,vehicle
55339.29999998611,35.86077541538754,35.86077541538754,-4.941619583864936,-4.941619583864936,-1.7469906580589347,-1.7469906580589347,-2.1461834846057166,-2.1461834846057166,-4.542426757318154,-4.542426757318154,0.08341380161900247,0.08341380161900247,0.12515990571532143,0.12515990571532143,0.11994696898288382,0.11994696898288382,0.08862673835144008,0.08862673835144008,oncoming,oncoming,1,1,vehicle
55339.39999998611,35.80457126393818,35.80457126393818,-4.928215496723427,-4.928215496723427,-1.7285744128345772,-1.7285744128345772,-2.1283931189853496,-2.1283931189853496,-4.528396790572654,-4.528396790572654,0.18276130168566596,0.18276130168566596,0.22814815090347373,0.22814815090347373,0.22248059896806893,0.22248059896806893,0.18842885362107253,0.18842885362107253,oncoming,oncoming,1,1,vehicle
55339.49999998611,35.759114883224704,35.759114883224704,-4.905067323528335,-4.905067323528335,-1.701361027878904,-1.701361027878904,-2.1016873648127503,-2.1016873648127503,-4.504740986594488,-4.504740986594488,0.1955696124207762,0.1955696124207762,0.23276988748816052,0.23276988748816052,0.22812462287596524,0.22812462287596524,0.2002148770329768,0.2002148770329768,oncoming,oncoming,1,1,vehicle
55339.59999998612,35.72146558662839,35.72146558662839,-4.8891015742380395,-4.8891015742380395,-1.682020435335381,-1.682020435335381,-2.082768194408634,-2.082768194408634,-4.488353815164786,-4.488353815164786,0.08528736343270182,0.08528736343270182,0.12721626067234304,0.12721626067234304,0.12198053983124879,0.12198053983124879,0.0905230842737943,0.0905230842737943,oncoming,oncoming,1,1,vehicle
55339.69999998612,35.66571016064958,35.66571016064958,-4.888009850838637,-4.888009850838637,-1.675917775741028,-1.675917775741028,-2.0772912568431243,-2.0772912568431243,-4.486636369736541,-4.486636369736541,0.059215734742359416,0.059215734742359416,0.10460301649418469,0.10460301649418469,0.09893545582337815,0.09893545582337815,0.06488329541315707,0.06488329541315707,oncoming,oncoming,1,1,vehicle
55339.799999986106,35.6205906888212,35.6205906888212,-4.877258427292007,-4.877258427292007,-1.661099832039639,-1.661099832039639,-2.062981103246971,-2.062981103246971,-4.475377156084676,-4.475377156084676,0.008661934177844444,0.008661934177844444,0.045685484384543784,0.045685484384543784,0.04106232464527082,0.04106232464527082,0.013285093917119184,0.013285093917119184,oncoming,oncoming,1,1,vehicle
55339.8999999861,35.58363746200945,35.58363746200945,-4.886277464004721,-4.886277464004721,-1.666780678866741,-1.666780678866741,-2.0690787919165707,-2.0690787919165707,-4.483979350954891,-4.483979350954891,-0.0028065131000083454,-0.0028065131000083454,0.04262050646230797,0.04262050646230797,0.03694801684640758,0.03694801684640758,0.0028659765158955963,0.0028659765158955963,oncoming,oncoming,1,1,vehicle
55339.9999999861,35.52019589456843,35.52019589456843,-4.877819729909458,-4.877819729909458,-1.6525757307444078,-1.6525757307444078,-2.0555914998749474,-2.0555914998749474,-4.474803960778918,-4.474803960778918,0.20090804486740055,0.20090804486740055,0.25043272396342076,0.25043272396342076,0.24424857295670677,0.24424857295670677,0.20709219587411454,0.20709219587411454,oncoming,oncoming,1,1,vehicle
55340.0999999861,35.47444092874669,35.47444092874669,-4.846095855032056,-4.846095855032056,-1.6166941340745404,-1.6166941340745404,-2.0202290773257543,-2.0202290773257543,-4.442560911780842,-4.442560911780842,0.26892786575403704,0.26892786575403704,0.3154462717066693,0.3154462717066693,0.30963753472465605,0.30963753472465605,0.27473660273605205,0.27473660273605205,oncoming,oncoming,1,1,vehicle
55340.1999999861,35.41797343474599,35.41797343474599,-4.824034156759433,-4.824034156759433,-1.5894864764039922,-1.5894864764039922,-1.9936639929309177,-1.9936639929309177,-4.419856640232507,-4.419856640232507,0.22833430260510923,0.22833430260510923,0.27477404090481805,0.27477404090481805,0.2689751426916107,0.2689751426916107,0.23413320081831301,0.23413320081831301,oncoming,oncoming,1,1,vehicle
55340.299999986106,35.372652997559854,35.372652997559854,-4.800428994509925,-4.800428994509925,-1.561739325892338,-1.561739325892338,-1.9664340487862095,-1.9664340487862095,-4.395734271616054,-4.395734271616054,0.4460725570105346,0.4460725570105346,0.4881521481456703,0.4881521481456703,0.4828977145432347,0.4828977145432347,0.4513269906129693,0.4513269906129693,oncoming,oncoming,1,1,vehicle
55340.3999999861,35.32601021918411,35.32601021918411,-4.7348196453647375,-4.7348196453647375,-1.4918560467824105,-1.4918560467824105,-1.8970844500298054,-1.8970844500298054,-4.329591242117342,-4.329591242117342,0.4539231807444182,0.4539231807444182,0.49101371579169406,0.49101371579169406,0.4863822712374528,0.4863822712374528,0.4585546252986603,0.4585546252986603,oncoming,oncoming,1,1,vehicle
55340.499999986096,35.291775192582875,35.291775192582875,-4.709644358368608,-4.709644358368608,-1.463536582742025,-1.463536582742025,-1.8691575945466872,-1.8691575945466872,-4.3040233465639455,-4.3040233465639455,0.3500070826003707,0.3500070826003707,0.3868920650618568,0.3868920650618568,0.3822863003003736,0.3822863003003736,0.3546128473618495,0.3546128473618495,oncoming,oncoming,1,1,vehicle
55340.599999986094,35.245791177714935,35.245791177714935,-4.664818228845682,-4.664818228845682,-1.414477633771165,-1.414477633771165,-1.8206271899708435,-1.8206271899708435,-4.258668672646004,-4.258668672646004,0.45616677794900795,0.45616677794900795,0.4933641141184175,0.4933641141184175,0.48871935587180815,0.48871935587180815,0.46081153619561377,0.46081153619561377,oncoming,oncoming,1,1,vehicle
55340.699999986085,35.211034801669285,35.211034801669285,-4.618411002783568,-4.618411002783568,-1.3648637599234075,-1.3648637599234075,-1.7714137233773537,-1.7714137233773537,-4.211861039329622,-4.211861039329622,0.45264859590664486,0.45264859590664486,0.49335242517899935,0.49335242517899935,0.4882698331956181,0.4882698331956181,0.4577311878900261,0.4577311878900261,oncoming,oncoming,1,1,vehicle
55340.79999998608,35.15768820874644,35.15768820874644,-4.574288509672257,-4.574288509672257,-1.3158071487439802,-1.3158071487439802,-1.7229732233402464,-1.7229732233402464,-4.167122435075991,-4.167122435075991,0.5598725045469841,0.5598725045469841,0.6008213396165161,0.6008213396165161,0.5957081650991398,0.5957081650991398,0.5649856790643675,0.5649856790643675,oncoming,oncoming,1,1,vehicle
55340.89999998608,35.12257720952265,35.12257720952265,-4.506436501872347,-4.506436501872347,-1.244699491998644,-1.244699491998644,-1.65227209035602,-1.65227209035602,-4.098863903514971,-4.098863903514971,0.6362189823957785,0.6362189823957785,0.6687789730735254,0.6687789730735254,0.6647133025960326,0.6647133025960326,0.6402846528732695,0.6402846528732695,oncoming,oncoming,1,1,vehicle
55340.99999998608,35.08752868312779,35.08752868312779,-4.447044713189709,-4.447044713189709,-1.18205135412574,-1.18205135412574,-1.5900305628175226,-1.5900305628175226,-4.039065504497926,-4.039065504497926,0.562189001822837,0.562189001822837,0.6033535393112341,0.6033535393112341,0.5982134581485834,0.5982134581485834,0.5673290829854878,0.5673290829854878,oncoming,oncoming,1,1,vehicle
55341.09999998609,35.034100135278294,35.034100135278294,-4.393998701505787,-4.393998701505787,-1.1240287841341,-1.1240287841341,-1.5326293987240438,-1.5326293987240438,-3.9853980869158425,-3.9853980869158425,0.60570816468638,0.60570816468638,0.6470490463121958,0.6470490463121958,0.6418869566868324,0.6418869566868324,0.6108702543117381,0.6108702543117381,oncoming,oncoming,1,1,vehicle
55341.199999986085,34.9988504212613,34.9988504212613,-4.325903080250884,-4.325903080250884,-1.0526415448614486,-1.0526415448614486,-1.4616531714783416,-1.4616531714783416,-3.9168914536339914,-3.9168914536339914,0.6669661801976545,0.6669661801976545,0.6946314113791923,0.6946314113791923,0.6911769600015836,0.6911769600015836,0.6704206315752579,0.6704206315752579,oncoming,oncoming,1,1,vehicle
55341.29999998608,34.97488765440087,34.97488765440087,-4.260605465472846,-4.260605465472846,-0.9851025018650572,-0.9851025018650572,-1.3943940067304972,-1.3943940067304972,-3.8513139606074063,-3.8513139606074063,0.7696572706572944,0.7696572706572944,0.8011195026057365,0.8011195026057365,0.7971909437495492,0.7971909437495492,0.7735858295134861,0.7735858295134861,oncoming,oncoming,1,1,vehicle
55341.39999998608,34.93166191120283,34.93166191120283,-4.171971626118269,-4.171971626118269,-0.8924176443389735,-0.8924176443389735,-1.3022149827271257,-1.3022149827271257,-3.762174287730117,-3.762174287730117,0.7711419703705751,0.7711419703705751,0.8025515302882997,0.8025515302882997,0.7986295541241955,0.7986295541241955,0.7750639465346794,0.7750639465346794,oncoming,oncoming,1,1,vehicle
55341.49999998608,34.907903068006355,34.907903068006355,-4.1063770713936885,-4.1063770713936885,-0.824592195802085,-0.824592195802085,-1.2346680959003795,-1.2346680959003795,-3.696301171295394,-3.696301171295394,0.752748967058583,0.752748967058583,0.7839678757290818,0.7839678757290818,0.7800697156837781,0.7800697156837781,0.7566471271038893,0.7566471271038893,oncoming,oncoming,1,1,vehicle
55341.59999998609,34.865247316010176,34.865247316010176,-4.021421832701858,-4.021421832701858,-0.7356240691881963,-0.7356240691881963,-1.1462010395854425,-1.1462010395854425,-3.6108448623046114,-3.6108448623046114,0.8599402191002525,0.8599402191002525,0.8914330537024573,0.8914330537024573,0.8875006956358931,0.8875006956358931,0.8638725771668163,0.8638725771668163,oncoming,oncoming,1,1,vehicle
55341.699999986085,34.84099778646171,34.84099778646171,-3.9343890275700346,-3.9343890275700346,-0.6463055850577273,-0.6463055850577273,-1.0571679567693677,-1.0571679567693677,-3.5235266558583946,-3.5235266558583946,0.9039396116958685,0.9039396116958685,0.9355965116897527,0.9355965116897527,0.9316436780490873,0.9316436780490873,0.9078924453365325,0.9078924453365325,oncoming,oncoming,1,1,vehicle
55341.79999998608,34.79815812223381,34.79815812223381,-3.8406339103723814,-3.8406339103723814,-0.5485047668603933,-0.5485047668603933,-0.9598723039857162,-0.9598723039857162,-3.4292663732470583,-3.4292663732470583,0.9480422239888924,0.9480422239888924,0.9797529927606696,0.9797529927606696,0.9757934387778384,0.9757934387778384,0.9520017779717236,0.9520017779717236,oncoming,oncoming,1,1,vehicle
55341.89999998608,34.77388793385439,34.77388793385439,-3.74478058277471,-3.74478058277471,-0.450354986508394,-0.450354986508394,-0.8620092690165573,-0.8620092690165573,-3.3331263002665468,-3.3331263002665468,1.007520880560584,1.007520880560584,1.0252515979028511,1.0252515979028511,1.0230376619844344,1.0230376619844344,1.0097348164789963,1.0097348164789963,oncoming,oncoming,1,1,vehicle
55341.99999998608,34.760694715451606,34.760694715451606,-3.6391297342565796,-3.6391297342565796,-0.34345444727598395,-0.34345444727598395,-0.7552647715850094,-0.7552647715850094,-3.2273194099475546,-3.2273194099475546,1.0146295851348235,1.0146295851348235,1.0269430951021161,1.0269430951021161,1.025405577475115,1.025405577475115,1.0161671027618269,1.0161671027618269,oncoming,oncoming,1,1,vehicle
55342.09999998607,34.74789829185061,34.74789829185061,-3.541854665757471,-3.541854665757471,-0.24496636749781953,-0.24496636749781953,-0.6569281535313678,-0.6569281535313678,-3.129892879723923,-3.129892879723923,1.1087775585489474,1.1087775585489474,1.1351966872729942,1.1351966872729942,1.131897887426815,1.131897887426815,1.1120763583951305,1.1120763583951305,oncoming,oncoming,1,1,vehicle
55342.19999998606,34.705022758000105,34.705022758000105,-3.417374222566152,-3.417374222566152,-0.11641510984120829,-0.11641510984120829,-0.5288851941194119,-0.5288851941194119,-3.004904138287948,-3.004904138287948,1.2944061432162925,1.2944061432162925,1.3298139128464317,1.3298139128464317,1.3253927609111777,1.3253927609111777,1.2988272951515434,1.2988272951515434,oncoming,oncoming,1,1,vehicle
55342.29999998606,34.673380328502446,34.673380328502446,-3.2829734371266763,-3.2829734371266763,0.020996415058565532,0.020996415058565532,-0.39184960136197877,-0.39184960136197877,-2.8701274207061322,-2.8701274207061322,1.3528667494505964,1.3528667494505964,1.3741232883063095,1.3741232883063095,1.371469118784573,1.371469118784573,1.355520918972335,1.355520918972335,oncoming,oncoming,1,1,vehicle
55342.39999998607,34.66035890342993,34.66035890342993,-3.1468008726699974,-3.1468008726699974,0.15840954782605254,0.15840954782605254,-0.25459137035649393,-0.25459137035649393,-2.7337999544874507,-2.7337999544874507,1.297809321695631,1.297809321695631,1.310079374296641,1.310079374296641,1.3085472925980306,1.3085472925980306,1.2993414033942408,1.2993414033942408,oncoming,oncoming,1,1,vehicle
55342.49999998607,34.647631653594544,34.647631653594544,-3.0234115727809545,-3.0234115727809545,0.2830122899245451,0.2830122899245451,-0.13014014283572828,-0.13014014283572828,-2.6102591400206814,-2.6102591400206814,1.3348075280843457,1.3348075280843457,1.3557602120028494,1.3557602120028494,1.353143990230249,1.353143990230249,1.3374237498569475,1.3374237498569475,oncoming,oncoming,1,1,vehicle
55342.59999998607,34.616445775222964,34.616445775222964,-2.8798393670458324,-2.8798393670458324,0.42956159023413787,0.42956159023413787,0.01603742769704386,0.01603742769704386,-2.466315204508738,-2.466315204508738,1.4861931209170223,1.4861931209170223,1.5071522955417271,1.5071522955417271,1.504535265421698,1.504535265421698,1.488810151037054,1.488810151037054,oncoming,oncoming,1,1,vehicle
55342.69999998606,34.60373714577296,34.60373714577296,-2.7261729486033444,-2.7261729486033444,0.5844427490272917,0.5844427490272917,0.17076691024298807,0.17076691024298807,-2.3124971098190406,-2.3124971098190406,1.4665493448634166,1.4665493448634166,1.48739021038039,1.48739021038039,1.4847879578293037,1.4847879578293037,1.4691515974145002,1.4691515974145002,oncoming,oncoming,1,1,vehicle
55342.79999998606,34.572877150830614,34.572877150830614,-2.5865294980891083,-2.5865294980891083,0.727039632294171,0.727039632294171,0.31299501924687045,0.31299501924687045,-2.1724848850418077,-2.1724848850418077,1.2292095413288795,1.2292095413288795,1.2532627016045668,1.2532627016045668,1.2502593554193349,1.2502593554193349,1.2322128875141072,1.2322128875141072,oncoming,oncoming,1,1,vehicle
55342.89999998607,34.553499691267724,34.553499691267724,-2.480331040334636,-2.480331040334636,0.835095289351163,0.835095289351163,0.4208187813298099,0.4208187813298099,-2.066054532313283,-2.066054532313283,1.385802632424591,1.385802632424591,1.4043909944357194,1.4043909944357194,1.402070002251727,1.402070002251727,1.3881236246085855,1.3881236246085855,oncoming,oncoming,1,1,vehicle
55342.99999998607,34.534109822356285,34.534109822356285,-2.3093689716028525,-2.3093689716028525,1.0079178311827335,1.0079178311827335,0.5934090196986244,0.5934090196986244,-1.8948601601187431,-1.8948601601187431,1.3288715520970928,1.3288715520970928,1.3382849059496076,1.3382849059496076,1.3371095303528184,1.3371095303528184,1.3300469276938802,1.3300469276938802,oncoming,oncoming,1,1,vehicle
55343.09999998607,34.533878609273195,34.533878609273195,-2.214556729914957,-2.214556729914957,1.1027522705412525,1.1027522705412525,0.6882406874005531,0.6882406874005531,-1.8000451467742578,-1.8000451467742578,1.1002799553523648,1.1002799553523648,1.0970137966438775,1.0970137966438775,1.097421617468568,1.097421617468568,1.099872134527672,1.099872134527672,preceding,preceding,1,1,vehicle
55343.199999986056,34.540915332591126,34.540915332591126,-2.08931298055023,-2.08931298055023,1.2273205904938442,1.2273205904938442,0.8128933431746499,0.8128933431746499,-1.6748857332310356,-1.6748857332310356,1.5038773925909705,1.5038773925909705,1.5095051564760977,1.5095051564760977,1.5088024600904153,1.5088024600904153,1.5045800889766543,1.5045800889766543,oncoming,oncoming,1,1,vehicle
55343.299999986055,34.52215879655003,34.52215879655003,-1.9137812514157062,-1.9137812514157062,1.404653301817791,1.404653301817791,0.9900011793999222,0.9900011793999222,-1.4991291289978375,-1.4991291289978375,1.6489234914051902,1.6489234914051902,1.6667570556519085,1.6667570556519085,1.6645303139375587,1.6645303139375587,1.651150233119541,1.651150233119541,oncoming,oncoming,1,1,vehicle
55343.39999998605,34.50378914084635,34.50378914084635,-1.7595282822739908,-1.7595282822739908,1.5606720016193751,1.5606720016193751,1.1457994059573173,1.1457994059573173,-1.344655686611933,-1.344655686611933,1.4567008558339616,1.4567008558339616,1.4743522458021872,1.4743522458021872,1.4721482534168402,1.4721482534168402,1.4589048482193094,1.4589048482193094,oncoming,oncoming,1,1,vehicle
55343.49999998605,34.48545129883116,34.48545129883116,-1.6224410802531533,-1.6224410802531533,1.6995237509739374,1.6995237509739374,1.2844308300790057,1.2844308300790057,-1.2073481593582216,-1.2073481593582216,1.5245143888104726,1.5245143888104726,1.5366696263573543,1.5366696263573543,1.535151897193276,1.535151897193276,1.526032117974549,1.526032117974549,oncoming,oncoming,1,1,vehicle
55343.59999998607,34.47852984386236,34.47852984386236,-1.454625404476349,-1.454625404476349,1.8680059269263833,1.8680059269263833,1.4528297854315115,1.4528297854315115,-1.039449262981477,-1.039449262981477,1.3971053509454494,1.3971053509454494,1.40903272832481,1.40903272832481,1.4075434519974293,1.4075434519974293,1.3985946272728285,1.3985946272728285,oncoming,oncoming,1,1,vehicle
55343.699999986056,34.46069147656822,34.46069147656822,-1.343020010037515,-1.343020010037515,1.9813302966651167,1.9813302966651167,1.5659395205047506,1.5659395205047506,-0.9276292338771488,-0.9276292338771488,1.2915916795006792,1.2915916795006792,1.2997408139278157,1.2997408139278157,1.2987232968094444,1.2987232968094444,1.2926091966190505,1.2926091966190505,oncoming,oncoming,1,1,vehicle
55343.799999986055,34.46161614529928,34.46161614529928,-1.1963070685936583,-1.1963070685936583,2.1279540896940956,2.1279540896940956,1.7125744447756002,1.7125744447756002,-0.7809274236751629,-0.7809274236751629,1.379617694578707,1.379617694578707,1.3823142843733454,1.3823142843733454,1.3819775830759085,1.3819775830759085,1.3799543958761427,1.3799543958761427,oncoming,oncoming,1,1,vehicle
55343.899999986046,34.45509859846776,34.45509859846776,-1.0670964711345534,-1.0670964711345534,2.257793153526926,2.257793153526926,1.8423350371070828,1.8423350371070828,-0.65163835471471,-0.65163835471471,1.2517251716840878,1.2517251716840878,1.248955461175882,1.248955461175882,1.24930129261009,1.24930129261009,1.2513793402498776,1.2513793402498776,preceding,preceding,1,1,vehicle
55343.999999986045,34.46736287696229,34.46736287696229,-0.945962034270179,-0.945962034270179,2.3777451819158304,2.3777451819158304,1.9624347032841896,1.9624347032841896,-0.5306515556385384,-0.5306515556385384,1.1875772298042406,1.1875772298042406,1.1846496597942018,1.1846496597942018,1.185015201723429,1.185015201723429,1.187211687875013,1.187211687875013,preceding,preceding,1,1,vehicle
55344.09999998604,34.461170626813264,34.461170626813264,-0.8295810251771616,-0.8295810251771616,2.4947230854823186,2.4947230854823186,2.0793380774483197,2.0793380774483197,-0.4141960171431627,-0.4141960171431627,1.338908653527306,1.338908653527306,1.3302898786849706,1.3302898786849706,1.3313660364689817,1.3313660364689817,1.3378324957432939,1.3378324957432939,preceding,preceding,1,1,vehicle
55344.19999998604,34.48525779283423,34.48525779283423,-0.6781803035686145,-0.6781803035686145,2.6438031576489527,2.6438031576489527,2.228707910574111,2.228707910574111,-0.26308505649377323,-0.26308505649377323,1.597936309284985,1.597936309284985,1.5834879663544967,1.5834879663544967,1.5852920158685322,1.5852920158685322,1.5961322597709506,1.5961322597709506,preceding,preceding,1,1,vehicle
55344.29999998603,34.49116906035778,34.49116906035778,-0.509993763337663,-0.509993763337663,2.811420678735739,2.811420678735739,2.396396480604545,2.396396480604545,-0.0949695652064686,-0.0949695652064686,1.8764649355331107,1.8764649355331107,1.8808059353486577,1.8808059353486577,1.8802639091144773,1.8802639091144773,1.8770069617672922,1.8770069617672922,oncoming,oncoming,1,1,vehicle
55344.39999998603,34.47624237898004,34.47624237898004,-0.3028873164782748,-0.3028873164782748,3.0199643447025033,3.0199643447025033,2.604760692380813,2.604760692380813,0.11231633584341538,0.11231633584341538,2.005334879525419,2.005334879525419,2.0056349446810753,2.0056349446810753,2.0055974778995793,2.0055974778995793,2.0053723463069146,2.0053723463069146,oncoming,oncoming,1,1,vehicle
55344.49999998604,34.49054551819055,34.49054551819055,-0.10892678742478124,-0.10892678742478124,3.212547667679549,3.212547667679549,2.7975159761920807,2.7975159761920807,0.30610490406268687,0.30610490406268687,1.8118928027625079,1.8118928027625079,1.8212856980593575,1.8212856980593575,1.8201128827561721,1.8201128827561721,1.8130656180656923,1.8130656180656923,oncoming,oncoming,1,1,vehicle
55344.59999998604,34.45675127067387,34.45675127067387,0.05949124409531992,0.05949124409531992,3.384221484335577,3.384221484335577,2.9687832689532363,2.9687832689532363,0.47492945947766074,0.47492945947766074,1.5531738270113178,1.5531738270113178,1.5572676706188844,1.5572676706188844,1.5567565046396723,1.5567565046396723,1.5536849929905303,1.5536849929905303,oncoming,oncoming,1,1,vehicle
55344.69999998604,34.48204066831269,34.48204066831269,0.20170797798616924,0.20170797798616924,3.5240012018124447,3.5240012018124447,3.10886727712908,3.10886727712908,0.6168419026695338,0.6168419026695338,0.9026430959004067,0.9026430959004067,0.8777797325312093,0.8777797325312093,0.8808842239715062,0.8808842239715062,0.899538604460107,0.899538604460107,preceding,preceding,1,1,vehicle
55344.79999998603,34.50839307424592,34.50839307424592,0.24001986327376668,0.24001986327376668,3.5597774308404446,3.5597774308404446,3.144960113746131,3.144960113746131,0.6548371803680801,0.6548371803680801,0.8401794517475052,0.8401794517475052,0.8348663969179846,0.8348663969179846,0.8355297962451278,0.8355297962451278,0.8395160524203638,0.8395160524203638,preceding,preceding,1,1,vehicle
55344.89999998603,34.493079206825094,34.493079206825094,0.36974386833376305,0.36974386833376305,3.6909744811944805,3.6909744811944805,3.275973236376501,3.275973236376501,0.7847451131517424,0.7847451131517424,1.252462710003388,1.252462710003388,1.26023490471378,1.26023490471378,1.2592644511587654,1.2592644511587654,1.2534331635584035,1.2534331635584035,oncoming,oncoming,1,1,vehicle
55344.99999998604,34.49223342948302,34.49223342948302,0.49051240527926043,0.49051240527926043,3.811824411787949,3.811824411787949,3.396813003982641,3.396813003982641,0.9055238130845686,0.9055238130845686,1.205513590343628,1.205513590343628,1.1936437823519341,1.1936437823519341,1.1951258735181831,1.1951258735181831,1.2040314991773808,1.2040314991773808,preceding,preceding,1,1,vehicle
55345.09999998604,34.51776575186408,34.51776575186408,0.6108465864165227,0.6108465864165227,3.929703237678763,3.929703237678763,3.5149984110940506,3.5149984110940506,1.0255514130012353,1.0255514130012353,1.0316509390658481,1.0316509390658481,1.0165862409233917,1.0165862409233917,1.018467253622724,1.018467253622724,1.0297699263665123,1.0297699263665123,preceding,preceding,1,1,vehicle
55345.19999998604,34.52356912673338,34.52356912673338,0.6968425930994322,0.6968425930994322,4.015141659979426,4.015141659979426,3.6005064547140098,3.6005064547140098,1.1114777983648478,1.1114777983648478,0.96625169114952,0.96625169114952,0.9549419079502819,0.9549419079502819,0.9563540753243984,0.9563540753243984,0.9648395237754039,0.9648395237754039,preceding,preceding,1,1,vehicle
55345.299999986026,34.541320440093266,34.541320440093266,0.8040969246264602,0.8040969246264602,4.120691619249217,4.120691619249217,3.7062692261392822,3.7062692261392822,1.218519317736395,1.218519317736395,1.0773702740750433,1.0773702740750433,1.0743685481117637,1.0743685481117637,1.0747433509375774,1.0747433509375774,1.0769954712492291,1.0769954712492291,preceding,preceding,1,1,vehicle
55345.39999998602,34.529819739115204,34.529819739115204,0.9123166478878588,0.9123166478878588,4.230015369575475,4.230015369575475,3.815455124875187,3.815455124875187,1.3268768925881465,1.3268768925881465,1.057424053537427,1.057424053537427,1.0596578264312733,1.0596578264312733,1.0593789118802661,1.0593789118802661,1.0577029680884333,1.0577029680884333,oncoming,oncoming,1,1,vehicle
55345.499999986016,34.53666565508622,34.53666565508622,1.0155817353228138,1.0155817353228138,4.33262318452419,4.33262318452419,3.918145008504072,3.918145008504072,1.430059911342931,1.430059911342931,0.7291268466717193,0.7291268466717193,0.718102364343757,0.718102364343757,0.7194789093809391,0.7194789093809391,0.7277503016345355,0.7277503016345355,preceding,preceding,1,1,vehicle
55345.599999986014,34.552795871821345,34.552795871821345,1.0581420172200806,1.0581420172200806,4.373635842442136,4.373635842442136,3.9593509067492807,3.9593509067492807,1.4724269529129355,1.4724269529129355,0.5364518977543238,0.5364518977543238,0.5314258512497894,0.5314258512497894,0.5320534162846542,0.5320534162846542,0.5358243327194634,0.5358243327194634,preceding,preceding,1,1,vehicle
55345.69999998601,34.54714080449511,34.54714080449511,1.1228721148721172,1.1228721148721172,4.438908354772601,4.438908354772601,4.0245556917594545,4.0245556917594545,1.5372247778852643,1.5372247778852643,0.5825095955723416,0.5825095955723416,0.5862644576131828,0.5862644576131828,0.5857956157167408,0.5857956157167408,0.5829784374687845,0.5829784374687845,oncoming,oncoming,1,1,vehicle
55345.79999998602,34.54496693080692,34.54496693080692,1.174643936336149,1.174643936336149,4.490888733966365,4.490888733966365,4.076510029894222,4.076510029894222,1.5890226404082914,1.5890226404082914,0.5784851382711338,0.5784851382711338,0.5714768319075851,0.5714768319075851,0.57235190768262,0.57235190768262,0.5776100624960989,0.5776100624960989,preceding,preceding,1,1,vehicle
55345.89999998602,34.561757929318695,34.561757929318695,1.238569142527985,1.238569142527985,4.553203721155861,4.553203721155861,4.139026073297709,4.139026073297709,1.652746790386138,1.652746790386138,0.6393916993620614,0.6393916993620614,0.6231911174951783,0.6231911174951783,0.6252139661952434,0.6252139661952434,0.6373688506619937,0.6373688506619937,preceding,preceding,1,1,vehicle
55345.999999986016,34.57877074702907,34.57877074702907,1.3025222762067004,1.3025222762067004,4.615526957463587,4.615526957463587,4.201552823131451,4.201552823131451,1.716496410538835,1.716496410538835,0.624802351063658,0.624802351063658,0.6226560765395845,0.6226560765395845,0.6229240662486504,0.6229240662486504,0.6245343613545895,0.6245343613545895,preceding,preceding,1,1,vehicle
55346.099999986014,34.56623685584767,34.56623685584767,1.3635296127388983,1.3635296127388983,4.677734936461966,4.677734936461966,4.263610886545626,4.263610886545626,1.7776536626552382,1.7776536626552382,0.6674091951654226,0.6674091951654226,0.6650882520269228,0.6650882520269228,0.6653780516537076,0.6653780516537076,0.6671193955386414,0.6671193955386414,preceding,preceding,1,1,vehicle
55346.19999998601,34.58361899551022,34.58361899551022,1.4360041152378424,1.4360041152378424,4.748544607867036,4.748544607867036,4.3346284334602565,4.3346284334602565,1.8499202896446219,1.8499202896446219,0.6573585215563451,0.6573585215563451,0.6355860750417932,0.6355860750417932,0.6383046465926796,0.6383046465926796,0.6546399500054552,0.6546399500054552,preceding,preceding,1,1,vehicle
55346.29999998602,34.61173806735917,34.61173806735917,1.4950013170520564,1.4950013170520564,4.804852151472044,4.804852151472044,4.3912718158659025,4.3912718158659025,1.9085816526581971,1.9085816526581971,0.5751569716974769,0.5751569716974769,0.5625423961652878,0.5625423961652878,0.5641174898588801,0.5641174898588801,0.5735818780038855,0.5735818780038855,preceding,preceding,1,1,vehicle
55346.39999998602,34.6099935207865,34.6099935207865,1.5510355095800643,1.5510355095800643,4.861053087102557,4.861053087102557,4.447451931434529,4.447451931434529,1.9646366652480929,1.9646366652480929,0.5124121700376216,0.5124121700376216,0.5054256512257496,0.5054256512257496,0.5062980101252101,0.5062980101252101,0.5115398111381619,0.5115398111381619,preceding,preceding,1,1,vehicle
55346.499999986016,34.62636424090896,34.62636424090896,1.5974837510580895,1.5974837510580895,4.9059372817157225,4.9059372817157225,4.492531417889471,4.492531417889471,2.0108896148843405,2.0108896148843405,0.5769267621764094,0.5769267621764094,0.5696377882210371,0.5696377882210371,0.5705479125467896,0.5705479125467896,0.5760166378506568,0.5760166378506568,preceding,preceding,1,1,vehicle
55346.599999986014,34.625251621331316,34.625251621331316,1.6664208620136671,1.6664208620136671,4.974980644745107,4.974980644745107,4.561561513942226,4.561561513942226,2.079839992816548,2.079839992816548,0.5092612318798349,0.5092612318798349,0.49687736994066256,0.49687736994066256,0.4984236602061607,0.4984236602061607,0.507714941614342,0.507714941614342,preceding,preceding,1,1,vehicle
55346.699999986005,34.65232004428587,34.65232004428587,1.69933599743149,1.69933599743149,5.005312755701611,5.005312755701611,4.592216149928419,4.592216149928419,2.1124326032046823,2.1124326032046823,0.4364703599951145,0.4364703599951145,0.4101728483905198,0.4101728483905198,0.41345644610658994,0.41345644610658994,0.43318676227904795,0.43318676227904795,preceding,preceding,1,1,vehicle
55346.799999986,34.680412443434776,34.680412443434776,1.7537149340050682,1.7537149340050682,5.057015214416048,5.057015214416048,4.6442528031563235,4.6442528031563235,2.166477345264793,2.166477345264793,0.4393320619636629,0.4393320619636629,0.41827987458361093,0.41827987458361093,0.4209085266619752,0.4209085266619752,0.43670340988530043,0.43670340988530043,preceding,preceding,1,1,vehicle
55346.899999986,34.69653345951761,34.69653345951761,1.7872024098199037,1.7872024098199037,5.0889687306142415,5.0889687306142415,4.676397855256694,4.676397855256694,2.199773285177452,2.199773285177452,0.438317187264067,0.438317187264067,0.4173417398590473,0.4173417398590473,0.41996081452768763,0.41996081452768763,0.43569811259542846,0.43569811259542846,preceding,preceding,1,1,vehicle
55346.999999986,34.72453592638576,34.72453592638576,1.8413783714582896,1.8413783714582896,5.1404835623882565,5.1404835623882565,4.7282449660622605,4.7282449660622605,2.2536169677842857,2.2536169677842857,0.6486862159478637,0.6486862159478637,0.621579809585068,0.621579809585068,0.6249644240617052,0.6249644240617052,0.6453016014712212,0.6453016014712212,preceding,preceding,1,1,vehicle
55347.099999986,34.75362812881134,34.75362812881134,1.9169396530075888,1.9169396530075888,5.213284692529446,5.213284692529446,4.801390740067216,4.801390740067216,2.328833605469818,2.328833605469818,0.589940557299089,0.589940557299089,0.5717344055774589,0.5717344055774589,0.5740077012667371,0.5740077012667371,0.5876672616098126,0.5876672616098126,preceding,preceding,1,1,vehicle
55347.199999986,34.76292502491998,34.76292502491998,1.9593664829163904,1.9593664829163904,5.254830443502085,5.254830443502085,4.843046506313938,4.843046506313938,2.371150420104538,2.371150420104538,0.524738407501026,0.524738407501026,0.5068232267891339,0.5068232267891339,0.5090601946604352,0.5090601946604352,0.5225014396297283,0.5225014396297283,preceding,preceding,1,1,vehicle
55347.299999986,34.791466329363594,34.791466329363594,2.0218873345062667,2.0218873345062667,5.314649337885798,5.314649337885798,4.903202778997821,4.903202778997821,2.433333893394243,2.433333893394243,0.5545325349649115,0.5545325349649115,0.5190759016792725,0.5190759016792725,0.5235031797798584,0.5235031797798584,0.5501052568643239,0.5501052568643239,preceding,preceding,1,1,vehicle
55347.399999986,34.83793206019382,34.83793206019382,2.070272989910765,2.070272989910765,5.358645623839054,5.358645623839054,4.947747142271059,4.947747142271059,2.4811714714787603,2.4811714714787603,0.48932596060278044,0.48932596060278044,0.45418800406234183,0.45418800406234183,0.45857549843658063,0.45857549843658063,0.4849384662285434,0.4849384662285434,preceding,preceding,1,1,vehicle
55347.499999986,34.86591991293386,34.86591991293386,2.1197525266288793,2.1197525266288793,5.405486938700042,5.405486938700042,4.994917878686948,4.994917878686948,2.5303215866419735,2.5303215866419735,0.4981534499941187,0.4981534499941187,0.4770005659020562,0.4770005659020562,0.4796418220187313,0.4796418220187313,0.49551219387744183,0.49551219387744183,preceding,preceding,1,1,vehicle
55347.599999986,34.88283433210606,34.88283433210606,2.169903679908139,2.169903679908139,5.4540457370180775,5.4540457370180775,5.043675506673409,5.043675506673409,2.5802739102528065,2.5802739102528065,0.43363201193960954,0.43363201193960954,0.4127477265282664,0.4127477265282664,0.41535544853226014,0.41535544853226014,0.43102428993561226,0.43102428993561226,preceding,preceding,1,1,vehicle
55347.699999985976,34.91032253677484,34.91032253677484,2.2064789290090374,2.2064789290090374,5.488036483998664,5.488036483998664,5.077988968386278,5.077988968386278,2.6165264446214236,2.6165264446214236,0.35897264286836617,0.35897264286836617,0.3244857658131082,0.3244857658131082,0.32879198749096616,0.32879198749096616,0.3546664211905064,0.3546664211905064,preceding,preceding,1,1,vehicle
55347.79999998599,34.95628983724776,34.95628983724776,2.241698208477662,2.241698208477662,5.518942890176271,5.518942890176271,5.10943390416721,5.10943390416721,2.6512071944867235,2.6512071944867235,0.35428190002579285,0.35428190002579285,0.3146730377743481,0.3146730377743481,0.3196188288251278,0.3196188288251278,0.3493361089750149,0.3493361089750149,preceding,preceding,1,1,vehicle
55347.89999998599,34.994847120690885,34.994847120690885,2.2773353090182598,2.2773353090182598,5.5509710915570345,5.5509710915570345,5.141912734154874,5.141912734154874,2.68639366642042,2.68639366642042,0.35999217668394756,0.35999217668394756,0.3291046960181099,0.3291046960181099,0.33296149375081185,0.33296149375081185,0.35613537895124203,0.35613537895124203,preceding,preceding,1,1,vehicle
55347.99999998599,35.02234168407503,35.02234168407503,2.3136966438134037,2.3136966438134037,5.584763829378935,5.584763829378935,5.176026202916403,5.176026202916403,2.7224342702759357,2.7224342702759357,0.1875899219730588,0.1875899219730588,0.15393501887497507,0.15393501887497507,0.15813738441218206,0.15813738441218206,0.18338755643584648,0.18338755643584648,preceding,preceding,1,1,vehicle
55348.099999986,35.06698810040513,35.06698810040513,2.314853293409932,2.314853293409932,5.581758095328467,5.581758095328467,5.173540211033826,5.173540211033826,2.7230711777045724,2.7230711777045724,0.12395658947376376,0.12395658947376376,0.09053757001214535,0.09053757001214535,0.09471048856499209,0.09471048856499209,0.11978367092091702,0.11978367092091702,preceding,preceding,1,1,vehicle
55348.199999985976,35.094088631322684,35.094088631322684,2.3384879616987164,2.3384879616987164,5.6028713433716675,5.6028713433716675,5.1949683006197365,5.1949683006197365,2.746391004450647,2.746391004450647,0.23177951662540508,0.23177951662540508,0.2015081507519234,0.2015081507519234,0.2052880420837262,0.2052880420837262,0.22799962529360052,0.22799962529360052,preceding,preceding,1,1,vehicle
55348.299999985975,35.132130644446086,35.132130644446086,2.36120919672908,2.36120919672908,5.622059725473446,5.622059725473446,5.2145978194451,5.2145978194451,2.7686711027574256,2.7686711027574256,-0.007703213656030883,-0.007703213656030883,-0.04550092920574755,-0.04550092920574755,-0.04078123590324623,-0.04078123590324623,-0.01242290695852688,-0.01242290695852688,preceding,preceding,1,1,vehicle
55348.399999985966,35.17559094913517,35.17559094913517,2.3369473189710073,2.3369473189710073,5.593771157534436,5.593771157534436,5.186812053442953,5.186812053442953,2.743906423062491,2.743906423062491,-0.23981849313734394,-0.23981849313734394,-0.2765983838062418,-0.2765983838062418,-0.2720057731251835,-0.2720057731251835,-0.24441110381840225,-0.24441110381840225,preceding,preceding,1,1,vehicle
55348.49999998598,35.21160537158495,35.21160537158495,2.3132454981006862,2.3132454981006862,5.566740048711265,5.566740048711265,5.160196664819131,5.160196664819131,2.7197888819928195,2.7197888819928195,-0.1337961931413023,-0.1337961931413023,-0.1709505392645525,-0.1709505392645525,-0.16631115900626625,-0.16631115900626625,-0.13843557339958856,-0.13843557339958856,preceding,preceding,1,1,vehicle
55348.59999998598,35.25607547935687,35.25607547935687,2.310188080338185,2.310188080338185,5.559581049676645,5.559581049676645,5.153549821636858,5.153549821636858,2.7162193083779718,2.7162193083779718,0.070513359088471,0.070513359088471,0.024057614858310927,0.024057614858310927,0.029858456009812073,0.029858456009812073,0.06471251793696631,0.06471251793696631,preceding,preceding,1,1,vehicle
55348.699999985976,35.31250283615377,35.31250283615377,2.3273481699181753,2.3273481699181753,5.571551571682857,5.571551571682857,5.166168356021007,5.166168356021007,2.7327313855800246,2.7327313855800246,0.28289121614477786,0.28289121614477786,0.23912863199296197,0.23912863199296197,0.24459319693547954,0.24459319693547954,0.27742665120225674,0.27742665120225674,preceding,preceding,1,1,vehicle
55348.799999985975,35.35134820482644,35.35134820482644,2.3667663235663174,2.3667663235663174,5.607406776074541,5.607406776074541,5.202468461023242,5.202468461023242,2.771704638617616,2.771704638617616,0.12541281865432552,0.12541281865432552,0.0959290571594984,0.0959290571594984,0.09961065700152005,0.09961065700152005,0.12173121881230742,0.12173121881230742,preceding,preceding,1,1,vehicle
55348.899999985966,35.376839018889314,35.376839018889314,2.3524307336516737,2.3524307336516737,5.5907373831176015,5.5907373831176015,5.18609048742413,5.18609048742413,2.757077629345146,2.757077629345146,-0.259144888625384,-0.259144888625384,-0.2954303578256905,-0.2954303578256905,-0.2908994249201058,-0.2908994249201058,-0.26367582153097224,-0.26367582153097224,preceding,preceding,1,1,vehicle
55348.999999985965,35.4307340073115,35.4307340073115,2.3149373458421953,2.3149373458421953,5.548320704510538,5.548320704510538,5.144288576040335,5.144288576040335,2.7189694743123987,2.7189694743123987,-0.26295078420298523,-0.26295078420298523,-0.3041869212247299,-0.3041869212247299,-0.2990377935847377,-0.2990377935847377,-0.26809991184297743,-0.26809991184297743,preceding,preceding,1,1,vehicle
55349.09999998596,35.46721383620527,35.46721383620527,2.299840576811842,2.299840576811842,5.529899998873541,5.529899998873541,5.1262829287080525,5.1262829287080525,2.7034576469773306,2.7034576469773306,-0.10529775209052339,-0.10529775209052339,-0.13359268474304642,-0.13359268474304642,-0.13005950796088683,-0.13005950796088683,-0.10883092887268475,-0.10883092887268475,preceding,preceding,1,1,vehicle
55349.19999998597,35.49288566372624,35.49288566372624,2.2938777954242955,2.2938777954242955,5.521602167562082,5.521602167562082,5.1182766744483175,5.1182766744483175,2.69720328853806,2.69720328853806,-0.007405127913521881,-0.007405127913521881,-0.04437125892027893,-0.04437125892027893,-0.039755300611403754,-0.039755300611403754,-0.01202108622239706,-0.01202108622239706,preceding,preceding,1,1,vehicle
55349.29999998597,35.54862342249599,35.54862342249599,2.2983595512283452,2.2983595512283452,5.521025747088729,5.521025747088729,5.118331868585011,5.118331868585011,2.701053429732063,2.701053429732063,0.051069995584310135,0.051069995584310135,0.008954102427253474,0.008954102427253474,0.014213120865381512,0.014213120865381512,0.0458109771461821,0.0458109771461821,preceding,preceding,1,1,vehicle
55349.399999985966,35.585800516984946,35.585800516984946,2.3040917945410087,2.3040917945410087,5.523392988047506,5.523392988047506,5.121119298621352,5.121119298621352,2.706365483967163,2.706365483967163,-0.046579776557596375,-0.046579776557596375,-0.07985283331960247,-0.07985283331960247,-0.07569801012029487,-0.07569801012029487,-0.050734599756903975,-0.050734599756903975,preceding,preceding,1,1,vehicle
55349.499999985965,35.62221983732824,35.62221983732824,2.2890435959169615,2.2890435959169615,5.505055180425042,5.505055180425042,5.103192266561173,5.103192266561173,2.69090650978083,2.69090650978083,-0.21292018342801455,-0.21292018342801455,-0.2455115316372911,-0.2455115316372911,-0.24144182508433332,-0.24144182508433332,-0.21698988998097057,-0.21698988998097057,preceding,preceding,1,1,vehicle
55349.59999998596,35.65803689879406,35.65803689879406,2.2615077578560254,2.2615077578560254,5.474290681720763,5.474290681720763,5.072830933605188,5.072830933605188,2.6629675059716007,2.6629675059716007,-0.21856014398649748,-0.21856014398649748,-0.2594537647476933,-0.2594537647476933,-0.25434733354601136,-0.25434733354601136,-0.22366657518817945,-0.22366657518817945,preceding,preceding,1,1,vehicle
55349.69999998597,35.71309026848096,35.71309026848096,2.245331567119534,2.245331567119534,5.4531644274750715,5.4531644274750715,5.052322799851577,5.052322799851577,2.646173194743029,2.646173194743029,0.010685915550261882,0.010685915550261882,-0.031070586214624996,-0.031070586214624996,-0.025856395011594202,-0.025856395011594202,0.005471724347225759,0.005471724347225759,preceding,preceding,1,1,vehicle
55349.79999998597,35.7510165346588,35.7510165346588,2.263644940963615,2.263644940963615,5.46807656447508,5.46807656447508,5.067659654600148,5.067659654600148,2.6640618508385465,2.6640618508385465,0.12050559452107734,0.12050559452107734,0.0868128063230067,0.0868128063230067,0.09102008182798826,0.09102008182798826,0.11629831901609045,0.11629831901609045,preceding,preceding,1,1,vehicle
55349.899999985966,35.78830840742424,35.78830840742424,2.269432686023399,2.269432686023399,5.47052698873942,5.47052698873942,5.07052681621691,5.07052681621691,2.6694328585459086,2.6694328585459086,-0.19333510109476215,-0.19333510109476215,-0.2290096938083046,-0.2290096938083046,-0.22455493674046068,-0.22455493674046068,-0.19778985816260253,-0.19778985816260253,preceding,preceding,1,1,vehicle
55349.999999985965,35.830838175785594,35.830838175785594,2.224977920745225,2.224977920745225,5.422274625714086,5.422274625714086,5.022748667252709,5.022748667252709,2.6245038792066016,2.6245038792066016,-0.47745148644779434,-0.47745148644779434,-0.5035927598158949,-0.5035927598158949,-0.5003284422371728,-0.5003284422371728,-0.4807158040265218,-0.4807158040265218,preceding,preceding,1,1,vehicle
55350.09999998596,35.84688648465364,35.84688648465364,2.1739423887352296,2.1739423887352296,5.369808436777706,5.369808436777706,4.970461127770932,4.970461127770932,2.5732896977420032,2.5732896977420032,-0.33356692983765157,-0.33356692983765157,-0.3617284152904716,-0.3617284152904716,-0.35821182044328737,-0.35821182044328737,-0.3370835246848305,-0.3370835246848305,preceding,preceding,1,1,vehicle
55350.19999998595,35.8941012841102,35.8941012841102,2.1582645347783744,2.1582645347783744,5.3499289426575665,5.3499289426575665,4.951106303165514,4.951106303165514,2.5570871742704266,2.5570871742704266,-0.030598895550468797,-0.030598895550468797,-0.07155266437032992,-0.07155266437032992,-0.06643865637464685,-0.06643865637464685,-0.03571290354614831,-0.03571290354614831,preceding,preceding,1,1,vehicle
55350.299999985946,35.939043025970506,35.939043025970506,2.1678226096293427,2.1678226096293427,5.355497903908593,5.355497903908593,4.957173396500862,4.957173396500862,2.5661471170370733,2.5661471170370733,0.07723870404671018,0.07723870404671018,0.040749715353481264,0.040749715353481264,0.045306205090525964,0.045306205090525964,0.07268221430966904,0.07268221430966904,preceding,preceding,1,1,vehicle
55350.39999998594,35.97640438873815,35.97640438873815,2.1737122755871967,2.1737122755871967,5.358078885728065,5.358078885728065,4.960167544183381,4.960167544183381,2.571623617131881,2.571623617131881,-0.0031207895765348326,-0.0031207895765348326,-0.03591752288862793,-0.03591752288862793,-0.031822086729206944,-0.031822086729206944,-0.0072162257359593696,-0.0072162257359593696,preceding,preceding,1,1,vehicle
55350.49999998595,36.01318624400874,36.01318624400874,2.1671984517113145,2.1671984517113145,5.348314399328015,5.348314399328015,4.950808979152185,4.950808979152185,2.564703871887144,2.564703871887144,-0.0652838164688827,-0.0652838164688827,-0.09771557503884054,-0.09771557503884054,-0.09366570603665636,-0.09366570603665636,-0.06933368547106689,-0.06933368547106689,preceding,preceding,1,1,vehicle
55350.59999998595,36.049873383386505,36.049873383386505,2.1606555122926645,2.1606555122926645,5.338535770719162,5.338535770719162,4.941434402974962,4.941434402974962,2.557756880036864,2.557756880036864,-0.16597913860991653,-0.16597913860991653,-0.19463931326246708,-0.19463931326246708,-0.1910604088089265,-0.1910604088089265,-0.16955804306346067,-0.16955804306346067,preceding,preceding,1,1,vehicle
55350.69999998595,36.078228722383756,36.078228722383756,2.134002623989814,2.134002623989814,5.309386536676088,5.309386536676088,4.912596897390957,4.912596897390957,2.5307922632749453,2.5307922632749453,-0.04218485996682908,-0.04218485996682908,-0.07129260198811593,-0.07129260198811593,-0.06765780052306525,-0.06765780052306525,-0.04581966143187799,-0.04581966143187799,preceding,preceding,1,1,vehicle
55350.799999985946,36.11606813077023,36.11606813077023,2.1522185402994216,2.1522185402994216,5.324277250321746,5.324277250321746,4.927902842870545,4.927902842870545,2.548592947750622,2.548592947750622,0.07926865723816157,0.07926865723816157,0.04644037200542428,0.04644037200542428,0.050539780216279695,0.050539780216279695,0.07516924902730793,0.07516924902730793,preceding,preceding,1,1,vehicle
55350.89999998594,36.15301952325726,36.15301952325726,2.1498563554381365,2.1498563554381365,5.318674611078191,5.318674611078191,4.9227048534351905,4.9227048534351905,2.5458261130811377,2.5458261130811377,-0.023433147751452665,-0.023433147751452665,-0.055837142685238206,-0.055837142685238206,-0.051790708987653034,-0.051790708987653034,-0.027479581449043167,-0.027479581449043167,preceding,preceding,1,1,vehicle
55350.999999985936,36.19004529161278,36.19004529161278,2.1475319107493727,2.1475319107493727,5.313109821785269,5.313109821785269,4.917544701073545,4.917544701073545,2.5430970314610963,2.5430970314610963,0.08152476745448389,0.08152476745448389,0.052023686008578096,0.052023686008578096,0.05570762663298723,0.05570762663298723,0.07784082683007121,0.07784082683007121,preceding,preceding,1,1,vehicle
55351.099999985934,36.220494973110384,36.220494973110384,2.166161308928796,2.166161308928796,5.329079348279755,5.329079348279755,4.933846378761626,4.933846378761626,2.5613942784469255,2.5613942784469255,0.08745536838435086,0.08745536838435086,0.06607613945410051,0.06607613945410051,0.06874586975723673,0.06874586975723673,0.0847856380812182,0.0847856380812182,preceding,preceding,1,1,vehicle
55351.19999998594,36.23901933798902,36.23901933798902,2.1650229844251863,2.1650229844251863,5.326325049675016,5.326325049675016,4.931293875023921,4.931293875023921,2.560054159076281,2.560054159076281,0.02958178584914073,0.02958178584914073,0.013274944782050824,0.013274944782050824,0.015311263641006434,0.015311263641006434,0.02754546699018867,0.02754546699018867,preceding,preceding,1,1,vehicle
55351.29999998594,36.25790041655871,36.25790041655871,2.172077666098157,2.172077666098157,5.33173433723563,5.33173433723563,4.936908631489299,4.936908631489299,2.5669033718444876,2.5669033718444876,0.09311445818516262,0.09311445818516262,0.079867128050779,0.079867128050779,0.08152139146250548,0.08152139146250548,0.09146019477343614,0.09146019477343614,preceding,preceding,1,1,vehicle
55351.39999998594,36.269431914331165,36.269431914331165,2.1836458760619477,2.1836458760619477,5.342298475284939,5.342298475284939,4.947598153316185,4.947598153316185,2.578346198030702,2.578346198030702,0.21584256764210608,0.21584256764210608,0.20213467091533843,0.20213467091533843,0.20384644951734643,0.20384644951734643,0.21413078904010518,0.21413078904010518,preceding,preceding,1,1,vehicle
55351.499999985936,36.28940404821225,36.28940404821225,2.21524617962595,2.21524617962595,5.3721612714181095,5.3721612714181095,4.977677921392175,4.977677921392175,2.609729529651885,2.609729529651885,0.20972531443381293,0.20972531443381293,0.18796296012781966,0.18796296012781966,0.19068054516403876,0.19068054516403876,0.2070077293975956,0.2070077293975956,preceding,preceding,1,1,vehicle
55351.599999985934,36.319503744659066,36.319503744659066,2.2255909389481,2.2255909389481,5.3798910673099565,5.3798910673099565,4.985734262348438,4.985734262348438,2.6197477439096186,2.6197477439096186,0.15813597465826845,0.15813597465826845,0.14944320608665507,0.14944320608665507,0.15052872026812736,0.15052872026812736,0.15705046047679083,0.15705046047679083,preceding,preceding,1,1,vehicle
55351.699999985925,36.30941021981087,36.30941021981087,2.246873374555197,2.246873374555197,5.402049912632869,5.402049912632869,5.007783665443249,5.007783665443249,2.641139621744816,2.641139621744816,0.20477673221060755,0.20477673221060755,0.20402263019625266,0.20402263019625266,0.20411679920184156,0.20411679920184156,0.2046825632050151,0.2046825632050151,preceding,preceding,1,1,vehicle
55351.79999998593,36.32124129401914,36.32124129401914,2.266546285389391,2.266546285389391,5.420695593348102,5.420695593348102,5.0265576221877355,5.0265576221877355,2.6606842565497573,2.6606842565497573,0.20042209294256175,0.20042209294256175,0.19497034207838837,0.19497034207838837,0.195651133027134,0.195651133027134,0.19974130199381968,0.19974130199381968,preceding,preceding,1,1,vehicle
55351.89999998593,36.3219685274993,36.3219685274993,2.2869577931445306,2.2869577931445306,5.4410439810492734,5.4410439810492734,5.046913892049415,5.046913892049415,2.6810878821443893,2.6810878821443893,0.15323117546966536,0.15323117546966536,0.13990249073374983,0.13990249073374983,0.14156692084933553,0.14156692084933553,0.15156674535407433,0.15156674535407433,preceding,preceding,1,1,vehicle
55351.99999998593,36.351979761631846,36.351979761631846,2.297192520482878,2.297192520482878,5.448676091494444,5.448676091494444,5.054871006357191,5.054871006357191,2.6909976056201312,2.6909976056201312,0.11631670994507459,0.11631670994507459,0.10791350863571836,0.10791350863571836,0.10896286480357631,0.10896286480357631,0.11526735377722197,0.11526735377722197,preceding,preceding,1,1,vehicle
55352.09999998593,36.341342620066065,36.341342620066065,2.310221135133207,2.310221135133207,5.462626682776103,5.462626682776103,5.068706465009813,5.068706465009813,2.704141352899498,2.704141352899498,0.22862180703051038,0.22862180703051038,0.2326338306664546,0.2326338306664546,0.2321328257269748,0.2321328257269748,0.2291228119699973,0.2291228119699973,oncoming,oncoming,1,1,vehicle
55352.199999985925,36.3427218085955,36.3427218085955,2.342916881888315,2.342916881888315,5.495202857627058,5.495202857627058,5.1012975715019095,5.1012975715019095,2.7368221680134637,2.7368221680134637,0.2615783638223874,0.2615783638223874,0.25584966744300885,0.25584966744300885,0.2565650434072708,0.2565650434072708,0.260862987858129,0.260862987858129,preceding,preceding,1,1,vehicle
55352.29999998592,36.354562321776136,36.354562321776136,2.362536807895972,2.362536807895972,5.513796616263117,5.513796616263117,5.120019473689663,5.120019473689663,2.7563139504694263,2.7563139504694263,0.26559510296559097,0.26559510296559097,0.26463881770849795,0.26463881770849795,0.26475823463833237,0.26475823463833237,0.2654756860357601,0.2654756860357601,preceding,preceding,1,1,vehicle
55352.39999998592,36.344928058782735,36.344928058782735,2.39603590248268,2.39603590248268,5.548130621170278,5.548130621170278,5.154249218431062,5.154249218431062,2.7899173052218966,2.7899173052218966,0.2655282237935026,0.2655282237935026,0.26456310882660716,0.26456310882660716,0.26468362845199067,0.26468362845199067,0.2654077041681209,0.2654077041681209,preceding,preceding,1,1,vehicle
55352.49999998592,36.35679039433379,36.35679039433379,2.4156424526568423,2.4156424526568423,5.5667092380307395,5.5667092380307395,5.172956199382345,5.172956199382345,2.809395491305237,2.809395491305237,0.20685970988070146,0.20685970988070146,0.20936366329466694,0.20936366329466694,0.20905098002602784,0.20905098002602784,0.20717239314933877,0.20717239314933877,oncoming,oncoming,1,1,vehicle
55352.59999998592,36.339151743200205,36.339151743200205,2.4374078444582183,2.4374078444582183,5.590003353828602,5.590003353828602,5.196059414435659,5.196059414435659,2.8313517838511615,2.8313517838511615,0.21094036278046602,0.21094036278046602,0.21822905975356122,0.21822905975356122,0.21731887733128374,0.21731887733128374,0.21185054520273638,0.21185054520273638,oncoming,oncoming,1,1,vehicle
55352.69999998592,36.339970395759,36.339970395759,2.4578305252123216,2.4578305252123216,5.610355049980816,5.610355049980816,5.21641997484797,5.21641997484797,2.8517656003451677,2.8517656003451677,0.1019595752327973,0.1019595752327973,0.101686365518173,0.101686365518173,0.10172048280410095,0.10172048280410095,0.10192545794687291,0.10192545794687291,preceding,preceding,1,1,vehicle
55352.79999998592,36.339781915566704,36.339781915566704,2.457799759504481,2.457799759504481,5.610340626931941,5.610340626931941,5.216403510996183,5.216403510996183,2.8517368754402392,2.8517368754402392,0.30610494082808515,0.30610494082808515,0.30502018529100283,0.30502018529100283,0.3051556450363542,0.3051556450363542,0.3059694810827338,0.3059694810827338,preceding,preceding,1,1,vehicle
55352.89999998592,36.34247268207626,36.34247268207626,2.519051513383734,2.519051513383734,5.671359087044789,5.671359087044789,5.277451103861016,5.277451103861016,2.912959496567507,2.912959496567507,0.5147553244244403,0.5147553244244403,0.5175984185235407,0.5175984185235407,0.517243384886843,0.517243384886843,0.515110358061138,0.515110358061138,oncoming,oncoming,1,1,vehicle
55352.99999998592,36.33322524036207,36.33322524036207,2.560750824393039,2.560750824393039,5.713860310640256,5.713860310640256,5.319852187977166,5.319852187977166,2.9547589470561286,2.9547589470561286,0.4198699059336022,0.4198699059336022,0.4311070762914895,0.4311070762914895,0.4297038262430739,0.4297038262430739,0.4212731559820231,0.4212731559820231,oncoming,oncoming,1,1,vehicle
55353.09999998591,36.31656774570543,36.31656774570543,2.6030254945661357,2.6030254945661357,5.757580502298607,5.757580502298607,5.363391869105171,5.363391869105171,2.9972141277595723,2.9972141277595723,0.3501323725501049,0.3501323725501049,0.35199762082871544,0.35199762082871544,0.35176469653572795,0.35176469653572795,0.35036529684309947,0.35036529684309947,oncoming,oncoming,1,1,vehicle
55353.19999998591,36.32892493384638,36.32892493384638,2.630777298898437,2.630777298898437,5.7842598348011744,5.7842598348011744,5.390205127279511,5.390205127279511,3.0248320064201,3.0248320064201,0.49332183619614334,0.49332183619614334,0.4945797351583252,0.4945797351583252,0.4944226542090071,0.4944226542090071,0.4934789171454579,0.4934789171454579,oncoming,oncoming,1,1,vehicle
55353.29999998591,36.3136702202693,36.3136702202693,2.7016898618039287,2.7016898618039287,5.856496449328833,5.856496449328833,5.462276399945534,5.462276399945534,3.0959099111872277,3.0959099111872277,0.7708491041445757,0.7708491041445757,0.7837883448414757,0.7837883448414757,0.7821725488592044,0.7821725488592044,0.7724649001268489,0.7724649001268489,oncoming,oncoming,1,1,vehicle
55353.39999998591,36.299121656081596,36.299121656081596,2.7849471197251088,2.7849471197251088,5.941017503767188,5.941017503767188,5.546639637049076,5.546639637049076,3.1793249864432216,3.1793249864432216,0.976428867258047,0.976428867258047,0.9883278327354326,0.9883278327354326,0.9868419429333137,0.9868419429333137,0.977914757060173,0.977914757060173,oncoming,oncoming,1,1,vehicle
55353.49999998591,36.286284215559924,36.286284215559924,2.8969756352526965,2.8969756352526965,6.054162015873043,6.054162015873043,5.659644788529324,5.659644788529324,3.291492862596416,3.291492862596416,0.9486715260533582,0.9486715260533582,0.9525513075405847,0.9525513075405847,0.9520668178531757,0.9520668178531757,0.9491560157407655,0.9491560157407655,oncoming,oncoming,1,1,vehicle
55353.59999998591,36.29019477788161,36.29019477788161,2.9746814249374247,2.9746814249374247,6.131527765276861,6.131527765276861,5.737053000621277,5.737053000621277,3.369156189593008,3.369156189593008,0.8254876518616072,0.8254876518616072,0.8300429916262573,0.8300429916262573,0.8294741416806026,0.8294741416806026,0.8260565018072654,0.8260565018072654,oncoming,oncoming,1,1,vehicle
55353.699999985896,36.27581081833391,36.27581081833391,3.0620731656144953,3.0620731656144953,6.220170614187379,6.220170614187379,5.825539616854576,5.825539616854576,3.4567041629472977,3.4567041629472977,1.140704684121891,1.140704684121891,1.151823868636349,1.151823868636349,1.1504353561282166,1.1504353561282166,1.1420931966300252,1.1420931966300252,oncoming,oncoming,1,1,vehicle
55353.799999985895,36.26463525217911,36.26463525217911,3.202822361749648,3.202822361749648,6.361892538991741,6.361892538991741,5.96714007183456,5.96714007183456,3.5975748289068292,3.5975748289068292,1.3469073250511414,1.3469073250511414,1.3567740711293936,1.3567740711293936,1.3555419582369233,1.3555419582369233,1.3481394379436082,1.3481394379436082,oncoming,oncoming,1,1,vehicle
55353.8999999859,36.25314641652493,36.25314641652493,3.3314546306297217,3.3314546306297217,6.491525428418301,6.491525428418301,6.096648008506999,6.096648008506999,3.726332050541024,3.726332050541024,1.450747994207255,1.450747994207255,1.4597934715363543,1.4597934715363543,1.458663915462747,1.458663915462747,1.4518775502808587,1.4518775502808587,oncoming,oncoming,1,1,vehicle
55353.9999999859,36.24386905287049,36.24386905287049,3.49297196059504,3.49297196059504,6.653851233303006,6.653851233303006,6.258872854931097,6.258872854931097,3.8879503389669487,3.8879503389669487,1.6500361889325532,1.6500361889325532,1.6530940831102399,1.6530940831102399,1.6527122279645816,1.6527122279645816,1.650418044078208,1.650418044078208,oncoming,oncoming,1,1,vehicle
55354.0999999859,36.24612802610965,36.24612802610965,3.66146186841143,3.66146186841143,6.822144245035537,6.822144245035537,6.427190454095105,6.427190454095105,4.056415659351862,4.056415659351862,1.861454594273173,1.861454594273173,1.8679910390837051,1.8679910390837051,1.8671747998307318,1.8671747998307318,1.8622708335261535,1.8622708335261535,oncoming,oncoming,1,1,vehicle
55354.199999985896,36.22887776234812,36.22887776234812,3.8652628794442565,3.8652628794442565,7.027449441114311,7.027449441114311,6.632307814891808,6.632307814891808,4.260404505666759,4.260404505666759,1.8890709461690278,1.8890709461690278,1.899943618726546,1.899943618726546,1.8985858927678692,1.8985858927678692,1.890428672127701,1.890428672127701,oncoming,oncoming,1,1,vehicle
55354.299999985895,36.221195358619624,36.221195358619624,4.0392760576397375,4.0392760576397375,7.202132968775317,7.202132968775317,6.806907632643154,6.806907632643154,4.4345013937719004,4.4345013937719004,1.7512354135897965,1.7512354135897965,1.765980281604314,1.765980281604314,1.7641390170958502,1.7641390170958502,1.7530766780982638,1.7530766780982638,oncoming,oncoming,1,1,vehicle
55354.399999985886,36.19510597417712,36.19510597417712,4.215509962144216,4.215509962144216,7.380645497416907,7.380645497416907,6.985135618292745,6.985135618292745,4.611019841268378,4.611019841268378,2.079728833757521,2.079728833757521,2.0923041159108138,2.0923041159108138,2.090733778757368,2.090733778757368,2.0812991709109667,2.0812991709109667,oncoming,oncoming,1,1,vehicle
55354.49999998589,36.19240106421111,36.19240106421111,4.455221824394426,4.455221824394426,7.62059379196033,7.62059379196033,7.22505438839752,7.22505438839752,4.8507612279572365,4.8507612279572365,2.2825433959155,2.2825433959155,2.290122842071206,2.290122842071206,2.289176360525637,2.289176360525637,2.283489877461072,2.283489877461072,oncoming,oncoming,1,1,vehicle
55354.59999998589,36.177770408263925,36.177770408263925,4.672018641338948,4.672018641338948,7.838670065842738,7.838670065842738,7.442970890409466,7.442970890409466,5.06771781677222,5.06771781677222,2.1533007606882215,2.1533007606882215,2.1693152718082302,2.1693152718082302,2.1673154648895547,2.1673154648895547,2.155300567606904,2.155300567606904,oncoming,oncoming,1,1,vehicle
55354.69999998589,36.15579793972692,36.15579793972692,4.885881976525804,4.885881976525804,8.054456846315663,8.054456846315663,7.658517481369122,7.658517481369122,5.2818213414723445,5.2818213414723445,2.3242067985256654,2.3242067985256654,2.342033408712453,2.342033408712453,2.339807318567857,2.339807318567857,2.3264328886702543,2.3264328886702543,oncoming,oncoming,1,1,vehicle
55354.79999998589,36.137063056238134,36.137063056238134,5.136860001037316,5.136860001037316,8.307076747578412,8.307076747578412,7.910932354116229,7.910932354116229,5.5330043944995,5.5330043944995,2.5792250340644642,2.5792250340644642,2.586608207223577,2.586608207223577,2.5856862372207985,2.5856862372207985,2.580147004067232,2.580147004067232,oncoming,oncoming,1,1,vehicle
55354.899999985886,36.138947698417624,36.138947698417624,5.40172698333119,5.40172698333119,8.57177848775285,8.57177848775285,8.175654728805757,8.175654728805757,5.797850742278282,5.797850742278282,2.6223961531966538,2.6223961531966538,2.628844484739531,2.628844484739531,2.628039253400388,2.628039253400388,2.6232013845357933,2.6232013845357933,oncoming,oncoming,1,1,vehicle
55354.99999998589,36.1223607224029,36.1223607224029,5.6613392316877125,5.6613392316877125,8.83284564453753,8.83284564453753,8.4365402048075,8.4365402048075,6.0576446714177425,6.0576446714177425,2.7615785486028166,2.7615785486028166,2.774478930126598,2.774478930126598,2.772868003601495,2.772868003601495,2.763189475127934,2.763189475127934,oncoming,oncoming,1,1,vehicle
55355.09999998588,36.10954344903211,36.10954344903211,5.9540426930389,5.9540426930389,9.126674273765328,9.126674273765328,8.730228329513212,8.730228329513212,6.350488637291017,6.350488637291017,2.6819348424150746,2.6819348424150746,2.6948821875434703,2.6948821875434703,2.693265397967778,2.693265397967778,2.6835516319907775,2.6835516319907775,oncoming,oncoming,1,1,vehicle
55355.19999998588,36.09287656672956,36.09287656672956,6.197726200139842,6.197726200139842,9.371822082015232,9.371822082015232,8.975193284370075,8.975193284370075,6.594354997784999,6.594354997784999,2.602194897058954,2.602194897058954,2.6151338264032233,2.6151338264032233,2.613518088895731,2.613518088895731,2.6038106345664467,2.6038106345664467,oncoming,oncoming,1,1,vehicle
55355.29999998588,36.080099324322916,36.080099324322916,6.474481672443118,6.474481672443118,9.649701039038362,9.649701039038362,9.252931947284752,9.252931947284752,6.871250764196729,6.871250764196729,2.809798183134397,2.809798183134397,2.8202689830271055,2.8202689830271055,2.8189614520418402,2.8189614520418402,2.8111057141196696,2.8111057141196696,oncoming,oncoming,1,1,vehicle
55355.39999998588,36.06906724033843,36.06906724033843,6.7596858367585435,6.7596858367585435,9.935875878612444,9.935875878612444,9.538985574770239,9.538985574770239,7.15657614060075,7.15657614060075,2.9958695758153198,2.9958695758153198,3.0040503216646712,3.0040503216646712,3.0030287595386227,3.0030287595386227,2.9968911379413683,2.9968911379413683,oncoming,oncoming,1,1,vehicle
55355.49999998588,36.06150777705105,36.06150777705105,7.073655587597463,7.073655587597463,10.250511103362554,10.250511103362554,9.853537699183736,9.853537699183736,7.47062899177628,7.47062899177628,2.9859058337200466,2.9859058337200466,2.9885149417324115,2.9885149417324115,2.9881891321697225,2.9881891321697225,2.9862316432827356,2.9862316432827356,oncoming,oncoming,1,1,vehicle
55355.59999998588,36.06313933014579,36.06313933014579,7.356867003513351,7.356867003513351,10.533578866969677,10.533578866969677,10.136623401214939,10.136623401214939,7.753822469268089,7.753822469268089,2.987376204929255,2.987376204929255,2.9971536672112364,2.9971536672112364,2.9959327181761424,2.9959327181761424,2.9885971539643563,2.9885971539643563,oncoming,oncoming,1,1,vehicle
55355.69999998587,36.039312634638755,36.039312634638755,7.671130828546106,7.671130828546106,10.849941836767004,10.849941836767004,10.45272424278124,10.45272424278124,8.06834842253187,8.06834842253187,3.5126566613759422,3.5126566613759422,3.5296229202501053,3.5296229202501053,3.5275042795206843,3.5275042795206843,3.514775302105356,3.514775302105356,oncoming,oncoming,1,1,vehicle
55355.79999998586,36.02463932498117,36.02463932498117,8.059398335707026,8.059398335707026,11.239503450937708,11.239503450937708,10.842124257037145,10.842124257037145,8.456777529607589,8.456777529607589,3.5781420443375254,3.5781420443375254,3.59348401870389,3.59348401870389,3.5915682108674787,3.5915682108674787,3.580057852173944,3.580057852173944,oncoming,oncoming,1,1,vehicle
55355.89999998587,36.004540851388406,36.004540851388406,8.386759237415937,8.386759237415937,11.56863864051028,11.56863864051028,11.171037884957212,11.171037884957212,8.784359992969005,8.784359992969005,3.4657986850575284,3.4657986850575284,3.4761401634568614,3.4761401634568614,3.4748487862931086,3.4748487862931086,3.467090062221274,3.467090062221274,oncoming,oncoming,1,1,vehicle
55355.99999998587,36.00121260418492,36.00121260418492,8.752558072753285,8.752558072753285,11.93473148366417,11.93473148366417,11.537094014330815,11.537094014330815,9.150195542086639,9.150195542086639,3.414018548813374,3.414018548813374,3.4189153476803185,3.4189153476803185,3.4183038674802972,3.4183038674802972,3.414630029013395,3.414630029013395,oncoming,oncoming,1,1,vehicle
55356.09999998587,35.99345662315334,35.99345662315334,9.069562947168675,9.069562947168675,12.252421710036392,12.252421710036392,11.854698658443322,11.854698658443322,9.467285998761746,9.467285998761746,3.0745773461358894,3.0745773461358894,3.077074702829762,3.077074702829762,3.0767628492781753,3.0767628492781753,3.074889199687483,3.074889199687483,oncoming,oncoming,1,1,vehicle
55356.19999998587,35.99555986418334,35.99555986418334,9.367473541971515,9.367473541971515,12.550146424221166,12.550146424221166,12.152446584177495,12.152446584177495,9.765173382015186,9.765173382015186,3.182666554636228,3.182666554636228,3.1912939797145867,3.1912939797145867,3.19021664425307,3.19021664425307,3.1837438900977446,3.1837438900977446,oncoming,oncoming,1,1,vehicle
55356.29999998586,35.97394445824064,35.97394445824064,9.706096258060539,9.706096258060539,12.890680505943687,12.890680505943687,12.492741987258343,12.492741987258343,10.104034776745882,10.104034776745882,3.366632123254263,3.366632123254263,3.3722013879766664,3.3722013879766664,3.3715059350222347,3.3715059350222347,3.3673275762086874,3.3673275762086874,oncoming,oncoming,1,1,vehicle
55356.39999998586,35.982960279617,35.982960279617,10.04079996658779,10.04079996658779,13.224586701781666,13.224586701781666,12.826747771147142,12.826747771147142,10.438638897222313,10.438638897222313,3.2677467756976526,3.2677467756976526,3.2735405597379668,3.2735405597379668,3.2728170711872764,3.2728170711872764,3.268470264248336,3.268470264248336,oncoming,oncoming,1,1,vehicle
55356.49999998586,35.96085284112289,35.96085284112289,10.35964561321318,10.35964561321318,13.545388617904615,13.545388617904615,13.147305401509108,13.147305401509108,10.757728829608688,10.757728829608688,3.2385505531175554,3.2385505531175554,3.246940238844971,3.246940238844971,3.2458925912960552,3.2458925912960552,3.239598200666485,3.239598200666485,oncoming,oncoming,1,1,vehicle
55356.59999998586,35.96399656697375,35.96399656697375,10.68851007722471,10.68851007722471,13.873974749564269,13.873974749564269,13.475926289419935,13.475926289419935,11.086558537369044,11.086558537369044,3.450631110807265,3.450631110807265,3.445320610877488,3.445320610877488,3.445983750157879,3.445983750157879,3.449967971526881,3.449967971526881,preceding,preceding,1,1,vehicle
55356.69999998586,35.97285206680466,35.97285206680466,11.049771835364592,11.049771835364592,14.234452740070086,14.234452740070086,13.836502151530654,13.836502151530654,11.447722423904024,11.447722423904024,3.5785193617122317,3.5785193617122317,3.583866211248221,3.583866211248221,3.5831985332102647,3.5831985332102647,3.579187039750188,3.579187039750188,oncoming,oncoming,1,1,vehicle
55356.79999998586,35.9519211777279,35.9519211777279,11.404213949556741,11.404213949556741,14.590747991803482,14.590747991803482,14.19256599605156,14.19256599605156,11.802395945308664,11.802395945308664,3.4473554042463093,3.4473554042463093,3.4616085329893167,3.4616085329893167,3.4598286997771197,3.4598286997771197,3.4491352374585063,3.4491352374585063,oncoming,oncoming,1,1,vehicle
55356.89999998586,35.94066478267645,35.94066478267645,11.73924291620382,11.73924291620382,14.926774446657875,14.926774446657875,14.528467891476009,14.528467891476009,12.137549471385686,12.137549471385686,3.4427521494640843,3.4427521494640843,3.437482593445438,3.437482593445438,3.43814061959381,3.43814061959381,3.4420941233157194,3.4420941233157194,preceding,preceding,1,1,vehicle
55356.99999998586,35.963821948630056,35.963821948630056,12.092764379465933,12.092764379465933,15.2782445105087,15.2782445105087,14.88019411998648,14.88019411998648,12.490814769988152,12.490814769988152,3.6577303098103116,3.6577303098103116,3.656642132742604,3.656642132742604,3.6567780167365527,3.6567780167365527,3.65759442581637,3.65759442581637,preceding,preceding,1,1,vehicle
55357.09999998586,35.94312014097732,35.94312014097732,12.470788978180067,12.470788978180067,15.658102873220294,15.658102873220294,15.259823494837253,15.259823494837253,12.869068356563108,12.869068356563108,3.6012396744424535,3.6012396744424535,3.6116351759130225,3.6116351759130225,3.6103370571469213,3.6103370571469213,3.6025377932085476,3.6025377932085476,oncoming,oncoming,1,1,vehicle
55357.19999998585,35.940352285928704,35.940352285928704,12.813012314320344,12.813012314320344,16.000571545657234,16.000571545657234,15.602261531381796,15.602261531381796,13.211322328595784,13.211322328595784,3.3491468129149595,3.3491468129149595,3.3484629211617687,3.3484629211617687,3.348548320823369,3.348548320823369,3.3490614132533665,3.3490614132533665,preceding,preceding,1,1,vehicle
55357.29999998585,35.94466344309223,35.94466344309223,13.14061834072788,13.14061834072788,16.32779545741743,16.32779545741743,15.929533158966715,15.929533158966715,13.538880639178595,13.538880639178595,3.309647262135755,3.309647262135755,3.3083643853151443,3.3083643853151443,3.308524582061054,3.308524582061054,3.3094870653898596,3.3094870653898596,preceding,preceding,1,1,vehicle
55357.39999998585,35.943246949010046,35.943246949010046,13.474941766737864,13.474941766737864,16.662244422710636,16.662244422710636,16.263966447784377,16.263966447784377,13.873219741664125,13.873219741664125,3.425371369673755,3.425371369673755,3.4298046825125255,3.4298046825125255,3.429251081268035,3.429251081268035,3.425924970918274,3.425924970918274,oncoming,oncoming,1,1,vehicle
55357.49999998585,35.93466137459838,35.93466137459838,13.825692614652663,13.825692614652663,17.013756393909954,17.013756393909954,16.61538337521034,16.61538337521034,14.224065633352279,14.224065633352279,3.4064244356392663,3.4064244356392663,3.4099645368451377,3.4099645368451377,3.4095224736614114,3.4095224736614114,3.4068664988229926,3.4068664988229926,oncoming,oncoming,1,1,vehicle
55357.59999998585,35.93526025116804,35.93526025116804,14.156226653855802,14.156226653855802,17.34423733006974,17.34423733006974,16.945870942506737,16.945870942506737,14.554593041418807,14.554593041418807,3.423015589410795,3.423015589410795,3.428549355570766,3.428549355570766,3.427858337815863,3.427858337815863,3.4237066071656983,3.4237066071656983,oncoming,oncoming,1,1,vehicle
55357.69999998585,35.92218435736237,35.92218435736237,14.510295732551477,14.510295732551477,17.699466265040876,17.699466265040876,17.300955042790264,17.300955042790264,14.908806954802088,14.908806954802088,3.439184424279489,3.439184424279489,3.446821403749368,3.446821403749368,3.445867751620682,3.445867751620682,3.4401380764081466,3.4401380764081466,oncoming,oncoming,1,1,vehicle
55357.79999998584,35.918042802689186,35.918042802689186,14.844063538681096,14.844063538681096,18.033601610789106,18.033601610789106,17.635044492800358,17.635044492800358,15.242620656669848,15.242620656669848,3.3618904129425573,3.3618904129425573,3.3696424624361043,3.3696424624361043,3.3686744418983494,3.3686744418983494,3.362858433480355,3.362858433480355,oncoming,oncoming,1,1,vehicle
55357.89999998584,35.90472031483199,35.90472031483199,15.182673815106801,15.182673815106801,18.373394757495007,18.373394757495007,17.97468993113683,17.97468993113683,15.581378641464982,15.581378641464982,3.3593967831082523,3.3593967831082523,3.360950683283235,3.360950683283235,3.3607566433036453,3.3607566433036453,3.359590823087828,3.359590823087828,oncoming,oncoming,1,1,vehicle
55357.99999998584,35.91454157776366,35.91454157776366,15.515942895317801,15.515942895317801,18.705791747460964,18.705791747460964,18.307195821476277,18.307195821476277,15.914538821302486,15.914538821302486,3.5414360649638468,3.5414360649638468,3.547214084763823,3.547214084763823,3.546492567569402,3.546492567569402,3.542157582158268,3.542157582158268,oncoming,oncoming,1,1,vehicle
55358.09999998584,35.8917144564301,35.8917144564301,15.890961028089263,15.890961028089263,19.08283757443745,19.08283757443745,18.683988444640388,18.683988444640388,16.289810157886325,16.289810157886325,3.7025003846463136,3.7025003846463136,3.712722807136231,3.712722807136231,3.7114463048283994,3.7114463048283994,3.7037768869541736,3.7037768869541736,oncoming,oncoming,1,1,vehicle
55358.19999998584,35.891525557818,35.891525557818,16.25644297223629,16.25644297223629,19.448336308877405,19.448336308877405,19.049485082431154,19.049485082431154,16.65529419868254,16.65529419868254,3.5221118760976964,3.5221118760976964,3.52928000541624,3.52928000541624,3.528384902170359,3.528384902170359,3.5230069793435774,3.5230069793435774,oncoming,oncoming,1,1,vehicle
55358.29999998584,35.875592652429695,35.875592652429695,16.595383403298552,16.595383403298552,19.788693575510425,19.788693575510425,19.38966542506419,19.38966542506419,16.994411553744786,16.994411553744786,3.4283637430204976,3.4283637430204976,3.444783522159568,3.444783522159568,3.4427331421926084,3.4427331421926084,3.4304141229874716,3.4304141229874716,oncoming,oncoming,1,1,vehicle
55358.39999998584,35.85461768277972,35.85461768277972,16.942115720855924,16.942115720855924,20.137293013324957,20.137293013324957,19.7380317108853,19.7380317108853,17.341377023295582,17.341377023295582,3.337079644745671,3.337079644745671,3.3473647850516244,3.3473647850516244,3.346080453841452,3.346080453841452,3.3383639759558292,3.3383639759558292,oncoming,oncoming,1,1,vehicle
55358.49999998584,35.85248565790921,35.85248565790921,17.262799332264148,17.262799332264148,20.45816653253738,20.45816653253738,20.05888151584909,20.05888151584909,17.662084348952437,17.662084348952437,3.273862086026071,3.273862086026071,3.2791308602156874,3.2791308602156874,3.2784729357711626,3.2784729357711626,3.2745200104705816,3.2745200104705816,oncoming,oncoming,1,1,vehicle
55358.59999998583,35.84279076239475,35.84279076239475,17.596888138026813,17.596888138026813,20.793119185333666,20.793119185333666,20.393726298005117,20.393726298005117,17.996281025355362,17.996281025355362,3.1960944745384268,3.1960944745384268,3.201821774788172,3.201821774788172,3.2011065932048552,3.2011065932048552,3.1968096561217436,3.1968096561217436,oncoming,oncoming,1,1,vehicle
55358.69999998583,35.839631371259806,35.839631371259806,17.90201822713717,17.90201822713717,21.09853088746025,21.09853088746025,20.69910283445531,20.69910283445531,18.30144628014211,18.30144628014211,3.2363310616465526,3.2363310616465526,3.2436491220511385,3.2436491220511385,3.24273529906759,3.24273529906759,3.2372448846301154,3.2372448846301154,oncoming,oncoming,1,1,vehicle
55358.79999998583,35.826376697898944,35.826376697898944,18.244154350346705,18.244154350346705,21.441849009734455,21.441849009734455,21.042273357809197,21.042273357809197,18.643730002271962,18.643730002271962,3.4228504506494772,3.4228504506494772,3.4340876226820285,3.4340876226820285,3.4326844118474753,3.4326844118474753,3.4242536614840304,3.4242536614840304,oncoming,oncoming,1,1,vehicle
55358.89999998583,35.81443753619612,35.81443753619612,18.586588317257103,18.586588317257103,21.78534841198666,21.78534841198666,21.385639716814815,21.385639716814815,18.98629701242895,18.98629701242895,3.161201628743626,3.161201628743626,3.1716088968823044,3.1716088968823044,3.1703093189195357,3.1703093189195357,3.1625012067063807,3.1625012067063807,oncoming,oncoming,1,1,vehicle
55358.99999998584,35.80305954134585,35.80305954134585,18.87639467612457,18.87639467612457,22.07617078914017,22.07617078914017,21.676335221622345,21.676335221622345,19.276230243642395,19.276230243642395,2.8892535244521724,2.8892535244521724,2.894013228506452,2.894013228506452,2.8934188742116476,2.8934188742116476,2.889847878746977,2.889847878746977,oncoming,oncoming,1,1,vehicle
55359.09999998583,35.80377690671306,35.80377690671306,19.164439022160536,19.164439022160536,22.364151057701207,22.364151057701207,21.964323491670367,21.964323491670367,19.564266588191376,19.564266588191376,2.9695118885777276,2.9695118885777276,2.975266428228892,2.975266428228892,2.9745478472259492,2.9745478472259492,2.970230469580642,2.970230469580642,oncoming,oncoming,1,1,vehicle
55359.19999998582,35.79017969255923,35.79017969255923,19.470297053788258,19.470297053788258,22.671224074733992,22.671224074733992,22.271244791015594,22.271244791015594,19.870276337506656,19.870276337506656,3.0404069978900026,3.0404069978900026,3.052544335845937,3.052544335845937,3.05102872246907,3.05102872246907,3.0419226112668696,3.0419226112668696,oncoming,oncoming,1,1,vehicle
55359.29999998582,35.776620776394616,35.776620776394616,19.772520421707302,19.772520421707302,22.974659924839035,22.974659924839035,22.574529236132836,22.574529236132836,20.1726511104135,20.1726511104135,2.914729758302542,2.914729758302542,2.923519206163192,2.923519206163192,2.922421651057732,2.922421651057732,2.915827313408002,2.915827313408002,oncoming,oncoming,1,1,vehicle
55359.39999998582,35.77052495484358,35.77052495484358,20.053243005440283,20.053243005440283,23.25592791595812,23.25592791595812,22.855729121218634,22.855729121218634,20.45344180017977,20.45344180017977,3.1053990052373024,3.1053990052373024,3.1179554024659097,3.1179554024659097,3.116387462810934,3.116387462810934,3.106966944892278,3.106966944892278,oncoming,oncoming,1,1,vehicle
55359.49999998582,35.748570325636635,35.748570325636635,20.393600222745725,20.393600222745725,23.598251005323142,23.598251005323142,23.197806728685954,23.197806728685954,20.794044499382913,20.794044499382913,3.2062450342885,3.2062450342885,3.2192659275055604,3.2192659275055604,3.217639986027379,3.217639986027379,3.2078709757666815,3.2078709757666815,oncoming,oncoming,1,1,vehicle
55359.59999998582,35.74144758253381,35.74144758253381,20.694492012288652,20.694492012288652,23.899781101449864,23.899781101449864,23.499257118414747,23.499257118414747,21.09501599532377,21.09501599532377,3.099981346184393,3.099981346184393,3.1090185504332624,3.1090185504332624,3.1078900602278168,3.1078900602278168,3.1011098363898384,3.1011098363898384,oncoming,oncoming,1,1,vehicle
55359.69999998582,35.72840878520892,35.72840878520892,21.01359649199746,21.01359649199746,24.22005471542473,24.22005471542473,23.819384740746443,23.819384740746443,21.41426646667575,21.41426646667575,3.2276940555247506,3.2276940555247506,3.2470693080198743,3.2470693080198743,3.244649891726695,3.244649891726695,3.2301134718179583,3.2301134718179583,oncoming,oncoming,1,1,vehicle
55359.79999998582,35.69826742098848,35.69826742098848,21.34003082340716,21.34003082340716,24.54919496306737,24.54919496306737,24.14818709677362,24.14818709677362,21.741038689700915,21.741038689700915,2.9522097681169015,2.9522097681169015,2.966591395601185,2.966591395601185,2.964795541384177,2.964795541384177,2.9540056223339235,2.9540056223339235,oncoming,oncoming,1,1,vehicle
55359.89999998581,35.69637092270561,35.69637092270561,21.604038445595314,21.604038445595314,24.813372994519476,24.813372994519476,24.412343848997782,24.412343848997782,22.005067591117008,22.005067591117008,2.734991004702877,2.734991004702877,2.7431460398445893,2.7431460398445893,2.742127710405086,2.742127710405086,2.736009334142352,2.736009334142352,oncoming,oncoming,1,1,vehicle
55359.99999998581,35.68012406880003,35.68012406880003,21.887029024321258,21.887029024321258,25.09782417100982,25.09782417100982,24.696612638828167,24.696612638828167,22.28824055650291,22.28824055650291,2.7972547281380287,2.7972547281380287,2.806810637461979,2.806810637461979,2.80561737934903,2.80561737934903,2.7984479862509772,2.7984479862509772,oncoming,oncoming,1,1,vehicle
55360.09999998581,35.675115011201335,35.675115011201335,22.163489391214778,22.163489391214778,25.374735122003703,25.374735122003703,24.97346732485942,24.97346732485942,22.56475718835906,22.56475718835906,2.74560464804955,2.74560464804955,2.7593413145977905,2.7593413145977905,2.757626002275771,2.757626002275771,2.74731996037157,2.74731996037157,oncoming,oncoming,1,1,vehicle
55360.19999998581,35.649604310460816,35.649604310460816,22.436149953923177,22.436149953923177,25.649692433921345,25.649692433921345,25.248137839275294,25.248137839275294,22.837704548569228,22.837704548569228,2.8246421255106497,2.8246421255106497,2.8447331335813715,2.8447331335813715,2.842224349553149,2.842224349553149,2.8271509095389007,2.8271509095389007,oncoming,oncoming,1,1,vehicle
55360.29999998581,35.630507497881155,35.630507497881155,22.72841781630869,22.72841781630869,25.9436817487117,25.9436817487117,25.541912194761778,25.541912194761778,23.13018737025861,23.13018737025861,2.8699750477820487,2.8699750477820487,2.8827112171483975,2.8827112171483975,2.881120840693086,2.881120840693086,2.8715654242373887,2.8715654242373887,oncoming,oncoming,1,1,vehicle
55360.39999998581,35.62135400223767,35.62135400223767,23.01014496349135,23.01014496349135,26.226234677362783,26.226234677362783,25.824362007425666,25.824362007425666,23.412017633428466,23.412017633428466,2.7635119397803294,2.7635119397803294,2.7674186958755342,2.7674186958755342,2.766930856135076,2.766930856135076,2.763999779520816,2.763999779520816,oncoming,oncoming,1,1,vehicle
55360.49999998581,35.62184637622209,35.62184637622209,23.2811202042776,23.2811202042776,26.497165487899736,26.497165487899736,26.095298366001707,26.095298366001707,23.682987326175628,23.682987326175628,2.7508116692118136,2.7508116692118136,2.75806950324872,2.75806950324872,2.7571632124179644,2.7571632124179644,2.7517179600425408,2.7517179600425408,oncoming,oncoming,1,1,vehicle
55360.5999999858,35.60527528279383,35.60527528279383,23.560307297305094,23.560307297305094,26.77784857798372,26.77784857798372,26.37579464988048,26.37579464988048,23.962361225408333,23.962361225408333,2.6425317285307983,2.6425317285307983,2.6556761323020055,2.6556761323020055,2.654034781951765,2.654034781951765,2.6441730788810247,2.6441730788810247,oncoming,oncoming,1,1,vehicle
55360.6999999858,35.592736626766076,35.592736626766076,23.809626549954665,23.809626549954665,27.028300714330882,27.028300714330882,26.626105322362825,26.626105322362825,24.21182194192272,24.21182194192272,2.5933733386053177,2.5933733386053177,2.6107836437074923,2.6107836437074923,2.608609610142736,2.608609610142736,2.5955473721700457,2.5955473721700457,oncoming,oncoming,1,1,vehicle
55360.7999999858,35.56676424127205,35.56676424127205,24.07898196501861,24.07898196501861,27.30000530671762,27.30000530671762,26.897516571901438,26.897516571901438,24.48147069983479,24.48147069983479,2.734833764957969,2.734833764957969,2.7515528850507565,2.7515528850507565,2.74946516153733,2.74946516153733,2.7369214884713955,2.7369214884713955,oncoming,oncoming,1,1,vehicle
55360.8999999858,35.55577888726796,35.55577888726796,24.3565933029383,24.3565933029383,27.578611291333026,27.578611291333026,27.17599835466229,27.17599835466229,24.759206239609036,24.759206239609036,2.6824860335804317,2.6824860335804317,2.6890720003497393,2.6890720003497393,2.6882496086349477,2.6882496086349477,2.6833084252952375,2.6833084252952375,oncoming,oncoming,1,1,vehicle
55360.9999999858,35.55221798344964,35.55221798344964,24.61547917172689,24.61547917172689,27.83781970677974,27.83781970677974,27.435166493620603,27.435166493620603,25.018132384886027,25.018132384886027,2.671684878570545,2.671684878570545,2.6926448896425086,2.6926448896425086,2.6900276106602234,2.6900276106602234,2.674302157552816,2.674302157552816,oncoming,oncoming,1,1,vehicle
55361.0999999858,35.50955482171499,35.50955482171499,24.890930278665277,24.890930278665277,28.117140269274746,28.117140269274746,27.71400387680751,27.71400387680751,25.294066671132512,25.294066671132512,2.7495852878341935,2.7495852878341935,2.767744788137378,2.767744788137378,2.765477209317538,2.765477209317538,2.751852866654062,2.751852866654062,oncoming,oncoming,1,1,vehicle
55361.199999985794,35.51217107127147,35.51217107127147,25.165396229285868,25.165396229285868,28.391368664399906,28.391368664399906,27.98826193547673,27.98826193547673,25.568502958209045,25.568502958209045,2.816217005558272,2.816217005558272,2.8244330793608867,2.8244330793608867,2.8234071392167834,2.8234071392167834,2.817242945702361,2.817242945702361,oncoming,oncoming,1,1,vehicle
55361.29999998579,35.49146828739457,35.49146828739457,25.454173679749285,25.454173679749285,28.682026885119345,28.682026885119345,28.278685304623284,28.278685304623284,25.857515260245346,25.857515260245346,2.9271789656194187,2.9271789656194187,2.944438778661265,2.944438778661265,2.9422835488183807,2.9422835488183807,2.9293341954622747,2.9293341954622747,oncoming,oncoming,1,1,vehicle
55361.39999998579,35.47419169806317,35.47419169806317,25.75083202240123,25.75083202240123,28.980256420123585,28.980256420123585,28.57671864523184,28.57671864523184,26.154369797292976,26.154369797292976,2.951585529969549,2.951585529969549,2.973026194071508,2.973026194071508,2.9703489060638617,2.9703489060638617,2.9542628179771953,2.9542628179771953,oncoming,oncoming,1,1,vehicle
55361.49999998579,35.44435626398123,35.44435626398123,26.044490785734602,26.044490785734602,29.276632123924998,29.276632123924998,28.87275508582741,28.87275508582741,26.44836782383219,26.44836782383219,2.7840788099170766,2.7840788099170766,2.8042278772219333,2.8042278772219333,2.8017118727873367,2.8017118727873367,2.7865948143517016,2.7865948143517016,oncoming,oncoming,1,1,vehicle
55361.59999998579,35.42995722514203,35.42995722514203,26.307647784376545,26.307647784376545,29.54110199555981,29.54110199555981,29.137061019781154,29.137061019781154,26.7116887601552,26.7116887601552,2.903163123961548,2.903163123961548,2.9115540887997327,2.9115540887997327,2.9105063140626726,2.9105063140626726,2.904210898698608,2.904210898698608,oncoming,oncoming,1,1,vehicle
55361.699999985794,35.425952628015,35.425952628015,26.625123410543537,26.625123410543537,29.858942941701542,29.858942941701542,29.454856348656545,29.454856348656545,27.029210003588535,27.029210003588535,3.209760449249643,3.209760449249643,3.2269632660617447,3.2269632660617447,3.2248151637147657,3.2248151637147657,3.2119085515965935,3.2119085515965935,oncoming,oncoming,1,1,vehicle
55361.79999998578,35.392277972458864,35.392277972458864,26.949599874192245,26.949599874192245,30.186494648737167,30.186494648737167,29.78202405248921,29.78202405248921,27.354070470440202,27.354070470440202,3.1507996463803067,3.1507996463803067,3.1784184563138638,3.1784184563138638,3.1749697201552465,3.1749697201552465,3.1542483825389525,3.1542483825389525,oncoming,oncoming,1,1,vehicle
55361.89999998577,35.36551181196325,35.36551181196325,27.255283339740288,27.255283339740288,30.494626632884277,30.494626632884277,30.089850292607643,30.089850292607643,27.66005968001692,27.66005968001692,2.9567077115117684,2.9567077115117684,2.9724184088615573,2.9724184088615573,2.9704566304936293,2.9704566304936293,2.9586694898796964,2.9586694898796964,oncoming,oncoming,1,1,vehicle
55361.99999998578,35.357936795896656,35.357936795896656,27.54094141650313,27.54094141650313,30.780978330517705,30.780978330517705,30.376115378596197,30.376115378596197,27.94580436842464,27.94580436842464,2.9923744564196397,2.9923744564196397,3.00034988798717,3.00034988798717,2.999354005259221,2.999354005259221,2.9933703391475888,2.9933703391475888,oncoming,oncoming,1,1,vehicle
55362.09999998578,35.34809675853231,35.34809675853231,27.853758231055103,27.853758231055103,31.094696610512656,31.094696610512656,30.68972109369043,30.68972109369043,28.25873374787733,28.25873374787733,3.210628543694611,3.210628543694611,3.230039009452611,3.230039009452611,3.227615250388709,3.227615250388709,3.2130523027585127,3.2130523027585127,oncoming,oncoming,1,1,vehicle
55362.19999998578,35.31560034045374,35.31560034045374,28.18306712523271,28.18306712523271,31.426986132398824,31.426986132398824,31.02163842866454,31.02163842866454,28.588414828966993,28.588414828966993,3.1626114882688796,3.1626114882688796,3.1808408652072444,3.1808408652072444,3.178564588291806,3.178564588291806,3.164887765184318,3.164887765184318,oncoming,oncoming,1,1,vehicle
55362.29999998578,35.308355597603764,35.308355597603764,28.486280528699673,28.486280528699673,31.730864783544845,31.730864783544845,31.32543401133954,31.32543401133954,28.89171130090498,28.89171130090498,3.061929304213919,3.061929304213919,3.0710085037360955,3.0710085037360955,3.069874798254091,3.069874798254091,3.0630630096959806,3.0630630096959806,oncoming,oncoming,1,1,vehicle
55362.39999998577,35.29583231817254,35.29583231817254,28.795452986043877,28.795452986043877,32.04118783311429,32.04118783311429,31.63561338828362,31.63561338828362,29.20102743087455,29.20102743087455,3.118592247597377,3.118592247597377,3.134558018316085,3.134558018316085,3.1325643991843037,3.1325643991843037,3.1205858667291295,3.1205858667291295,oncoming,oncoming,1,1,vehicle
55362.49999998577,35.2736225113763,35.2736225113763,29.10999897818777,29.10999897818777,32.35777638717659,32.35777638717659,31.95194689114494,31.95194689114494,29.515828474219422,29.515828474219422,3.1946696936470573,3.1946696936470573,3.2071614016340106,3.2071614016340106,3.2056015837289635,3.2056015837289635,3.1962295115521044,3.1962295115521044,oncoming,oncoming,1,1,vehicle
55362.599999985774,35.26867039962738,35.26867039962738,29.434386924787955,29.434386924787955,32.6826201134557,32.6826201134557,32.27673370504402,32.27673370504402,29.840273333199626,29.840273333199626,2.9194530863573505,2.9194530863573505,2.9328169924307304,2.9328169924307304,2.931148266974276,2.931148266974276,2.921121811813805,2.921121811813805,oncoming,oncoming,1,1,vehicle
55362.69999998577,35.24460216097217,35.24460216097217,29.693889595476705,29.693889595476705,32.944339785680135,32.944339785680135,32.538176544557196,32.538176544557196,30.100052836599644,30.100052836599644,2.8032475432347894,2.8032475432347894,2.8138676679639616,2.8138676679639616,2.8125415534059073,2.8125415534059073,2.8045736577928153,2.8045736577928153,oncoming,oncoming,1,1,vehicle
55362.79999998577,35.2456108751192,35.2456108751192,29.99503643342675,29.99503643342675,33.2453936470403,33.2453936470403,32.83924201571702,32.83924201571702,30.401188064750027,30.401188064750027,2.8421504630338177,2.8421504630338177,2.85065607620254,2.85065607620254,2.8495939980236074,2.8495939980236074,2.8432125412126936,2.8432125412126936,oncoming,oncoming,1,1,vehicle
55362.89999998577,35.22615665663277,35.22615665663277,30.262319688075195,30.262319688075195,33.514471000912344,33.514471000912344,33.108095344153625,33.108095344153625,30.66869534483391,30.66869534483391,2.778289358306864,2.778289358306864,2.7963165741014393,2.7963165741014393,2.794065554517829,2.794065554517829,2.780540377890503,2.780540377890503,oncoming,oncoming,1,1,vehicle
55362.99999998577,35.20653720298088,35.20653720298088,30.55069430508004,30.55069430508004,33.80465696185245,33.80465696185245,33.39805512661245,33.39805512661245,30.957296140320036,30.957296140320036,2.9984579838276204,2.9984579838276204,3.007937293517216,3.007937293517216,3.006753633270023,3.006753633270023,2.9996416440748135,2.9996416440748135,oncoming,oncoming,1,1,vehicle
55363.099999985774,35.20562228496424,35.20562228496424,30.862011284855473,30.862011284855473,34.11605845963046,34.11605845963046,33.70944607082232,33.70944607082232,31.268623673663622,31.268623673663622,2.690951385595355,2.690951385595355,2.6988566661380275,2.6988566661380275,2.6978695524611283,2.6978695524611283,2.691938499272254,2.691938499272254,oncoming,oncoming,1,1,vehicle
55363.19999998577,35.18942993711576,35.18942993711576,31.088884582217,31.088884582217,34.34442829509788,34.34442829509788,33.937629037122505,33.937629037122505,31.49568384019237,31.49568384019237,2.4923345699487527,2.4923345699487527,2.508832176103965,2.508832176103965,2.50677216032463,2.50677216032463,2.4943945857280028,2.4943945857280028,oncoming,oncoming,1,1,vehicle
55363.29999998576,35.16994164929081,35.16994164929081,31.360478198795196,31.360478198795196,34.61782489480089,34.61782489480089,34.210800502836925,34.210800502836925,31.767502590759154,31.767502590759154,2.6316129043988497,2.6316129043988497,2.648353168415639,2.648353168415639,2.6462628546139797,2.6462628546139797,2.633703218200509,2.633703218200509,oncoming,oncoming,1,1,vehicle
55363.39999998576,35.153258278303014,35.153258278303014,31.61520716306628,31.61520716306628,34.87409892875029,34.87409892875029,34.46688160801462,34.46688160801462,32.022424483801956,32.022424483801956,2.5417722961148854,2.5417722961148854,2.5449495726823557,2.5449495726823557,2.5445528344278046,2.5445528344278046,2.5421690343694365,2.5421690343694365,oncoming,oncoming,1,1,vehicle
55363.49999998576,35.16307820746783,35.16307820746783,31.868832658029344,31.868832658029344,35.12681480934873,35.12681480934873,34.71971106973383,34.71971106973383,32.275936397644244,32.275936397644244,2.3131152976425255,2.3131152976425255,2.3223553495110707,2.3223553495110707,2.3212015699049573,2.3212015699049573,2.314269077248639,2.314269077248639,oncoming,oncoming,1,1,vehicle
55363.59999998576,35.13332456956427,35.13332456956427,32.077830222588055,32.077830222588055,35.338569998645745,35.338569998645745,34.931121921988854,34.931121921988854,32.485278299244946,32.485278299244946,2.051248062501628,2.051248062501628,2.063867074464355,2.063867074464355,2.0622913729110337,2.0622913729110337,2.0528237640549207,2.0528237640549207,oncoming,oncoming,1,1,vehicle
55363.69999998577,35.13584546431855,35.13584546431855,32.27908227055242,32.27908227055242,35.539588224264065,35.539588224264065,35.13216934433854,35.13216934433854,32.686501150477945,32.686501150477945,1.933923098102639,1.933923098102639,1.944632340606546,1.944632340606546,1.9432951089886217,1.9432951089886217,1.9352603297205917,1.9352603297205917,oncoming,oncoming,1,1,vehicle
55363.79999998576,35.110249595889215,35.110249595889215,32.46461484220753,32.46461484220753,35.72749646676521,35.72749646676521,35.31978094378483,35.31978094378483,32.87233036518791,32.87233036518791,1.668971625680598,1.668971625680598,1.6873841683136277,1.6873841683136277,1.6850850490678226,1.6850850490678226,1.671270744926403,1.671270744926403,oncoming,oncoming,1,1,vehicle
55363.89999998576,35.09618539200213,35.09618539200213,32.61287659566341,32.61287659566341,35.877065057901234,35.877065057901234,35.469186354126606,35.469186354126606,33.020755299438036,33.020755299438036,1.4326279531599937,1.4326279531599937,1.4434537912364362,1.4434537912364362,1.4421020025734208,1.4421020025734208,1.4339797418230376,1.4339797418230376,oncoming,oncoming,1,1,vehicle
55363.99999998576,35.086954158183936,35.086954158183936,32.75114043284652,32.75114043284652,36.01618722501956,36.01618722501956,35.608201344306565,35.608201344306565,33.15912631355951,33.15912631355951,1.2245163699793125,1.2245163699793125,1.237100113327159,1.237100113327159,1.2355288220335297,1.2355288220335297,1.2260876612729703,1.2260876612729703,oncoming,oncoming,1,1,vehicle
55364.09999998575,35.06913180450622,35.06913180450622,32.8577798696491,32.8577798696491,36.124485080556305,36.124485080556305,35.71629211852297,35.71629211852297,33.26597283168243,33.26597283168243,1.1221253595047926,1.1221253595047926,1.1322873775963558,1.1322873775963558,1.131018479806471,1.131018479806471,1.123394257294649,1.123394257294649,oncoming,oncoming,1,1,vehicle
55364.19999998575,35.065115240128044,35.065115240128044,32.975565504736856,32.975565504736856,36.24264470052801,36.24264470052801,35.83440504025707,35.83440504025707,33.3838051650078,33.3838051650078,1.0551868968667293,1.0551868968667293,1.0616197817627437,1.0616197817627437,1.0608165292499905,1.0608165292499905,1.0559901493794541,1.0559901493794541,oncoming,oncoming,1,1,vehicle
55364.29999998575,35.05531793979993,35.05531793979993,33.068817249019375,33.068817249019375,36.33680903690576,36.33680903690576,35.928455424369886,35.928455424369886,33.47717086155525,33.47717086155525,0.8567378593907335,0.8567378593907335,0.8791749162380427,0.8791749162380427,0.8763732806886253,0.8763732806886253,0.8595394949401793,0.8595394949401793,oncoming,oncoming,1,1,vehicle
55364.39999998576,35.016992436521335,35.016992436521335,33.14691307662277,33.14691307662277,36.418479683784035,36.418479683784035,36.009679696403126,36.009679696403126,33.55571306400368,33.55571306400368,0.7514338290359035,0.7514338290359035,0.7780035752264496,0.7780035752264496,0.7746859083250399,0.7746859083250399,0.7547514959372563,0.7547514959372563,oncoming,oncoming,1,1,vehicle
55364.49999998576,34.99837755013592,34.99837755013592,33.21910401483616,33.21910401483616,36.49240975196123,36.49240975196123,36.08339260604501,36.08339260604501,33.628121160752386,33.628121160752386,0.7604594683391213,0.7604594683391213,0.7700540224596182,0.7700540224596182,0.7688559870968845,0.7688559870968845,0.7616575037018549,0.7616575037018549,oncoming,oncoming,1,1,vehicle
55364.59999998575,34.99645438216037,34.99645438216037,33.29900497028229,33.29900497028229,36.57249048826767,36.57249048826767,36.16345089381421,36.16345089381421,33.70804456473575,33.70804456473575,0.6401867035671103,0.6401867035671103,0.6483370017286347,0.6483370017286347,0.6473193061598579,0.6473193061598579,0.6412043991358587,0.6412043991358587,oncoming,oncoming,1,1,vehicle
55364.69999998574,34.98094804957903,34.98094804957903,33.347141355538405,33.347141355538405,36.62207715229564,36.62207715229564,36.21285646726568,36.21285646726568,33.75636204056836,33.75636204056836,0.39689838301731584,0.39689838301731584,0.40647227459956525,0.40647227459956525,0.4052768207904762,0.4052768207904762,0.39809383682640487,0.39809383682640487,oncoming,oncoming,1,1,vehicle
55364.79999998574,34.97598453838276,34.97598453838276,33.378384646880484,33.378384646880484,36.65378494318214,36.65378494318214,36.24450625796688,36.24450625796688,33.78766333209574,33.78766333209574,0.18555342515645634,0.18555342515645634,0.20140629119615028,0.20140629119615028,0.19942680948724956,0.19942680948724956,0.18753290686532864,0.18753290686532864,oncoming,oncoming,1,1,vehicle
55364.89999998574,34.9470961581851,34.9470961581851,33.38425204056915,33.38425204056915,36.66235841053428,36.66235841053428,36.25274182916255,36.25274182916255,33.79386862194088,33.79386862194088,0.1691495334263493,0.1691495334263493,0.18132612044067287,0.18132612044067287,0.17980568056057677,0.17980568056057677,0.1706699733064454,0.1706699733064454,oncoming,oncoming,1,1,vehicle
55364.99999998574,34.94998443880749,34.94998443880749,33.41221455356526,33.41221455356526,36.690050167269746,36.690050167269746,36.28046739407848,36.28046739407848,33.82179732675653,33.82179732675653,0.19010586140151986,0.19010586140151986,0.19531574508644667,0.19531574508644667,0.1946652093924115,0.1946652093924115,0.1907563970955266,0.1907563970955266,oncoming,oncoming,1,1,vehicle
55365.09999998575,34.93598536522725,34.93598536522725,33.42227321284906,33.42227321284906,36.70142155955146,36.70142155955146,36.2916748710409,36.2916748710409,33.83201990135963,33.83201990135963,0.11792272437551787,0.11792272437551787,0.13026371799210779,0.13026371799210779,0.1287227518206464,0.1287227518206464,0.11946369054697925,0.11946369054697925,oncoming,oncoming,1,1,vehicle
55365.19999998573,34.923672669375975,34.923672669375975,33.435799098437904,33.435799098437904,36.71610291086564,36.71610291086564,36.30621194444008,36.30621194444008,33.84569006486346,33.84569006486346,-0.023941933458075937,-0.023941933458075937,-0.00598234124032615,-0.00598234124032615,-0.008224874609965127,-0.008224874609965127,-0.02169940008843696,-0.02169940008843696,oncoming,oncoming,1,1,vehicle
55365.299999985735,34.897738117741646,34.897738117741646,33.4174848261486,33.4174848261486,36.700225091294605,36.700225091294605,36.290029896110106,36.290029896110106,33.8276800213331,33.8276800213331,0.011576320612675772,0.011576320612675772,0.028135139719324798,0.028135139719324798,0.026067515956214038,0.026067515956214038,0.013643944375786532,0.013643944375786532,oncoming,oncoming,1,1,vehicle
55365.39999998573,34.8884303599132,34.8884303599132,33.438114362557656,33.438114362557656,36.7217299388069,36.7217299388069,36.3114254476287,36.3114254476287,33.84841885373586,33.84841885373586,0.014003153720864248,0.014003153720864248,0.02416464452161904,0.02416464452161904,0.02289582728832329,0.02289582728832329,0.015271970954131575,0.015271970954131575,oncoming,oncoming,1,1,vehicle
55365.49999998573,34.87613496649708,34.87613496649708,33.420285456892735,33.420285456892735,36.705058020198855,36.705058020198855,36.294609061567705,36.294609061567705,33.830734415523885,33.830734415523885,-0.1233108713711033,-0.1233108713711033,-0.11811517493535462,-0.11811517493535462,-0.11876393678187469,-0.11876393678187469,-0.12266210952455481,-0.12266210952455481,oncoming,oncoming,1,1,vehicle
55365.59999998573,34.877386948017254,34.877386948017254,33.4134521882838,33.4134521882838,36.698106903820175,36.698106903820175,36.28767266027267,36.28767266027267,33.823886431831305,33.823886431831305,-0.08806076982051536,-0.08806076982051536,-0.08431187459370904,-0.08431187459370904,-0.08477998095850126,-0.08477998095850126,-0.08759266345569472,-0.08759266345569472,oncoming,oncoming,1,1,vehicle
55365.69999998573,34.868171627958525,34.868171627958525,33.40267330292889,33.40267330292889,36.68819564528036,36.68819564528036,36.27765306537625,36.27765306537625,33.813215882833,33.813215882833,-0.09019416884396492,-0.09019416884396492,-0.08225058384283557,-0.08225058384283557,-0.08324246057875939,-0.08324246057875939,-0.08920229210804109,-0.08920229210804109,oncoming,oncoming,1,1,vehicle
55365.799999985735,34.86051641827084,34.86051641827084,33.39541335451487,33.39541335451487,36.681656787051494,36.681656787051494,36.2710241681568,36.2710241681568,33.80604597340957,33.80604597340957,0.047147398440358756,0.047147398440358756,0.060066594799423,0.060066594799423,0.05845343917675905,0.05845343917675905,0.04876055406302271,0.04876055406302271,oncoming,oncoming,1,1,vehicle
55365.89999998573,34.84075670898357,34.84075670898357,33.41210278261543,33.41210278261543,36.700208964238676,36.700208964238676,36.28934375321004,36.28934375321004,33.82296799364406,33.82296799364406,-0.1587453807419763,-0.1587453807419763,-0.1544009856138473,-0.1544009856138473,-0.15494344861710374,-0.15494344861710374,-0.15820291773869144,-0.15820291773869144,oncoming,oncoming,1,1,vehicle
55365.99999998573,34.85129671890386,34.85129671890386,33.36366427836694,33.36366427836694,36.65077658992918,36.65077658992918,36.24003547843383,36.24003547843383,33.77440538986229,33.77440538986229,-0.3170951999423721,-0.3170951999423721,-0.3106806696208082,-0.3106806696208082,-0.31148161901447224,-0.31148161901447224,-0.3162942505487365,-0.3162942505487365,oncoming,oncoming,1,1,vehicle
55366.09999998572,34.82716088142864,34.82716088142864,33.34868374262775,33.34868374262775,36.638072830315004,36.638072830315004,36.227047429407676,36.227047429407676,33.759709143535076,33.759709143535076,-0.23277937798931703,-0.23277937798931703,-0.2192024264143413,-0.2192024264143413,-0.2208977108035981,-0.2208977108035981,-0.23108409360011706,-0.23108409360011706,oncoming,oncoming,1,1,vehicle
55366.19999998572,34.82251502045093,34.82251502045093,33.31710840277024,33.31710840277024,36.6069361046472,36.6069361046472,36.19585593627404,36.19585593627404,33.72818857114339,33.72818857114339,-0.15871818795045556,-0.15871818795045556,-0.1543234522083594,-0.1543234522083594,-0.1548721998557312,-0.1548721998557312,-0.15816944030308377,-0.15816944030308377,oncoming,oncoming,1,1,vehicle
55366.29999998572,34.81785219963414,34.81785219963414,33.31694010503812,33.31694010503812,36.607208139873784,36.607208139873784,36.196072989436985,36.196072989436985,33.72807525547492,33.72807525547492,-0.05204925699985097,-0.05204925699985097,-0.051907329215652,-0.051907329215652,-0.051925050994952926,-0.051925050994952926,-0.05203153522052162,-0.05203153522052162,oncoming,oncoming,1,1,vehicle
55366.39999998573,34.82221439945282,34.82221439945282,33.3066985513682,33.3066985513682,36.59655463880188,36.59655463880188,36.185470926072874,36.185470926072874,33.7177822640972,33.7177822640972,-0.19446968347423876,-0.19446968347423876,-0.1886773560300412,-0.1886773560300412,-0.18940061315208823,-0.18940061315208823,-0.1937464263521349,-0.1937464263521349,oncoming,oncoming,1,1,vehicle
55366.49999998573,34.80559081027883,34.80559081027883,33.27804616834369,33.27804616834369,36.56947266866797,36.56947266866797,36.158192866806786,36.158192866806786,33.68932597020488,33.68932597020488,-0.14114598625923236,-0.14114598625923236,-0.13749586965144545,-0.13749586965144545,-0.1379516404874721,-0.1379516404874721,-0.1406902154232057,-0.1406902154232057,oncoming,oncoming,1,1,vehicle
55366.59999998572,34.81448477220264,34.81448477220264,33.27846935411568,33.27846935411568,36.56905546487105,36.56905546487105,36.157880597974824,36.157880597974824,33.6896442210119,33.6896442210119,-0.3342994136132518,-0.3342994136132518,-0.32931376784011945,-0.32931376784011945,-0.32993629847018724,-0.32993629847018724,-0.333676882983184,-0.333676882983184,oncoming,oncoming,1,1,vehicle
55366.699999985714,34.79504393903465,34.79504393903465,33.21118628562688,33.21118628562688,36.5036099151057,36.5036099151057,36.09220560711851,36.09220560711851,33.62259059361407,33.62259059361407,-0.4408575049589274,-0.4408575049589274,-0.4315766629553366,-0.4315766629553366,-0.43273551182804226,-0.43273551182804226,-0.4396986560862217,-0.4396986560862217,oncoming,oncoming,1,1,vehicle
55366.79999998571,34.79484673782535,34.79484673782535,33.19029785313176,33.19029785313176,36.482740132287624,36.482740132287624,36.071333495616884,36.071333495616884,33.6017044898025,33.6017044898025,-0.38772515695160337,-0.38772515695160337,-0.3805788034091506,-0.3805788034091506,-0.38147112922186466,-0.38147112922186466,-0.38683283113888933,-0.38683283113888933,oncoming,oncoming,1,1,vehicle
55366.89999998571,34.779937337556944,34.779937337556944,33.13364125423769,33.13364125423769,36.42749415442498,36.42749415442498,36.015911381275245,36.015911381275245,33.54522402738742,33.54522402738742,-0.3532255611462176,-0.3532255611462176,-0.3453730013182792,-0.3453730013182792,-0.3463535071631725,-0.3463535071631725,-0.3522450553012675,-0.3522450553012675,oncoming,oncoming,1,1,vehicle
55366.99999998571,34.778248193827864,34.778248193827864,33.11965274090355,33.11965274090355,36.41366553202498,36.41366553202498,36.00206279418526,36.00206279418526,33.53125547874327,33.53125547874327,-0.210185771864559,-0.210185771864559,-0.2079014492562976,-0.2079014492562976,-0.2081866798635872,-0.2081866798635872,-0.20990054125726942,-0.20990054125726942,oncoming,oncoming,1,1,vehicle
55367.09999998572,34.77511129599616,34.77511129599616,33.091604099860284,33.091604099860284,36.38591386456927,36.38591386456927,35.974274045298074,35.974274045298074,33.50324391913148,33.50324391913148,-0.28088502419407746,-0.28088502419407746,-0.2779978081505874,-0.2779978081505874,-0.27835831864192073,-0.27835831864192073,-0.28052451370277254,-0.28052451370277254,oncoming,oncoming,1,1,vehicle
55367.199999985714,34.77214924676887,34.77214924676887,33.06347573606352,33.06347573606352,36.35806597039367,36.35806597039367,35.94639113045568,35.94639113045568,33.47515057600151,33.47515057600151,-0.5415091666522756,-0.5415091666522756,-0.5407928531355708,-0.5407928531355708,-0.5408822951864636,-0.5408822951864636,-0.5414197246013828,-0.5414197246013828,oncoming,oncoming,1,1,vehicle
55367.299999985706,34.773598230708075,34.773598230708075,32.98330226653928,32.98330226653928,36.2777552939516,36.2777552939516,35.86609758627023,35.86609758627023,33.394959974220654,33.394959974220654,-0.7853519763966972,-0.7853519763966972,-0.785388744465763,-0.785388744465763,-0.7853841534438573,-0.7853841534438573,-0.7853565674186314,-0.7853565674186314,preceding,preceding,1,1,vehicle
55367.3999999857,34.77222690209868,34.77222690209868,32.906405340797896,32.906405340797896,36.20098822151423,36.20098822151423,35.78931429978063,35.78931429978063,33.3180792625315,33.3180792625315,-0.5786760320692395,-0.5786760320692395,-0.5744922926900529,-0.5744922926900529,-0.5750146925900026,-0.5750146925900026,-0.5781536321692613,-0.5781536321692613,oncoming,oncoming,1,1,vehicle
55367.4999999857,34.76476356740048,34.76476356740048,32.86756706013266,32.86756706013266,36.16285683542088,36.16285683542088,35.75109464775951,35.75109464775951,33.27932924779403,33.27932924779403,-0.4921679625626041,-0.4921679625626041,-0.4873349092490855,-0.4873349092490855,-0.48793838523420163,-0.48793838523420163,-0.49156448657748797,-0.49156448657748797,oncoming,oncoming,1,1,vehicle
55367.5999999857,34.76202231033953,34.76202231033953,32.807971748284736,32.807971748284736,36.10352123966383,36.10352123966383,35.69172662273319,35.69172662273319,33.21976636521537,33.21976636521537,-0.3348236813209837,-0.3348236813209837,-0.329873870945363,-0.329873870945363,-0.33049192543037975,-0.33049192543037975,-0.3342056268359954,-0.3342056268359954,oncoming,oncoming,1,1,vehicle
55367.6999999857,34.75431700826416,34.75431700826416,32.800602323869434,32.800602323869434,36.09688206123277,36.09688206123277,35.684996262674396,35.684996262674396,33.21248812242781,33.21248812242781,-0.3504691843085652,-0.3504691843085652,-0.3491864404302305,-0.3491864404302305,-0.3493466093261759,-0.3493466093261759,-0.3503090154125914,-0.3503090154125914,oncoming,oncoming,1,1,vehicle
55367.799999985706,34.75931490777203,34.75931490777203,32.73787791141747,32.73787791141747,36.033683951572144,36.033683951572144,35.62185730086233,35.62185730086233,33.14970456212728,33.14970456212728,-0.4542451628700519,-0.4542451628700519,-0.45521520864920717,-0.45521520864920717,-0.4550940846178264,-0.4550940846178264,-0.45436628690140424,-0.45436628690140424,preceding,preceding,1,1,vehicle
55367.8999999857,34.75636379256361,34.75636379256361,32.70975329129171,32.70975329129171,36.00583901949911,36.00583901949911,35.59397744574702,35.59397744574702,33.1216148650438,33.1216148650438,-0.17792738494350147,-0.17792738494350147,-0.17295415243810908,-0.17295415243810908,-0.17357513129792324,-0.17357513129792324,-0.1773064060836873,-0.1773064060836873,oncoming,oncoming,1,1,vehicle
55367.999999985695,34.748822217799166,34.748822217799166,32.70229243443209,32.70229243443209,35.99909312108782,35.99909312108782,35.587142274606045,35.587142274606045,33.11424328091386,33.11424328091386,-0.12403878012932523,-0.12403878012932523,-0.1211505170777798,-0.1211505170777798,-0.12151115781000499,-0.12151115781000499,-0.12367813939707162,-0.12367813939707162,oncoming,oncoming,1,1,vehicle
55368.099999985694,34.7502703031407,34.7502703031407,32.68494553526621,32.68494553526621,35.981608916083914,35.981608916083914,35.569675214185374,35.569675214185374,33.09687923716475,33.09687923716475,-0.25650603355433077,-0.25650603355433077,-0.2651530503001709,-0.2651530503001709,-0.26407334692916606,-0.26407334692916606,-0.257585736925364,-0.257585736925364,preceding,preceding,1,1,vehicle
55368.199999985685,34.76707004592682,34.76707004592682,32.650991227725044,32.650991227725044,35.9460625110318,35.9460625110318,35.534327605224206,35.534327605224206,33.062726133532635,33.062726133532635,-0.2071956209090331,-0.2071956209090331,-0.2116004605889259,-0.2116004605889259,-0.2110504536337885,-0.2110504536337885,-0.2077456278641705,-0.2077456278641705,preceding,preceding,1,1,vehicle
55368.29999998568,34.759564232757135,34.759564232757135,32.64350641108802,32.64350641108802,35.939288823969825,35.939288823969825,35.5274651234623,35.5274651234623,33.055330111595545,33.055330111595545,-0.12425373077820723,-0.12425373077820723,-0.12141903037974089,-0.12141903037974089,-0.12177298329086739,-0.12177298329086739,-0.12389977786710915,-0.12389977786710915,oncoming,oncoming,1,1,vehicle
55368.39999998568,34.76108585880837,34.76108585880837,32.62614048156832,32.62614048156832,35.92177870495464,35.92177870495464,35.50997300856484,35.50997300856484,33.03794617795812,33.03794617795812,-0.22739405791432432,-0.22739405791432432,-0.22671265706654253,-0.22671265706654253,-0.2267977396858214,-0.2267977396858214,-0.22730897529501704,-0.22730897529501704,oncoming,oncoming,1,1,vehicle
55368.49999998568,34.7581261958583,34.7581261958583,32.598027599504945,32.598027599504945,35.89394629255628,35.89394629255628,35.4821055755249,35.4821055755249,33.00986831653633,33.00986831653633,-0.1736115654538537,-0.1736115654538537,-0.17505291688351576,-0.17505291688351576,-0.17487294354739902,-0.17487294354739902,-0.17379153878997045,-0.17379153878997045,preceding,preceding,1,1,vehicle
55368.59999998569,34.76412836286702,34.76412836286702,32.59141816847835,32.59141816847835,35.886768121578676,35.886768121578676,35.47499841985611,35.47499841985611,33.00318787020092,33.00318787020092,-0.030005456502181005,-0.030005456502181005,-0.03705101266643851,-0.03705101266643851,-0.036171274071392645,-0.036171274071392645,-0.03088519509722687,-0.03088519509722687,preceding,preceding,1,1,vehicle
55368.699999985685,34.77300096904605,34.77300096904605,32.59202650820385,32.59202650820385,35.886536090022325,35.886536090022325,35.47487132070995,35.47487132070995,33.003691277516225,33.003691277516225,-0.2407331790892897,-0.2407331790892897,-0.24574533664520004,-0.24574533664520004,-0.2451194968383561,-0.2451194968383561,-0.24135901889613365,-0.24135901889613365,preceding,preceding,1,1,vehicle
55368.79999998568,34.77471251492793,34.77471251492793,32.54327153266654,32.54327153266654,35.83761905425568,35.83761905425568,35.425974520494485,35.425974520494485,32.954916066427735,32.954916066427735,-0.2767580134279797,-0.2767580134279797,-0.28041123057576556,-0.28041123057576556,-0.2799550737708216,-0.2799550737708216,-0.2772141702328952,-0.2772141702328952,preceding,preceding,1,1,vehicle
55368.89999998568,34.78071875131371,34.78071875131371,32.536674905525196,32.536674905525196,35.830453843914064,35.830453843914064,35.41888030596268,35.41888030596268,32.94824844347658,32.94824844347658,-0.029510666497856164,-0.029510666497856164,-0.036472429356109615,-0.036472429356109615,-0.0356031526595757,-0.0356031526595757,-0.030379943194361658,-0.030379943194361658,preceding,preceding,1,1,vehicle
55368.99999998568,34.78942432868638,34.78942432868638,32.537369399366305,32.537369399366305,35.830324568383794,35.830324568383794,35.4188538899619,35.4188538899619,32.9488400777882,32.9488400777882,0.05625407917173675,0.05625407917173675,0.052311611818026904,0.052311611818026904,0.05280388592584018,0.05280388592584018,0.055761805063923475,0.055761805063923475,preceding,preceding,1,1,vehicle
55369.09999998569,34.78905144447097,34.78905144447097,32.54792572136051,32.54792572136051,35.84091616627868,35.84091616627868,35.42944108314885,35.42944108314885,32.959400804490336,32.959400804490336,0.07375590872425164,0.07375590872425164,0.06902399350278188,0.06902399350278188,0.06961484195392131,0.06961484195392131,0.07316506027305536,0.07316506027305536,preceding,preceding,1,1,vehicle
55369.199999985685,34.79943106114006,34.79943106114006,32.552120581111936,32.552120581111936,35.84412936708519,35.84412936708519,35.43277685835352,35.43277685835352,32.9634730898436,32.9634730898436,0.09164034354790829,0.09164034354790829,0.08619982114095137,0.08619982114095137,0.0868791495233836,0.0868791495233836,0.09096101516547606,0.09096101516547606,preceding,preceding,1,1,vehicle
55369.29999998568,34.800556939910216,34.800556939910216,32.56625379006843,32.56625379006843,35.85815613050521,35.85815613050521,35.44681691305186,35.44681691305186,32.977593007521776,32.977593007521776,0.07398638035078875,0.07398638035078875,0.06931529146547177,0.06931529146547177,0.06989854522510086,0.06989854522510086,0.07340312659115966,0.07340312659115966,preceding,preceding,1,1,vehicle
55369.39999998568,34.80931480523304,34.80931480523304,32.56691785717992,32.56691785717992,35.85799242537601,35.85799242537601,35.446756567396285,35.446756567396285,32.97815371515964,32.97815371515964,0.11396454221139152,0.11396454221139152,0.10145749856746988,0.10145749856746988,0.10301918679115829,0.10301918679115829,0.11240285398775995,0.11240285398775995,preceding,preceding,1,1,vehicle
55369.49999998568,34.82703541168272,34.82703541168272,32.58904669850965,32.58904669850965,35.87844763021765,35.87844763021765,35.46742075040903,35.46742075040903,33.000073578318265,33.000073578318265,0.07789766112091456,0.07789766112091456,0.06674577405351556,0.06674577405351556,0.06813825169575694,0.06813825169575694,0.07650518347867319,0.07650518347867319,preceding,preceding,1,1,vehicle
55369.59999998567,34.83293422883365,34.83293422883365,32.5824973894054,32.5824973894054,35.87134158018804,35.87134158018804,35.46038421773676,35.46038421773676,32.993454751856675,32.993454751856675,-0.0786644248257744,-0.0786644248257744,-0.08984314757364587,-0.08984314757364587,-0.08844731756033752,-0.08844731756033752,-0.08006025483911117,-0.08006025483911117,preceding,preceding,1,1,vehicle
55369.69999998566,34.850735811773546,34.850735811773546,32.573313813545866,32.573313813545866,35.86047900070449,35.86047900070449,35.44973128689851,35.44973128689851,32.98406152735184,32.98406152735184,-0.04267886341455096,-0.04267886341455096,-0.05521561323013202,-0.05521561323013202,-0.05365021259962077,-0.05365021259962077,-0.04424426404506221,-0.04424426404506221,preceding,preceding,1,1,vehicle
55369.79999998566,34.85952502657837,34.85952502657837,32.573961616723636,32.573961616723636,35.86029845754335,35.86029845754335,35.44965417521815,35.44965417521815,32.98460589904884,32.98460589904884,0.018044035701166194,0.018044035701166194,-0.007244420989536593,-0.007244420989536593,-0.004086772991257703,-0.004086772991257703,0.014886387702887305,0.014886387702887305,preceding,preceding,1,1,vehicle
55369.89999998566,34.90446986042674,34.90446986042674,32.57692262068605,32.57692262068605,35.8590301165066,35.8590301165066,35.44891393230027,35.44891393230027,32.98703880489238,32.98703880489238,0.17449808842295056,0.17449808842295056,0.14932231762938386,0.14932231762938386,0.1524658967699395,0.1524658967699395,0.17135450928242335,0.17135450928242335,preceding,preceding,1,1,vehicle
55369.99999998567,34.91304625191526,34.91304625191526,32.6088612344111,32.6088612344111,35.89016292107224,35.89016292107224,35.48014735457513,35.48014735457513,33.01887680090821,33.01887680090821,0.20300507944227775,0.20300507944227775,0.18713124851868201,0.18713124851868201,0.18911334282435632,0.18911334282435632,0.20102298513660344,0.20102298513660344,preceding,preceding,1,1,vehicle
55370.09999998567,34.93828395108351,34.93828395108351,32.61752363657686,32.61752363657686,35.89645636621252,35.89645636621252,35.486736600867346,35.486736600867346,33.027243401922036,33.027243401922036,0.18949134930409173,0.18949134930409173,0.16803307669084688,0.16803307669084688,0.17071247766534725,0.17071247766534725,0.18681194832961978,0.18681194832961978,preceding,preceding,1,1,vehicle
55370.19999998566,34.95879423978688,34.95879423978688,32.646759504268374,32.646759504268374,35.923769536406866,35.923769536406866,35.51428985010465,35.51428985010465,33.05623919057059,33.05623919057059,0.46875116689460583,0.46875116689460583,0.44466394202640913,0.44466394202640913,0.447671614003724,0.447671614003724,0.46574349491729095,0.46574349491729095,preceding,preceding,1,1,vehicle
55370.29999998566,34.989719250735405,34.989719250735405,32.71127386995357,32.71127386995357,35.98538915461576,35.98538915461576,35.57627092366603,35.57627092366603,33.1203921009033,33.1203921009033,0.4680403409252847,0.4680403409252847,0.4439198360153398,0.4439198360153398,0.4469316673367416,0.4469316673367416,0.4650285096039397,0.4650285096039397,preceding,preceding,1,1,vehicle
55370.39999998566,35.010361195438826,35.010361195438826,32.74036757245207,32.74036757245207,36.01255350360864,36.01255350360864,35.6036761835707,35.6036761835707,33.14924489249002,33.14924489249002,0.17265369030644706,0.17265369030644706,0.1476096366059494,0.1476096366059494,0.15073679390383177,0.15073679390383177,0.1695265330085931,0.1695265330085931,preceding,preceding,1,1,vehicle
55370.49999998567,35.04335844185547,35.04335844185547,32.7458046080139,32.7458046080139,36.01491108193579,36.01491108193579,35.60641828244566,35.60641828244566,33.15429740750403,33.15429740750403,0.10757219420250408,0.10757219420250408,0.07473231602207875,0.07473231602207875,0.07883291602951203,0.07883291602951203,0.10347159419509921,0.10347159419509921,preceding,preceding,1,1,vehicle
55370.59999998567,35.08081405423555,35.08081405423555,32.76188201129383,32.76188201129383,36.02749996681393,36.02749996681393,35.61944276677752,35.61944276677752,33.16993921133024,33.16993921133024,0.09396720201306152,0.09396720201306152,0.05565725271350175,0.05565725271350175,0.06044089259279417,0.06044089259279417,0.08918356213379752,0.08918356213379752,preceding,preceding,1,1,vehicle
55370.699999985656,35.125729129405016,35.125729129405016,32.76459804841847,32.76459804841847,36.02604253248099,36.02604253248099,35.61850646096665,35.61850646096665,33.172134119932814,33.172134119932814,0.12895825559957075,0.12895825559957075,0.08932645762357083,0.08932645762357083,0.09427516418972459,0.09427516418972459,0.12400954903344541,0.12400954903344541,preceding,preceding,1,1,vehicle
55370.799999985655,35.16621611334925,35.16621611334925,32.787673662414456,32.787673662414456,36.045365258340105,36.045365258340105,35.63829779961683,35.63829779961683,33.19474112113773,33.19474112113773,0.2170268007160132,0.2170268007160132,0.1740419554480468,0.1740419554480468,0.17940936299854116,0.17940936299854116,0.21165939316549043,0.21165939316549043,preceding,preceding,1,1,vehicle
55370.89999998565,35.218613203764875,35.218613203764875,32.80800340856104,32.80800340856104,36.060850923570094,36.060850923570094,35.65438833356584,35.65438833356584,33.214465998565295,33.214465998565295,-0.026531416503701166,-0.026531416503701166,-0.0660188396628314,-0.0660188396628314,-0.0610881353206878,-0.0610881353206878,-0.031462120845844765,-0.031462120845844765,preceding,preceding,1,1,vehicle
55370.99999998565,35.251721272559294,35.251721272559294,32.78236737911379,32.78236737911379,36.03216149040773,36.03216149040773,35.62608017255287,35.62608017255287,33.188448696968656,33.188448696968656,-0.10844105053081421,-0.10844105053081421,-0.15477648769856955,-0.15477648769856955,-0.14899066667416605,-0.14899066667416605,-0.11422687155524613,-0.11422687155524613,preceding,preceding,1,1,vehicle
55371.09999998567,35.31928871260039,35.31928871260039,32.786315198459285,32.786315198459285,36.029895626033216,36.029895626033216,35.624590200234046,35.624590200234046,33.191620624258455,33.191620624258455,0.03293813860588557,0.03293813860588557,-0.018745888593144855,-0.018745888593144855,-0.01229218389903508,-0.01229218389903508,0.026484433911747374,0.026484433911747374,preceding,preceding,1,1,vehicle
55371.199999985656,35.364266459315616,35.364266459315616,32.788955006835586,32.788955006835586,36.02841231268874,36.02841231268874,35.62362173577282,35.62362173577282,33.1937455837515,33.1937455837515,0.046081510401819514,0.046081510401819514,6.897179332554515e-06,6.897179332554515e-06,0.005760184111750277,0.005760184111750277,0.04032822346937337,0.04032822346937337,preceding,preceding,1,1,vehicle
55371.299999985655,35.41996940977729,35.41996940977729,32.79553150053942,32.79553150053942,36.029897005469515,36.029897005469515,35.62574223705675,35.62574223705675,33.199686268952185,33.199686268952185,-0.035200744158657926,-0.035200744158657926,-0.08803410936937439,-0.08803410936937439,-0.0814368439060047,-0.0814368439060047,-0.04179800962202762,-0.04179800962202762,preceding,preceding,1,1,vehicle
55371.399999985646,35.48005900964022,35.48005900964022,32.781914858005685,32.781914858005685,36.010805490817255,36.010805490817255,35.607334366993946,35.607334366993946,33.18538598182899,33.18538598182899,-0.08365828338514802,-0.08365828338514802,-0.14039267163053637,-0.14039267163053637,-0.13330826302507148,-0.13330826302507148,-0.09074269199061291,-0.09074269199061291,preceding,preceding,1,1,vehicle
55371.499999985645,35.54473419254825,35.54473419254825,32.77879984386401,32.77879984386401,36.00181847114557,36.00181847114557,35.59908058445383,35.59908058445383,33.181537730555746,33.181537730555746,0.0037676109661219925,0.0037676109661219925,-0.0562079941958018,-0.0562079941958018,-0.048718827621229366,-0.048718827621229366,-0.003721555608450444,-0.003721555608450444,preceding,preceding,1,1,vehicle
55371.59999998564,35.6124265463279,35.6124265463279,32.7826683801989,32.7826683801989,35.999563891978255,35.999563891978255,35.59759060146984,35.59759060146984,33.184641670707315,33.184641670707315,0.052586007608539376,0.052586007608539376,-0.0030227670798694817,-0.0030227670798694817,0.0039211367707423506,0.0039211367707423506,0.045642103757955965,0.045642103757955965,preceding,preceding,1,1,vehicle
55371.699999985634,35.66787887688169,35.66787887688169,32.789317045384976,32.789317045384976,36.001213917729345,36.001213917729345,35.59986481180766,35.59986481180766,33.19066615130666,33.19066615130666,0.01761710273140693,0.01761710273140693,-0.03644231156098954,-0.03644231156098954,-0.02969185143035702,-0.02969185143035702,0.010866642600774412,0.010866642600774412,preceding,preceding,1,1,vehicle
55371.79999998563,35.73258542417052,35.73258542417052,32.786191800744284,32.786191800744284,35.99227542966566,35.99227542966566,35.5916522311833,35.5916522311833,33.18681499922664,33.18681499922664,0.19505708610546435,0.19505708610546435,0.12846655926423978,0.12846655926423978,0.13678182695161922,0.13678182695161922,0.1867418184180849,0.1867418184180849,preceding,preceding,1,1,vehicle
55371.89999998563,35.81646891533758,35.81646891533758,32.8283284626055,32.8283284626055,36.02690722958182,36.02690722958182,35.62722117719759,35.62722117719759,33.22801451498973,33.22801451498973,0.24305017214607005,0.24305017214607005,0.18074595647811975,0.18074595647811975,0.1885260123519572,0.1885260123519572,0.2352701162722326,0.2352701162722326,preceding,preceding,1,1,vehicle
55371.99999998564,35.872079085971215,35.872079085971215,32.834801835171966,32.834801835171966,36.02842462095966,36.02842462095966,35.62935743365208,35.62935743365208,33.233869022479546,33.233869022479546,-0.06417318829838337,-0.06417318829838337,-0.12446727596315554,-0.12446727596315554,-0.1169381937396281,-0.1169381937396281,-0.07170227052193923,-0.07170227052193923,preceding,preceding,1,1,vehicle
55372.09999998564,35.95208026183072,35.95208026183072,32.81549382494507,32.81549382494507,36.00201377438774,36.00201377438774,35.603833538448306,35.603833538448306,33.21367406088451,33.21367406088451,-0.057881476638982576,-0.057881476638982576,-0.12794380109903614,-0.12794380109903614,-0.11919490017581325,-0.11919490017581325,-0.06663037756220547,-0.06663037756220547,preceding,preceding,1,1,vehicle
55372.199999985634,36.03024817012897,36.03024817012897,32.8232255398404,32.8232255398404,36.00283586073626,36.00283586073626,35.60551845361331,35.60551845361331,33.220542946963356,33.220542946963356,-0.20828809440803298,-0.20828809440803298,-0.27804622253958655,-0.27804622253958655,-0.26933526831263066,-0.26933526831263066,-0.21699904863507413,-0.21699904863507413,preceding,preceding,1,1,vehicle
55372.29999998563,36.110263794683874,36.110263794683874,32.773836206061425,32.773836206061425,35.946404529878485,35.946404529878485,35.54996648478436,35.54996648478436,33.17027425115555,33.17027425115555,-0.12198418588172899,-0.12198418588172899,-0.19467842106971034,-0.19467842106971034,-0.18560078278591163,-0.18560078278591163,-0.13106182416555612,-0.13106182416555612,preceding,preceding,1,1,vehicle
55372.39999998563,36.195838940061606,36.195838940061606,32.79882870266441,32.79882870266441,35.963900176522884,35.963900176522884,35.56839829705667,35.56839829705667,33.194330582130625,33.194330582130625,0.06423510617096895,0.06423510617096895,-0.009381109815365107,-0.009381109815365107,-0.00018829827661193121,-0.00018829827661193121,0.05504229463218735,0.05504229463218735,preceding,preceding,1,1,vehicle
55372.49999998564,36.27871136885407,36.27871136885407,32.786683227293196,32.786683227293196,35.94452830791269,35.94452830791269,35.54992882512636,35.54992882512636,33.18128271007953,33.18128271007953,-0.06953447826865045,-0.06953447826865045,-0.14350501106267188,-0.14350501106267188,-0.13426791025503348,-0.13426791025503348,-0.07877157907631727,-0.07877157907631727,preceding,preceding,1,1,vehicle
55372.59999998564,36.36590552152062,36.36590552152062,32.784921807009866,32.784921807009866,35.93519917430868,35.93519917430868,35.5415447150041,35.5415447150041,33.178576266314444,33.178576266314444,0.1947366820440095,0.1947366820440095,0.12655670673208874,0.12655670673208874,0.1350707450156392,0.1350707450156392,0.18622264376045905,0.18622264376045905,preceding,preceding,1,1,vehicle
55372.699999985634,36.43612657724942,36.43612657724942,32.82563056369525,32.82563056369525,35.96983964925234,35.96983964925234,35.57694297412272,35.57694297412272,33.21852723882487,33.21852723882487,0.11498438854769688,0.11498438854769688,0.04055662979496333,0.04055662979496333,0.049850913841225974,0.049850913841225974,0.10569010450146266,0.10569010450146266,preceding,preceding,1,1,vehicle
55372.799999985626,36.53864271009691,36.53864271009691,32.8079186847174,32.8079186847174,35.94331050026697,35.94331050026697,35.551514897771476,35.551514897771476,33.19971428721289,33.19971428721289,-0.19987562877352616,-0.19987562877352616,-0.27753243657815574,-0.27753243657815574,-0.26783488098377006,-0.26783488098377006,-0.20957318436794026,-0.20957318436794026,preceding,preceding,1,1,vehicle
55372.89999998562,36.61709315037776,36.61709315037776,32.78565543794403,32.78565543794403,35.914333161941556,35.914333161941556,35.52337599793064,35.52337599793064,33.17661260195494,33.17661260195494,-0.03901854712742647,-0.03901854712742647,-0.10713657988495129,-0.10713657988495129,-0.098630156751085,-0.098630156751085,-0.04752497026132119,-0.04752497026132119,preceding,preceding,1,1,vehicle
55372.999999985615,36.698179245609,36.698179245609,32.80011497529498,32.80011497529498,35.921883184293726,35.921883184293726,35.531788866424925,35.531788866424925,33.19020929316378,33.19020929316378,0.06925254828868788,0.06925254828868788,-0.011902137582723071,-0.011902137582723071,-0.0017676764118164101,-0.0017676764118164101,0.059118087117781215,0.059118087117781215,preceding,preceding,1,1,vehicle
55373.099999985614,36.80814041190697,36.80814041190697,32.79950594760157,32.79950594760157,35.91195273442505,35.91195273442505,35.523022462648285,35.523022462648285,33.18843621937833,33.18843621937833,0.017942882437040453,0.017942882437040453,-0.06101551476578493,-0.06101551476578493,-0.05115528129064728,-0.05115528129064728,0.008082648961902805,0.008082648961902805,preceding,preceding,1,1,vehicle
55373.19999998561,36.88485547572703,36.88485547572703,32.80370355178234,32.80370355178234,35.909680081340746,35.909680081340746,35.52155781016695,35.52155781016695,33.19182582295614,33.19182582295614,-0.12933323194855006,-0.12933323194855006,-0.2078099417607575,-0.2078099417607575,-0.19800980430122195,-0.19800980430122195,-0.13913336940808563,-0.13913336940808563,preceding,preceding,1,1,vehicle
55373.29999998562,36.99478757276357,36.99478757276357,32.773639301208796,32.773639301208796,35.8703907460693,35.8703907460693,35.48342050178451,35.48342050178451,33.160609545493585,33.160609545493585,-0.02816049621551997,-0.02816049621551997,-0.10996412531281408,-0.10996412531281408,-0.09974848048679519,-0.09974848048679519,-0.03837614104156728,-0.03837614104156728,preceding,preceding,1,1,vehicle
55373.39999998562,37.08027067667271,37.08027067667271,32.79807145253515,32.79807145253515,35.88768725627359,35.88768725627359,35.50160811406506,35.50160811406506,33.18415059474368,33.18415059474368,0.21235513860290212,0.21235513860290212,0.1385758940773485,0.1385758940773485,0.14778950105858257,0.14778950105858257,0.20314153162163961,0.20314153162163961,preceding,preceding,1,1,vehicle
55373.499999985615,37.171995720830026,37.171995720830026,32.81611032892876,32.81611032892876,35.89810592488436,35.89810592488436,35.512978401995795,35.512978401995795,33.201237851817325,33.201237851817325,0.03664266640140568,0.03664266640140568,-0.04510012466400326,-0.04510012466400326,-0.034891974069552134,-0.034891974069552134,0.026434515806982972,0.026434515806982972,preceding,preceding,1,1,vehicle
55373.599999985614,37.27761832845556,37.27761832845556,32.80539998581532,32.80539998581532,35.87866723134092,35.87866723134092,35.49462971925124,35.49462971925124,33.189437497905,33.189437497905,0.1197068627405713,0.1197068627405713,0.03540158108287983,0.03540158108287983,0.04592979004789299,0.04592979004789299,0.10917865377555813,0.10917865377555813,preceding,preceding,1,1,vehicle
55373.69999998561,37.37657422524052,37.37657422524052,32.840051701476526,32.840051701476526,35.905186241100836,35.905186241100836,35.52216436000524,35.52216436000524,33.22307358257212,33.22307358257212,0.2619923520012719,0.2619923520012719,0.18377967722594235,0.18377967722594235,0.1935470782078994,0.1935470782078994,0.2522249510193433,0.2522249510193433,preceding,preceding,1,1,vehicle
55373.79999998562,37.46841854078432,37.46841854078432,32.85779845621549,32.85779845621549,35.91542316678573,35.91542316678573,35.53333913489248,35.53333913489248,33.23988248810874,33.23988248810874,0.035640432518931675,0.035640432518931675,-0.04473970772809821,-0.04473970772809821,-0.03470157671085872,-0.03470157671085872,0.025602301501720603,0.025602301501720603,preceding,preceding,1,1,vehicle
55373.89999998562,37.57373436505419,37.57373436505419,32.84717978798253,32.84717978798253,35.89623829955716,35.89623829955716,35.51522404466505,35.51522404466505,33.22819404287465,33.22819404287465,-0.05436275905495336,-0.05436275905495336,-0.14529552099557463,-0.14529552099557463,-0.1339394851495399,-0.1339394851495399,-0.06571879490098809,-0.06571879490098809,preceding,preceding,1,1,vehicle
55373.999999985615,37.69271786905951,37.69271786905951,32.84692590440466,32.84692590440466,35.886364062587035,35.886364062587035,35.50655123786296,35.50655123786296,33.22673872912873,33.22673872912873,0.037876230326958193,0.037876230326958193,-0.04523973675617299,-0.04523973675617299,-0.03485984331967984,-0.03485984331967984,0.027496336890465045,0.027496336890465045,preceding,preceding,1,1,vehicle
55374.099999985614,37.77980291585877,37.77980291585877,32.85475503404781,32.85475503404781,35.88719035220606,35.88719035220606,35.50825207600121,35.50825207600121,33.23369331025266,33.23369331025266,-0.044379004487467455,-0.044379004487467455,-0.12402809375316792,-0.12402809375316792,-0.11408110346465605,-0.11408110346465605,-0.05432599477600775,-0.05432599477600775,preceding,preceding,1,1,vehicle
55374.199999985605,37.89140066837474,37.89140066837474,32.8380501035094,32.8380501035094,35.861558443839584,35.861558443839584,35.483735017173096,35.483735017173096,33.21587353017589,33.21587353017589,0.042996312561740524,0.042996312561740524,-0.0482305426478149,-0.0482305426478149,-0.03683760473819575,-0.03683760473819575,0.031603374652121374,0.031603374652121374,preceding,preceding,1,1,vehicle
55374.2999999856,38.008596548737714,38.008596548737714,32.863354296559415,32.863354296559415,35.87754424367734,35.87754424367734,35.50088455505422,35.50088455505422,33.240013985182536,33.240013985182536,0.2958162106157829,0.2958162106157829,0.21012328448020412,0.21012328448020412,0.2208251674294388,0.2208251674294388,0.2851143276665198,0.2851143276665198,preceding,preceding,1,1,vehicle
55374.3999999856,38.10751036035316,38.10751036035316,32.89721334563294,32.89721334563294,35.903583100736476,35.903583100736476,35.52790005065978,35.52790005065978,33.27289639570964,33.27289639570964,0.13136309895571685,0.13136309895571685,0.05198067626440661,0.05198067626440661,0.061894514907180564,0.061894514907180564,0.1214492603129429,0.1214492603129429,preceding,preceding,1,1,vehicle
55374.49999998559,38.20994994384026,38.20994994384026,32.88962691635621,32.88962691635621,35.887940378936136,35.887940378936136,35.513263458041536,35.513263458041536,33.26430383725081,33.26430383725081,0.05093788743485561,0.05093788743485561,-0.028724376523427964,-0.028724376523427964,-0.01877554241218604,-0.01877554241218604,0.04098905332367053,0.04098905332367053,preceding,preceding,1,1,vehicle
55374.59999998559,38.31063251258046,38.31063251258046,32.907400923121244,32.907400923121244,35.897838225433944,35.897838225433944,35.52414494217939,35.52414494217939,33.2810942063758,33.2810942063758,0.16437872405924736,0.16437872405924736,0.08113089104745086,0.08113089104745086,0.09152757092212482,0.09152757092212482,0.15398204418451655,0.15398204418451655,preceding,preceding,1,1,vehicle
55374.6999999856,38.42341087538896,38.42341087538896,32.92250266116858,32.92250266116858,35.904166557145714,35.904166557145714,35.53156897222611,35.53156897222611,33.29510024608818,33.29510024608818,0.16339576032848413,0.16339576032848413,0.08056983313974797,0.08056983313974797,0.09091387033822684,0.09091387033822684,0.15305172312997684,0.15305172312997684,preceding,preceding,1,1,vehicle
55374.7999999856,38.524128631466134,38.524128631466134,32.940080075187474,32.940080075187474,35.91395219206199,35.91395219206199,35.542327716247186,35.542327716247186,33.31170455100228,33.31170455100228,0.21102767356052254,0.21102767356052254,0.12702822018138704,0.12702822018138704,0.1375188733263144,0.1375188733263144,0.2005370204156236,0.2005370204156236,preceding,preceding,1,1,vehicle
55374.8999999856,38.64122853155565,38.64122853155565,32.96470819588212,32.96470819588212,35.92957220118297,35.92957220118297,35.559072746892404,35.559072746892404,33.335207650172684,33.335207650172684,0.21009207916551986,0.21009207916551986,0.12654750177608776,0.12654750177608776,0.13698139369361684,0.13698139369361684,0.19965818724796236,0.19965818724796236,preceding,preceding,1,1,vehicle
55374.99999998559,38.74189974001121,38.74189974001121,32.98209849102102,32.98209849102102,35.9392616924177,35.9392616924177,35.5697239949864,35.5697239949864,33.351636188452325,33.351636188452325,0.12547115650042429,0.12547115650042429,0.0503532662361863,0.0503532662361863,0.059734793625978,0.059734793625978,0.11608962911063259,0.11608962911063259,preceding,preceding,1,1,vehicle
55375.09999998559,38.838116476338925,38.838116476338925,32.989802427180216,32.989802427180216,35.93964285442902,35.93964285442902,35.57101970561631,35.57101970561631,33.358425575992925,33.358425575992925,0.20143585240100492,0.20143585240100492,0.12903902369941989,0.12903902369941989,0.13808075545244947,0.13808075545244947,0.19239412064797534,0.19239412064797534,preceding,preceding,1,1,vehicle
55375.19999998558,38.93261226074724,38.93261226074724,33.02238566149736,33.02238566149736,35.96506949715445,35.96506949715445,35.59734014607366,35.59734014607366,33.39011501257815,33.39011501257815,0.20575045095188216,0.20575045095188216,0.1251923664994763,0.1251923664994763,0.13525341609977204,0.13525341609977204,0.19568940135161483,0.19568940135161483,preceding,preceding,1,1,vehicle
55375.29999998559,39.05150382811599,39.05150382811599,33.0309525173665,33.0309525173665,35.96468132772479,35.96468132772479,35.59807038883214,35.59807038883214,33.39756345625915,33.39756345625915,0.15992234676843964,0.15992234676843964,0.07636751662772667,0.07636751662772667,0.08680288113663437,0.08680288113663437,0.14948698225950352,0.14948698225950352,preceding,preceding,1,1,vehicle
55375.39999998559,39.15506369539461,39.15506369539461,33.054370130850664,33.054370130850664,35.98034300047916,35.98034300047916,35.61470072230021,35.61470072230021,33.42001240902961,33.42001240902961,0.2779791052900862,0.2779791052900862,0.20399721232314505,0.20399721232314505,0.213237032927168,0.213237032927168,0.2687392846860348,0.2687392846860348,preceding,preceding,1,1,vehicle
55375.49999998559,39.24954635723917,39.24954635723917,33.08654833842637,33.08654833842637,36.005480770191,36.005480770191,35.64071779541919,35.64071779541919,33.451311313198175,33.451311313198175,0.15531228829874522,0.15531228829874522,0.07773699708744175,0.07773699708744175,0.08742565395587576,0.08742565395587576,0.14562363143033963,0.14562363143033963,preceding,preceding,1,1,vehicle
55375.59999998559,39.36388188229635,39.36388188229635,33.08543258851352,33.08543258851352,35.995890399899515,35.995890399899515,35.632185853094285,35.632185853094285,33.44913713531875,33.44913713531875,0.10657047380982476,0.10657047380982476,0.030942144069371125,0.030942144069371125,0.04038767563886836,0.04038767563886836,0.09712494224027068,0.09712494224027068,preceding,preceding,1,1,vehicle
55375.69999998558,39.454081916989736,39.454081916989736,33.10786243318553,33.10786243318553,36.01166919900271,36.01166919900271,35.64879533054473,35.64879533054473,33.47073630164351,33.47073630164351,0.2288690867455898,0.2288690867455898,0.1542909834268471,0.1542909834268471,0.1636053932720074,0.1636053932720074,0.21955467690045793,0.21955467690045793,preceding,preceding,1,1,vehicle
55375.79999998559,39.56674152734342,39.56674152734342,33.1312064058621,33.1312064058621,36.02674859658434,36.02674859658434,35.664906931748135,35.664906931748135,33.49304807069831,33.49304807069831,0.22806734073316193,0.22806734073316193,0.15387850754220267,0.15387850754220267,0.16314433516035365,0.16314433516035365,0.21880151311501095,0.21880151311501095,preceding,preceding,1,1,vehicle
55375.89999998559,39.656804931914124,39.656804931914124,33.15347590133324,33.15347590133324,36.04244490051178,36.04244490051178,35.681424197577485,35.681424197577485,33.514496604267535,33.514496604267535,0.10199339299981602,0.10199339299981602,0.032521341197593756,0.032521341197593756,0.04119810469637741,0.04119810469637741,0.09331662950097552,0.09331662950097552,preceding,preceding,1,1,vehicle
55375.99999998559,39.757601099010756,39.757601099010756,33.151605084460755,33.151605084460755,36.03325286482219,36.03325286482219,35.67314655268579,35.67314655268579,33.51171139659715,33.51171139659715,0.17887641027792256,0.17887641027792256,0.10700708637216394,0.10700708637216394,0.11598329425498832,0.11598329425498832,0.16990020239509818,0.16990020239509818,preceding,preceding,1,1,vehicle
55376.09999998559,39.85518506228302,39.85518506228302,33.18925118338673,33.18925118338673,36.063846317783785,36.063846317783785,35.7046208564261,35.7046208564261,33.54847664474442,33.54847664474442,0.17548745676708677,0.17548745676708677,0.10880464401662948,0.10880464401662948,0.11713310882220185,0.11713310882220185,0.1671589919615144,0.1671589919615144,preceding,preceding,1,1,vehicle
55376.199999985576,39.942536686195595,39.942536686195595,33.18670257581696,33.18670257581696,36.05501379362935,36.05501379362935,35.69657317445394,35.69657317445394,33.54514319499237,33.54514319499237,0.003899785370265363,0.003899785370265363,-0.05660254824323374,-0.05660254824323374,-0.049045977087160963,-0.049045977087160963,-0.003656785785807415,-0.003656785785807415,preceding,preceding,1,1,vehicle
55376.299999985575,40.02373325267936,40.02373325267936,33.19003114046157,33.19003114046157,36.05252580813705,36.05252580813705,35.694811661010434,35.694811661010434,33.547745287588185,33.547745287588185,0.12779447734843075,0.12779447734843075,0.0633586700807598,0.0633586700807598,0.07140655183093259,0.07140655183093259,0.11974659559828638,0.11974659559828638,preceding,preceding,1,1,vehicle
55376.399999985566,40.122881354373966,40.122881354373966,33.212261471283966,33.212261471283966,36.067685527643576,36.067685527643576,35.7108544848181,35.7108544848181,33.56909251410944,33.56909251410944,0.06754757841946457,0.06754757841946457,0.0022708619635238847,0.0022708619635238847,0.01042379882591149,0.01042379882591149,0.059394641557048544,0.059394641557048544,preceding,preceding,1,1,vehicle
55376.499999985565,40.20718706756592,40.20718706756592,33.20354065614252,33.20354065614252,36.05297998052755,36.05297998052755,35.69689642077333,35.69689642077333,33.55962421589675,33.55962421589675,0.016457806645576056,0.016457806645576056,-0.03891907295775354,-0.03891907295775354,-0.03200258274645762,-0.03200258274645762,0.009541316434308555,0.009541316434308555,preceding,preceding,1,1,vehicle
55376.59999998556,40.27917711430693,40.27917711430693,33.21555303261303,33.21555303261303,36.05990171305214,36.05990171305214,35.7044539682689,35.7044539682689,33.57100077739627,33.57100077739627,0.08074493903504276,0.08074493903504276,0.01875577728793587,0.01875577728793587,0.026498161047499025,0.026498161047499025,0.07300255527550803,0.07300255527550803,preceding,preceding,1,1,vehicle
55376.69999998557,40.38296421395218,40.38296421395218,33.21968964394931,33.21968964394931,36.05673113598449,36.05673113598449,35.70219605298223,35.70219605298223,33.57422472695157,33.57422472695157,-0.0072686693019079485,-0.0072686693019079485,-0.07384063913963246,-0.07384063913963246,-0.06552584105202186,-0.06552584105202186,-0.015583467389490124,-0.015583467389490124,preceding,preceding,1,1,vehicle
55376.79999998557,40.46868829788254,40.46868829788254,33.214099298753325,33.214099298753325,36.045133585224505,36.045133585224505,35.69134880005883,35.69134880005883,33.567884083919,33.567884083919,0.03156941547592851,0.03156941547592851,-0.023603369368714766,-0.023603369368714766,-0.0167122983678496,-0.0167122983678496,0.024678344475091762,0.024678344475091762,preceding,preceding,1,1,vehicle
55376.899999985566,40.540709724855574,40.540709724855574,33.226003527044405,33.226003527044405,36.05201046211082,36.05201046211082,35.69885359330871,35.69885359330871,33.579160395846515,33.579160395846515,0.14918975744177487,0.14918975744177487,0.09794379282203636,0.09794379282203636,0.10434442501704666,0.10434442501704666,0.142789125246793,0.142789125246793,preceding,preceding,1,1,vehicle
55376.999999985565,40.615789156421336,40.615789156421336,33.243937250241245,33.243937250241245,36.06472234378863,36.06472234378863,35.71221768506194,35.71221768506194,33.59644190896794,33.59644190896794,-0.002104259362084804,-0.002104259362084804,-0.051190400735947605,-0.051190400735947605,-0.04505951427157129,-0.04505951427157129,-0.008235145826489543,-0.008235145826489543,preceding,preceding,1,1,vehicle
55377.09999998556,40.68209172726671,40.68209172726671,33.22558267517199,33.22558267517199,36.04177238196378,36.04177238196378,35.68984169045453,35.68984169045453,33.577513366681245,33.577513366681245,-0.07413244295241839,-0.07413244295241839,-0.1282727037336997,-0.1282727037336997,-0.12151053309554527,-0.12151053309554527,-0.08089461359057282,-0.08089461359057282,preceding,preceding,1,1,vehicle
55377.19999998557,40.7723635259274,40.7723635259274,33.22911076165203,33.22911076165203,36.039067803042805,36.039067803042805,35.687915578443786,35.687915578443786,33.58026298625105,33.58026298625105,-0.04337819098660134,-0.04337819098660134,-0.09837867748606755,-0.09837867748606755,-0.09150904572749141,-0.09150904572749141,-0.050247822745205895,-0.050247822745205895,preceding,preceding,1,1,vehicle
55377.29999998557,40.84168409603511,40.84168409603511,33.21690703697563,33.21690703697563,36.022096646467176,36.022096646467176,35.671539881309684,35.671539881309684,33.56746380213312,33.56746380213312,0.02558026591592011,0.02558026591592011,-0.01932235075759081,-0.01932235075759081,-0.013713939514701678,-0.013713939514701678,0.019971854673030975,0.019971854673030975,preceding,preceding,1,1,vehicle
55377.399999985566,40.90314068432622,40.90314068432622,33.23422681483514,33.23422681483514,36.03520333289134,36.03520333289134,35.68517279054088,35.68517279054088,33.5842573571856,33.5842573571856,0.146969545839994,0.146969545839994,0.09820308755377027,0.09820308755377027,0.10429411662249777,0.10429411662249777,0.1408785167712665,0.1408785167712665,preceding,preceding,1,1,vehicle
55377.499999985565,40.98423778728101,40.98423778728101,33.2463009461432,33.2463009461432,36.041737263977645,36.041737263977645,35.69239870463388,35.69239870463388,33.595639505486965,33.595639505486965,0.1590054399273697,0.1590054399273697,0.11448855375439848,0.11448855375439848,0.12004881448345373,0.12004881448345373,0.15344517919834288,0.15344517919834288,preceding,preceding,1,1,vehicle
55377.59999998556,41.0336247147965,41.0336247147965,33.26602790282015,33.26602790282015,36.05810104364189,36.05810104364189,35.70918255343722,35.70918255343722,33.614946393024816,33.614946393024816,0.11325812247542899,0.11325812247542899,0.07042248767831438,0.07042248767831438,0.07577277233903601,0.07577277233903601,0.10790783781470736,0.10790783781470736,preceding,preceding,1,1,vehicle
55377.699999985554,41.11027753679575,41.11027753679575,33.268952570638355,33.268952570638355,36.05582176151395,36.05582176151395,35.707553259102255,35.707553259102255,33.61722107305005,33.61722107305005,0.06751238542989313,0.06751238542989313,0.026260902488843385,0.026260902488843385,0.03141333158791326,0.03141333158791326,0.06235995633079483,0.06235995633079483,preceding,preceding,1,1,vehicle
55377.799999985546,41.15528238490599,41.15528238490599,33.27953037990495,33.27953037990495,36.0633532241392,36.0633532241392,35.71546521975426,35.71546521975426,33.62741838428989,33.62741838428989,0.10990497226742946,0.10990497226742946,0.07186844230056977,0.07186844230056977,0.07661932743658895,0.07661932743658895,0.10515408713141028,0.10515408713141028,preceding,preceding,1,1,vehicle
55377.89999998554,41.22284758412179,41.22284758412179,33.29093356508992,33.29093356508992,36.07019544997281,36.07019544997281,35.72287712458824,35.72287712458824,33.63825189047449,33.63825189047449,0.0814735670754203,0.0814735670754203,0.04151442145487749,0.04151442145487749,0.04650545647564286,0.04650545647564286,0.07648253205465494,0.07648253205465494,preceding,preceding,1,1,vehicle
55377.99999998555,41.27381814576464,41.27381814576464,33.29582509331897,33.29582509331897,36.07165610842918,36.07165610842918,35.724766311048384,35.724766311048384,33.642714890699764,33.642714890699764,0.051155153901078165,0.051155153901078165,0.01231310697016852,0.01231310697016852,0.017164624510542126,0.017164624510542126,0.04630363636067614,0.04630363636067614,preceding,preceding,1,1,vehicle
55378.09999998555,41.33843919612476,41.33843919612476,33.30116459587067,33.30116459587067,36.07265807136705,36.07265807136705,35.7263100494906,35.7263100494906,33.64751261774712,33.64751261774712,0.05094443051035569,0.05094443051035569,0.012184101960258431,0.012184101960258431,0.01702542176388988,0.01702542176388988,0.046103110706695816,0.046103110706695816,preceding,preceding,1,1,vehicle
55378.19999998555,41.389451543612545,41.389451543612545,33.30601397942089,33.30601397942089,36.074092928821194,36.074092928821194,35.72817139540111,35.72817139540111,33.65193551284097,33.65193551284097,0.07419080337621153,0.07419080337621153,0.04662357346103363,0.04662357346103363,0.05006683669492418,0.05006683669492418,0.07074754014229256,0.07074754014229256,preceding,preceding,1,1,vehicle
55378.299999985546,41.42087148623913,41.42087148623913,33.31600275654569,33.31600275654569,36.08198278605912,36.08198278605912,35.73632341682944,35.73632341682944,33.66166212577537,33.66166212577537,-0.015520740731005844,-0.015520740731005844,-0.04003899433212155,-0.04003899433212155,-0.03697655582089965,-0.03697655582089965,-0.018583179242227743,-0.018583179242227743,preceding,preceding,1,1,vehicle
55378.39999998554,41.462931615136974,41.462931615136974,33.30290983127653,33.30290983127653,36.06608512995691,36.06608512995691,35.720776084239034,35.720776084239034,33.648218876994406,33.648218876994406,-0.17002707975100861,-0.17002707975100861,-0.2054774017296097,-0.2054774017296097,-0.20104949162401908,-0.20104949162401908,-0.17445498985662766,-0.17445498985662766,preceding,preceding,1,1,vehicle
55378.499999985535,41.52736018441414,41.52736018441414,33.281997340596654,33.281997340596654,36.04088730571461,36.04088730571461,35.696113518506024,35.696113518506024,33.62677112780524,33.62677112780524,-0.12490223315242588,-0.12490223315242588,-0.1617492917215202,-0.1617492917215202,-0.15714691523331226,-0.15714691523331226,-0.12950460964066224,-0.12950460964066224,preceding,preceding,1,1,vehicle
55378.599999985534,41.57385224766123,41.57385224766123,33.277929384646406,33.277929384646406,36.033735271613075,36.033735271613075,35.68934670119283,35.68934670119283,33.62231795506665,33.62231795506665,0.045932911176294056,0.045932911176294056,0.016613410706384002,0.016613410706384002,0.020275565784459104,0.020275565784459104,0.04227075609819053,0.04227075609819053,preceding,preceding,1,1,vehicle
55378.69999998554,41.615846930167166,41.615846930167166,33.29118392283337,33.29118392283337,36.04420998785724,36.04420998785724,35.70016863166428,35.70016863166428,33.63522527902633,33.63522527902633,-0.07312318908307702,-0.07312318908307702,-0.09846169481363631,-0.09846169481363631,-0.09529678158793331,-0.09529678158793331,-0.07628810230878003,-0.07628810230878003,preceding,preceding,1,1,vehicle
55378.79999998554,41.65047351241519,41.65047351241519,33.26330474683247,33.26330474683247,36.01404293265288,36.01404293265288,35.67028734487779,35.67028734487779,33.60706033460755,33.60706033460755,-0.1177686474097186,-0.1177686474097186,-0.1415873443689577,-0.1415873443689577,-0.1386122589829597,-0.1386122589829597,-0.12074373279577344,-0.12074373279577344,preceding,preceding,1,1,vehicle
55378.89999998554,41.688010087797046,41.688010087797046,33.26763019335176,33.26763019335176,36.01589251898386,36.01589251898386,35.672446179868096,35.672446179868096,33.61107653246753,33.61107653246753,-0.0432308944869817,-0.0432308944869817,-0.0694685999905289,-0.0694685999905289,-0.06619136266030523,-0.06619136266030523,-0.046508131817176945,-0.046508131817176945,preceding,preceding,1,1,vehicle
55378.999999985535,41.73011190984973,41.73011190984973,33.254658567935195,33.254658567935195,36.000149212654975,36.000149212654975,35.65704907234592,35.65704907234592,33.59775870824425,33.59775870824425,-0.01320752918846324,-0.01320752918846324,-0.04031229898430411,-0.04031229898430411,-0.03692675566799153,-0.03692675566799153,-0.016593072504718975,-0.016593072504718975,preceding,preceding,1,1,vehicle
55379.099999985534,41.77043387688207,41.77043387688207,33.26498868751411,33.26498868751411,36.00783005918712,36.00783005918712,35.6650608287346,35.6650608287346,33.60775791796663,33.60775791796663,-0.04523194335533276,-0.04523194335533276,-0.06686324866933546,-0.06686324866933546,-0.06416136958557672,-0.06416136958557672,-0.047933822439176765,-0.047933822439176765,preceding,preceding,1,1,vehicle
55379.199999985525,41.795997929643654,41.795997929643654,33.24561217926675,33.24561217926675,35.98677656292387,35.98677656292387,35.644216798431565,35.644216798431565,33.58817194375906,33.58817194375906,-0.11939541216682414,-0.11939541216682414,-0.13856218159818923,-0.13856218159818923,-0.13616813459313448,-0.13616813459313448,-0.12178945917185047,-0.12178945917185047,preceding,preceding,1,1,vehicle
55379.29999998552,41.82891562849018,41.82891562849018,33.24110960508283,33.24110960508283,35.980117622869905,35.980117622869905,35.637827201818354,35.637827201818354,33.583400026134385,33.583400026134385,-0.04512806291447191,-0.04512806291447191,-0.06669864071238862,-0.06669864071238862,-0.06400434047375825,-0.06400434047375825,-0.04782236315310229,-0.04782236315310229,preceding,preceding,1,1,vehicle
55379.39999998553,41.861906363632606,41.861906363632606,33.236586566683656,33.236586566683656,35.9734368347811,35.9734368347811,35.63141593033653,35.63141593033653,33.57860747112822,33.57860747112822,-0.01978549195698065,-0.01978549195698065,-0.03492847066686977,-0.03492847066686977,-0.033037016234288785,-0.033037016234288785,-0.021676946389561635,-0.021676946389561635,preceding,preceding,1,1,vehicle
55379.49999998553,41.87523582816894,41.87523582816894,33.237152506690464,33.237152506690464,35.9731319287352,35.9731319287352,35.63121979857021,35.63121979857021,33.579064636855456,33.579064636855456,-0.019823303818355953,-0.019823303818355953,-0.03495611389638498,-0.03495611389638498,-0.03306592735873437,-0.03306592735873437,-0.02171349035603498,-0.02171349035603498,preceding,preceding,1,1,vehicle
55379.59999998553,41.908268468990265,41.908268468990265,33.23262190592004,33.23262190592004,35.96644561200192,35.96644561200192,35.62480274486488,35.62480274486488,33.57426477305708,33.57426477305708,0.026109666252921215,0.026109666252921215,0.0065705618264360055,0.0065705618264360055,0.009011124977234886,0.009011124977234886,0.023669103102122335,0.023669103102122335,preceding,preceding,1,1,vehicle
55379.699999985525,41.9351548593034,41.9351548593034,33.242374439940974,33.242374439940974,35.974446041100464,35.974446041100464,35.63302202356563,35.63302202356563,33.58379845747581,33.58379845747581,-0.01802549770732753,-0.01802549770732753,-0.03605644292653665,-0.03605644292653665,-0.03380425634924222,-0.03380425634924222,-0.020277684284565112,-0.020277684284565112,preceding,preceding,1,1,vehicle
55379.79999998552,41.96364371278243,41.96364371278243,33.22901680638044,33.22901680638044,35.95923432341867,35.95923432341867,35.61804189359706,35.61804189359706,33.570209236202054,33.570209236202054,-0.09182855081823504,-0.09182855081823504,-0.10741265050717175,-0.10741265050717175,-0.10546608982360794,-0.10546608982360794,-0.09377511150179885,-0.09377511150179885,preceding,preceding,1,1,vehicle
55379.89999998552,41.98306838414064,41.98306838414064,33.22400872977881,33.22400872977881,35.95296351100064,35.95296351100064,35.6119288056025,35.6119288056025,33.565043435176946,33.565043435176946,0.01950304686673121,0.01950304686673121,0.01181105469103727,0.01181105469103727,0.012771837704292466,0.012771837704292466,0.01854226385353286,0.01854226385353286,preceding,preceding,1,1,vehicle
55379.99999998552,41.987311293885156,41.987311293885156,33.232917415752866,33.232917415752866,35.96159653435585,35.96159653435585,35.620596261136896,35.620596261136896,33.57391768897182,33.57391768897182,0.01944939016624403,0.01944939016624403,0.011754478612800767,0.011754478612800767,0.012715626939296953,0.012715626939296953,0.018488241839747843,0.018488241839747843,preceding,preceding,1,1,vehicle
55380.09999998552,42.00676687121953,42.00676687121953,33.227898607812,33.227898607812,35.95531440672317,35.95531440672317,35.61447193099033,35.61447193099033,33.56874108354484,33.56874108354484,-0.05022356560920116,-0.05022356560920116,-0.06286114260365139,-0.06286114260365139,-0.06128262009585228,-0.06128262009585228,-0.051802088116971845,-0.051802088116971845,preceding,preceding,1,1,vehicle
55380.19999998552,42.02625398658226,42.02625398658226,33.22287270263117,33.22287270263117,35.9490243058353,35.9490243058353,35.6083397371179,35.6083397371179,33.56355727134857,33.56355727134857,0.09050156399524667,0.09050156399524667,0.08478107668267398,0.08478107668267398,0.08549560612127038,0.08549560612127038,0.08978703455665027,0.08978703455665027,preceding,preceding,1,1,vehicle
55380.29999998552,42.02440193923043,42.02440193923043,33.24599892061079,33.24599892061079,35.972270622059455,35.972270622059455,35.63157105221433,35.63157105221433,33.58669849045591,33.58669849045591,0.0906860721997873,0.0906860721997873,0.08500824406135621,0.08500824406135621,0.08571744555399619,0.08571744555399619,0.08997687070714733,0.08997687070714733,preceding,preceding,1,1,vehicle
55380.39999998552,42.04377372835033,42.04377372835033,33.241009917069476,33.241009917069476,35.9660259546458,35.9660259546458,35.62548322622694,35.62548322622694,33.58155264548834,33.58155264548834,0.0908001097446629,0.0908001097446629,0.08514696181251225,0.08514696181251225,0.08585308052295204,0.08585308052295204,0.09009399103425153,0.09009399103425153,preceding,preceding,1,1,vehicle
55380.49999998551,42.0418439582927,42.0418439582927,33.26415894255536,33.26415894255536,35.98930001441742,35.98930001441742,35.64874166831441,35.64874166831441,33.60471728865837,33.60471728865837,0.08812475298728373,0.08812475298728373,0.08684321949573359,0.08684321949573359,0.08700329228901182,0.08700329228901182,0.08796468019403392,0.08796468019403392,preceding,preceding,1,1,vehicle
55380.59999998551,42.04773010078984,42.04773010078984,33.25863486766395,33.25863486766395,35.98339459854194,35.98339459854194,35.64288388468174,35.64288388468174,33.599145581524155,33.599145581524155,0.01866393266593036,0.01866393266593036,0.012484197682937292,0.012484197682937292,0.013256091389735047,0.013256091389735047,0.017892038959104184,0.017892038959104184,preceding,preceding,1,1,vehicle
55380.69999998551,42.06092725246289,42.06092725246289,33.26789172908849,33.26789172908849,35.99179685395397,35.99179685395397,35.65139288659232,35.65139288659232,33.60829569645014,33.60829569645014,0.174162640957519,0.174162640957519,0.1744014140552963,0.1744014140552963,0.1743715895683522,0.1743715895683522,0.1741924654444631,0.1741924654444631,oncoming,oncoming,1,1,vehicle
55380.79999998551,42.04699289992866,42.04699289992866,33.29346739585495,33.29346739585495,36.0182748813525,36.0182748813525,35.6777582025949,35.6777582025949,33.63398407461254,33.63398407461254,0.25978691036226564,0.25978691036226564,0.26147934749965884,0.26147934749965884,0.26126794977810164,0.26126794977810164,0.25999830808382285,0.25999830808382285,oncoming,oncoming,1,1,vehicle
55380.89999998551,42.055699210536346,42.055699210536346,33.31984911116019,33.31984911116019,36.04409272345314,36.04409272345314,35.70364647654718,35.70364647654718,33.66029535806615,33.66029535806615,0.21573952719387535,0.21573952719387535,0.21887989103584005,0.21887989103584005,0.21848763695007278,0.21848763695007278,0.21613178127958577,0.21613178127958577,oncoming,oncoming,1,1,vehicle
55380.99999998551,42.03729957606808,42.03729957606808,33.33661530129396,33.33661530129396,36.062050859560046,36.062050859560046,35.72145572998529,35.72145572998529,33.67721043086872,33.67721043086872,0.127460811621944,0.127460811621944,0.13350407161681233,0.13350407161681233,0.1327492247592943,0.1327492247592943,0.12821565847946204,0.12821565847946204,oncoming,oncoming,1,1,vehicle
55381.09999998551,42.03704180559175,42.03704180559175,33.345341273485715,33.345341273485715,36.07079353777776,36.07079353777776,35.73019632150027,35.73019632150027,33.6859384897632,33.6859384897632,0.11541373438433311,0.11541373438433311,0.11758979659211377,0.11758979659211377,0.11731799081181293,0.11731799081181293,0.11568554016460553,0.11568554016460553,oncoming,oncoming,1,1,vehicle
55381.199999985496,42.03058537018859,42.03058537018859,33.35969804816799,33.35969804816799,36.08556881887554,36.08556881887554,35.74491932814473,35.74491932814473,33.7003475388988,33.7003475388988,0.08372835007526191,0.08372835007526191,0.09128290952668294,0.09128290952668294,0.09033929114218608,0.09033929114218608,0.0846719684597872,0.0846719684597872,oncoming,oncoming,1,1,vehicle
55381.299999985495,42.013741809326206,42.013741809326206,33.362086943497566,33.362086943497566,36.08905011967986,36.08905011967986,35.748264179725474,35.748264179725474,33.70287288345195,33.70287288345195,0.21133057778615694,0.21133057778615694,0.22325673089179077,0.22325673089179077,0.22176706995975337,0.22176706995975337,0.21282023871825118,0.21282023871825118,oncoming,oncoming,1,1,vehicle
55381.3999999855,41.993825445633924,41.993825445633924,33.40196416372888,33.40196416372888,36.13022016505761,36.13022016505761,35.78927274214038,35.78927274214038,33.7429115866461,33.7429115866461,0.15720839643020668,0.15720839643020668,0.16230105599879607,0.16230105599879607,0.16166494691657363,0.16166494691657363,0.1578445055124007,0.1578445055124007,oncoming,oncoming,1,1,vehicle
55381.4999999855,41.9980494387361,41.9980494387361,33.393528622787805,33.393528622787805,36.12151033088396,36.12151033088396,35.78059716911311,35.78059716911311,33.734441784558655,33.734441784558655,0.03976430533936082,0.03976430533936082,0.048786911618464046,0.048786911618464046,0.047659925523959146,0.047659925523959146,0.040891291433837296,0.040891291433837296,oncoming,oncoming,1,1,vehicle
55381.5999999855,41.96605778127858,41.96605778127858,33.409917024796634,33.409917024796634,36.13997754738116,36.13997754738116,35.79880472724504,35.79880472724504,33.75108984493275,33.75108984493275,0.1933645090466598,0.1933645090466598,0.21317182586463446,0.21317182586463446,0.21069775572053118,0.21069775572053118,0.19583857919073466,0.19583857919073466,oncoming,oncoming,1,1,vehicle
55381.699999985496,41.93712699431886,41.93712699431886,33.43220152459657,33.43220152459657,36.16414469605626,36.16414469605626,35.8227367202566,35.8227367202566,33.77360950039623,33.77360950039623,0.11084808942260338,0.11084808942260338,0.1217880835601477,0.1217880835601477,0.1204216039154744,0.1204216039154744,0.11221456906727667,0.11221456906727667,oncoming,oncoming,1,1,vehicle
55381.799999985495,41.932438418796615,41.932438418796615,33.43208664268083,33.43208664268083,36.16433516409283,36.16433516409283,35.82288904802778,35.82288904802778,33.77353275874588,33.77353275874588,0.1112545010699364,0.1112545010699364,0.12224784946141654,0.12224784946141654,0.12087470692480906,0.12087470692480906,0.11262764360654387,0.11262764360654387,oncoming,oncoming,1,1,vehicle
55381.899999985486,41.903390320510596,41.903390320510596,33.45445242480779,33.45445242480779,36.18859426594555,36.18859426594555,35.84691166163859,35.84691166163859,33.796135029114744,33.796135029114744,0.22363395622173243,0.22363395622173243,0.24254759253432212,0.24254759253432212,0.24018515462839218,0.24018515462839218,0.22599639412766237,0.22599639412766237,oncoming,oncoming,1,1,vehicle
55381.99999998549,41.874442314808206,41.874442314808206,33.47681343392453,33.47681343392453,36.21284468259899,36.21284468259899,35.87092607895276,35.87092607895276,33.818732037570754,33.818732037570754,0.15349992335134743,0.15349992335134743,0.1674614078702632,0.1674614078702632,0.1657175277154863,0.1657175277154863,0.15524380350606748,0.15524380350606748,oncoming,oncoming,1,1,vehicle
55382.09999998549,41.860623069587525,41.860623069587525,33.485152409479745,33.485152409479745,36.22208654752142,36.22208654752142,35.8800551671835,35.8800551671835,33.82718378981767,33.82718378981767,-0.0346843730542048,-0.0346843730542048,-0.021728665578478967,-0.021728665578478967,-0.023346916058869738,-0.023346916058869738,-0.03306612257381403,-0.03306612257381403,oncoming,oncoming,1,1,vehicle
55382.19999998549,41.83480783550202,41.83480783550202,33.46987655931379,33.46987655931379,36.20849894948336,36.20849894948336,35.86625669574106,35.86625669574106,33.81211881305609,33.81211881305609,-0.08257612249971658,-0.08257612249971658,-0.06073009126470197,-0.06073009126470197,-0.06345879719583536,-0.06345879719583536,-0.07984741656855476,-0.07984741656855476,oncoming,oncoming,1,1,vehicle
55382.29999998549,41.7938784215743,41.7938784215743,33.46863718498005,33.46863718498005,36.20994052926866,36.20994052926866,35.86736340774451,35.86736340774451,33.81121430650419,33.81121430650419,0.03195914871758987,0.03195914871758987,0.05731417284135887,0.05731417284135887,0.054147175293110195,0.054147175293110195,0.03512614626583854,0.03512614626583854,oncoming,oncoming,1,1,vehicle
55382.399999985486,41.7574575789736,41.7574575789736,33.47626838905721,33.47626838905721,36.21996178405146,36.21996178405146,35.87708613079952,35.87708613079952,33.819144042309155,33.819144042309155,0.07459834378281016,0.07459834378281016,0.10304548996421659,0.10304548996421659,0.09949227329437349,0.09949227329437349,0.07815156045265326,0.07815156045265326,oncoming,oncoming,1,1,vehicle
55382.49999998549,41.707284036008176,41.707284036008176,33.483556853736914,33.483556853736914,36.23054962726199,36.23054962726199,35.88726186240386,35.88726186240386,33.82684461859505,33.82684461859505,0.059877289060040084,0.059877289060040084,0.08886146535647299,0.08886146535647299,0.08524117531135289,0.08524117531135289,0.06349757910516018,0.06349757910516018,oncoming,oncoming,1,1,vehicle
55382.59999998548,41.66938534848127,41.66938534848127,33.48824384686942,33.48824384686942,36.237734077122994,36.237734077122994,35.89413436586202,35.89413436586202,33.831843558130394,33.831843558130394,0.13398520263160663,0.13398520263160663,0.16052100724371599,0.16052100724371599,0.15720653844704202,0.15720653844704202,0.1372996714282806,0.1372996714282806,oncoming,oncoming,1,1,vehicle
55382.69999998548,41.62683053262614,41.62683053262614,33.51035389426314,33.51035389426314,36.26265382871039,36.26265382871039,35.918703170092954,35.918703170092954,33.85430455288058,33.85430455288058,0.1343344014648551,0.1343344014648551,0.16094860309553383,0.16094860309553383,0.1576243466613505,0.1576243466613505,0.13765865789906684,0.13765865789906684,oncoming,oncoming,1,1,vehicle
55382.79999998548,41.58884096614846,41.58884096614846,33.515110727162,33.515110727162,36.26992379774163,36.26992379774163,35.925659235193834,35.925659235193834,33.8593752897098,33.8593752897098,0.015791427999261032,0.015791427999261032,0.046443533007050064,0.046443533007050064,0.04261492757717633,0.04261492757717633,0.019620033429106343,0.019620033429106343,oncoming,oncoming,1,1,vehicle
55382.89999998548,41.53428214754963,41.53428214754963,33.51351217986294,33.51351217986294,36.271942535311666,36.271942535311666,35.92722615560827,35.92722615560827,33.85822855956634,33.85822855956634,0.12938511488442828,0.12938511488442828,0.16813692172647166,0.16813692172647166,0.16329663078875,0.16329663078875,0.13422540582214992,0.13422540582214992,oncoming,oncoming,1,1,vehicle
55382.99999998548,41.47211859847663,41.47211859847663,33.54098775013851,33.54098775013851,36.30355118208644,36.30355118208644,35.958318561351106,35.958318561351106,33.88622037087384,33.88622037087384,0.04214421932681489,0.04214421932681489,0.07947055290293292,0.07947055290293292,0.07480831952221934,0.07480831952221934,0.0468064527075569,0.0468064527075569,oncoming,oncoming,1,1,vehicle
55383.09999998548,41.42213602575945,41.42213602575945,33.521941023725105,33.521941023725105,36.28783664588916,36.28783664588916,35.9421878195096,35.9421878195096,33.867589850104665,33.867589850104665,-0.07691609324800197,-0.07691609324800197,-0.03546890677350234,-0.03546890677350234,-0.04064584091062784,-0.04064584091062784,-0.0717391591109049,-0.0717391591109049,oncoming,oncoming,1,1,vehicle
55383.19999998547,41.3480001481578,41.3480001481578,33.52560453148474,33.52560453148474,36.29645740072679,36.29645740072679,35.95018939316413,35.95018939316413,33.871872539047395,33.871872539047395,-0.034635049392704786,-0.034635049392704786,0.009941181507798547,0.009941181507798547,0.004373427334172675,0.004373427334172675,-0.029067295219078915,-0.029067295219078915,oncoming,oncoming,1,1,vehicle
55383.299999985466,41.288998216365975,41.288998216365975,33.5150140138451,33.5150140138451,36.28982488218832,36.28982488218832,35.94306250497415,35.94306250497415,33.861776391059266,33.861776391059266,-0.15275484327816002,-0.15275484327816002,-0.10860943480039964,-0.10860943480039964,-0.11412336245254551,-0.11412336245254551,-0.14724091562598574,-0.14724091562598574,oncoming,oncoming,1,1,vehicle
55383.39999998547,41.21661553585257,41.21661553585257,33.49505356282776,33.49505356282776,36.27473551376562,36.27473551376562,35.9273647206725,35.9273647206725,33.84242435592088,33.84242435592088,-0.00991403283515524,-0.00991403283515524,0.04462609044929877,0.04462609044929877,0.03781384272267019,0.03781384272267019,-0.0031017851085550774,-0.0031017851085550774,oncoming,oncoming,1,1,vehicle
55383.49999998547,41.12725976455189,41.12725976455189,33.51303120727526,33.51303120727526,36.29875010027553,36.29875010027553,35.95062527351602,35.95062527351602,33.86115603403477,33.86115603403477,0.10798951204930063,0.10798951204930063,0.16327158242589235,0.16327158242589235,0.15636668198521875,0.15636668198521875,0.11489441248997423,0.11489441248997423,oncoming,oncoming,1,1,vehicle
55383.59999998547,41.05325836029635,41.05325836029635,33.51665146523731,33.51665146523731,36.30738983025032,36.30738983025032,35.95863805706909,35.95863805706909,33.865403238418544,33.865403238418544,0.004126627232409419,0.004126627232409419,0.06008576454669878,0.06008576454669878,0.053096320169601086,0.053096320169601086,0.011116071609535538,0.011116071609535538,oncoming,oncoming,1,1,vehicle
55383.69999998547,40.962624206913226,40.962624206913226,33.51385653272173,33.51385653272173,36.31076725318469,36.31076725318469,35.96124453754978,35.96124453754978,33.863379248356644,33.863379248356644,0.050243786632137244,0.050243786632137244,0.10498895703145195,0.10498895703145195,0.09815115905695393,0.09815115905695393,0.05708158460660684,0.05708158460660684,oncoming,oncoming,1,1,vehicle
55383.799999985466,40.8927580650682,40.8927580650682,33.52670022256359,33.52670022256359,36.328387621656304,36.328387621656304,35.978268288880194,35.978268288880194,33.8768195553397,33.8768195553397,0.24399839782498134,0.24399839782498134,0.30013133481233467,0.30013133481233467,0.29312022637660107,0.29312022637660107,0.2510095062606865,0.2510095062606865,oncoming,oncoming,1,1,vehicle
55383.89999998546,40.79879548777958,40.79879548777958,33.56265621228256,33.56265621228256,36.3707935201423,36.3707935201423,36.01986858282033,36.01986858282033,33.91358114960453,33.91358114960453,0.15529192914200962,0.15529192914200962,0.2099530181836542,0.2099530181836542,0.20312576403702565,0.20312576403702565,0.162119183288695,0.162119183288695,oncoming,oncoming,1,1,vehicle
55383.999999985455,40.733750751219155,40.733750751219155,33.55775860838744,33.55775860838744,36.37037822528779,36.37037822528779,36.01889344168243,36.01889344168243,33.909243391992796,33.909243391992796,0.03617504470713584,0.03617504470713584,0.09041975148065262,0.09041975148065262,0.08364452853447801,0.08364452853447801,0.04295026765331045,0.04295026765331045,oncoming,oncoming,1,1,vehicle
55384.09999998546,40.641717269889334,40.641717269889334,33.56989122122538,33.56989122122538,36.3888774704402,36.3888774704402,36.03659748852895,36.03659748852895,33.922171203136635,33.922171203136635,-0.04246583715021757,-0.04246583715021757,0.01921103158809956,0.01921103158809956,0.011507546204398977,0.011507546204398977,-0.034762351766516986,-0.034762351766516986,oncoming,oncoming,1,1,vehicle
55384.19999998546,40.55581221912107,40.55581221912107,33.549265440959594,33.549265440959594,36.3742204316079,36.3742204316079,36.02119495092577,36.02119495092577,33.90229092164173,33.90229092164173,-0.07470120534094349,-0.07470120534094349,-0.006912303854193169,-0.006912303854193169,-0.015379153170385962,-0.015379153170385962,-0.0662343560247507,-0.0662343560247507,oncoming,oncoming,1,1,vehicle
55384.29999998546,40.44710974713382,40.44710974713382,33.554950980157415,33.554950980157415,36.38749500966938,36.38749500966938,36.033521657894916,36.033521657894916,33.90892433193188,33.90892433193188,-0.02713471619941288,-0.02713471619941288,0.03462978430039243,0.03462978430039243,0.026915407473666164,0.026915407473666164,-0.019420339372686612,-0.019420339372686612,oncoming,oncoming,1,1,vehicle
55384.39999998546,40.37917105239023,40.37917105239023,33.54383849771979,33.54383849771979,36.38114638846788,36.38114638846788,36.026578032420424,36.026578032420424,33.89840685376725,33.89840685376725,-0.023550215569713373,-0.023550215569713373,0.03057159498348483,0.03057159498348483,0.023811815145791115,0.023811815145791115,-0.01679043573201966,-0.01679043573201966,oncoming,oncoming,1,1,vehicle
55384.499999985455,40.29306959728486,40.29306959728486,33.55024093704354,33.55024093704354,36.39360932866599,36.39360932866599,36.038284020924,36.038284020924,33.905566244785525,33.905566244785525,0.04740303629617415,0.04740303629617415,0.11187471158777385,0.11187471158777385,0.10382226674988715,0.10382226674988715,0.05545548113406085,0.05545548113406085,oncoming,oncoming,1,1,vehicle
55384.59999998546,40.19642054386741,40.19642054386741,33.55331910497899,33.55331910497899,36.40352133078574,36.40352133078574,36.04734248577066,36.04734248577066,33.90949794999407,33.90949794999407,5.317890003198045e-05,5.317890003198045e-05,0.06962372306497855,0.06962372306497855,0.060934467361448696,0.060934467361448696,0.008742434603561833,0.008742434603561833,oncoming,oncoming,1,1,vehicle
55384.69999998545,40.096773674310974,40.096773674310974,33.55025157282444,33.55025157282444,36.40753407327964,36.40753407327964,36.05047091439698,36.05047091439698,33.9073147317071,33.9073147317071,-0.030731177649698793,-0.030731177649698793,0.040251559144167004,0.040251559144167004,0.03138595803005728,0.03138595803005728,-0.02186557653556065,-0.02186557653556065,oncoming,oncoming,1,1,vehicle
55384.79999998545,39.997116451357,39.997116451357,33.54717286944936,33.54717286944936,36.41157164261417,36.41157164261417,36.05361967737635,36.05361967737635,33.90512483468718,33.90512483468718,-0.102634021413337,-0.102634021413337,-0.041624806148007565,-0.041624806148007565,-0.04924470794972535,-0.04924470794972535,-0.09501411961159079,-0.09501411961159079,oncoming,oncoming,1,1,vehicle
55384.89999998545,39.92620023256829,39.92620023256829,33.529724768542074,33.529724768542074,36.399209112050166,36.399209112050166,36.04062197280718,36.04062197280718,33.88831190778506,33.88831190778506,-0.10306325104173197,-0.10306325104173197,-0.041767783598260166,-0.041767783598260166,-0.0494234062182386,-0.0494234062182386,-0.09540762842172512,-0.09540762842172512,oncoming,oncoming,1,1,vehicle
55384.99999998545,39.82659456197193,39.82659456197193,33.52656021924132,33.52656021924132,36.403218085894636,36.403218085894636,36.04373499613285,36.04373499613285,33.88604330900311,33.88604330900311,-0.07592537075478845,-0.07592537075478845,-0.007254104523070737,-0.007254104523070737,-0.01583091388096136,-0.01583091388096136,-0.06734856139689782,-0.06734856139689782,oncoming,oncoming,1,1,vehicle
55385.09999998545,39.73593148458928,39.73593148458928,33.51453969439134,33.51453969439134,36.39775829114557,36.39775829114557,36.03745579003103,36.03745579003103,33.87484219550588,33.87484219550588,-0.07655328340641177,-0.07655328340641177,-0.007601473696354333,-0.007601473696354333,-0.016213286248017766,-0.016213286248017766,-0.06794147085477675,-0.06794147085477675,oncoming,oncoming,1,1,vehicle
55385.19999998545,39.63650137406115,39.63650137406115,33.51124956256034,33.51124956256034,36.40169779115601,36.40169779115601,36.04049233888385,36.04049233888385,33.8724550148325,33.8724550148325,-0.049369794136907785,-0.049369794136907785,0.027101647326844613,0.027101647326844613,0.017550702402473917,0.017550702402473917,-0.03981884921253709,-0.03981884921253709,oncoming,oncoming,1,1,vehicle
55385.29999998544,39.52617218294454,39.52617218294454,33.50466573556518,33.50466573556518,36.4031786206112,36.4031786206112,36.04096593051191,36.04096593051191,33.866878425664474,33.866878425664474,-0.18572008905843518,-0.18572008905843518,-0.11381750850475214,-0.11381750850475214,-0.12279778768058236,-0.12279778768058236,-0.17673980988260496,-0.17673980988260496,oncoming,oncoming,1,1,vehicle
55385.39999998544,39.4401952090979,39.4401952090979,33.474105544745306,33.474105544745306,36.378934289450605,36.378934289450605,36.015932781343416,36.015932781343416,33.837107052852495,33.837107052852495,-0.29277058219011565,-0.29277058219011565,-0.22499237521000737,-0.22499237521000737,-0.23345750277565003,-0.23345750277565003,-0.284305454624473,-0.284305454624473,oncoming,oncoming,1,1,vehicle
55385.49999998544,39.34209967499508,39.34209967499508,33.446111619125695,33.446111619125695,36.358180145567964,36.358180145567964,35.99427442995552,35.99427442995552,33.81001733473814,33.81001733473814,-0.23361999248879783,-0.23361999248879783,-0.162759996631479,-0.162759996631479,-0.17160998866174282,-0.17160998866174282,-0.22477000045859086,-0.22477000045859086,oncoming,oncoming,1,1,vehicle
55385.59999998544,39.248627419628036,39.248627419628036,33.42738154624823,33.42738154624823,36.34638229012478,36.34638229012478,35.98161078361157,35.98161078361157,33.792153052761435,33.792153052761435,-0.06518464120264866,-0.06518464120264866,0.00830601502568129,0.00830601502568129,-0.0008724906593329251,-0.0008724906593329251,-0.05600613551763445,-0.05600613551763445,oncoming,oncoming,1,1,vehicle
55385.69999998544,39.14443956951891,39.14443956951891,33.433074690885356,33.433074690885356,36.35984134857308,36.35984134857308,35.994099931823655,35.994099931823655,33.79881610763478,33.79881610763478,-0.06594368478576484,-0.06594368478576484,0.007874433897001154,0.007874433897001154,-0.0013449321648977275,-0.0013449321648977275,-0.05672431872383754,-0.05672431872383754,oncoming,oncoming,1,1,vehicle
55385.79999998544,39.05103031660341,39.05103031660341,33.414192809291265,33.414192809291265,36.34795717690416,36.34795717690416,35.981341797178594,35.981341797178594,33.78080818901683,33.78080818901683,-0.23685221648142374,-0.23685221648142374,-0.16500276366508615,-0.16500276366508615,-0.17397621732365565,-0.17397621732365565,-0.22787876282285424,-0.22787876282285424,oncoming,oncoming,1,1,vehicle
55385.89999998544,38.953103123484574,38.953103123484574,33.38570424758734,33.38570424758734,36.32684079583866,36.32684079583866,35.95930468835749,35.95930468835749,33.75324035506851,33.75324035506851,-0.20724778426125567,-0.20724778426125567,-0.13267748599901097,-0.13267748599901097,-0.14199071289087328,-0.14199071289087328,-0.19793455736939336,-0.19793455736939336,oncoming,oncoming,1,1,vehicle
55385.99999998543,38.85342836310231,38.85342836310231,33.37274325243735,33.37274325243735,36.32142167970246,36.32142167970246,35.95294365459855,35.95294365459855,33.741221277541264,33.741221277541264,-0.15766621652849722,-0.15766621652849722,-0.08953176232699889,-0.08953176232699889,-0.0980411706345592,-0.0980411706345592,-0.1491568082209085,-0.1491568082209085,oncoming,oncoming,1,1,vehicle
55386.09999998543,38.77337861308469,38.77337861308469,33.35417100428284,33.35417100428284,36.308934443373666,36.308934443373666,35.939696454231076,35.939696454231076,33.72340899342543,33.72340899342543,-0.19322563136586268,-0.19322563136586268,-0.11844920514090518,-0.11844920514090518,-0.1277880934505049,-0.1277880934505049,-0.18388674305623454,-0.18388674305623454,oncoming,oncoming,1,1,vehicle
55386.19999998543,38.6572768182782,38.6572768182782,33.33409812616474,33.33409812616474,36.29773183867463,36.29773183867463,35.92738603590882,35.92738603590882,33.70444392893055,33.70444392893055,-0.1987374382821372,-0.1987374382821372,-0.1150006618358077,-0.1150006618358077,-0.12545857228334967,-0.12545857228334967,-0.18827952783462365,-0.18827952783462365,oncoming,oncoming,1,1,vehicle
55386.29999998543,38.55475572293064,38.55475572293064,33.31442351662699,33.31442351662699,36.28593431100684,36.28593431100684,35.914604739774774,35.914604739774774,33.685753087859055,33.685753087859055,-0.1927769665974779,-0.1927769665974779,-0.12253642659632646,-0.12253642659632646,-0.13130874897285594,-0.13130874897285594,-0.18400464422100526,-0.18400464422100526,oncoming,oncoming,1,1,vehicle
55386.39999998543,38.474817965426695,38.474817965426695,33.2955427328458,33.2955427328458,36.27322455335572,36.27322455335572,35.90112428611463,35.90112428611463,33.66764300008689,33.66764300008689,-0.14543907096106068,-0.14543907096106068,-0.0765880897789657,-0.0765880897789657,-0.08518683091855905,-0.08518683091855905,-0.13684032982149574,-0.13684032982149574,oncoming,oncoming,1,1,vehicle
55386.49999998543,38.376834388271924,38.376834388271924,33.28533570243477,33.28533570243477,36.270616693051444,36.270616693051444,35.897567373591414,35.897567373591414,33.6583850218948,33.6583850218948,-0.11556506931680133,-0.11556506931680133,-0.04404991671179914,-0.04404991671179914,-0.05298134967378587,-0.05298134967378587,-0.10663363635484302,-0.10663363635484302,oncoming,oncoming,1,1,vehicle
55386.59999998543,38.29080804609939,38.29080804609939,33.27242971898214,33.27242971898214,36.26441457001343,36.26441457001343,35.8905280161799,35.8905280161799,33.64631627281567,33.64631627281567,-0.1159999203658515,-0.1159999203658515,-0.0440986537700212,-0.0440986537700212,-0.0530782669802079,-0.0530782669802079,-0.1070203071556648,-0.1070203071556648,oncoming,oncoming,1,1,vehicle
55386.69999998542,38.192773945834624,38.192773945834624,33.26213571836259,33.26213571836259,36.26179696229763,36.26179696229763,35.88695172019566,35.88695172019566,33.63698096046456,33.63698096046456,-0.1492133430196816,-0.1492133430196816,-0.07583364704686346,-0.07583364704686346,-0.08499786086122185,-0.08499786086122185,-0.14004912920529478,-0.14004912920529478,oncoming,oncoming,1,1,vehicle
55386.79999998542,38.10381998232168,38.10381998232168,33.24258705037905,33.24258705037905,36.249247840604106,36.249247840604106,35.8735284440078,35.8735284440078,33.61830644697535,33.61830644697535,-0.14978696676737968,-0.14978696676737968,-0.07601777941042087,-0.07601777941042087,-0.08523059314944703,-0.08523059314944703,-0.14057415302829668,-0.14057415302829668,oncoming,oncoming,1,1,vehicle
55386.89999998542,38.00575653283624,38.00575653283624,33.232178325009556,33.232178325009556,36.24659340641577,36.24659340641577,35.86990560156602,35.86990560156602,33.60886612985931,33.60886612985931,-0.10159574686855422,-0.10159574686855422,-0.02926885360960796,-0.02926885360960796,-0.038301506237900185,-0.038301506237900185,-0.09256309424023357,-0.09256309424023357,oncoming,oncoming,1,1,vehicle
55386.99999998542,37.92129207239849,37.92129207239849,33.22226790100564,33.22226790100564,36.24339406988227,36.24339406988227,35.865868142760334,35.865868142760334,33.599793828127574,33.599793828127574,-0.10396974738674203,-0.10396974738674203,-0.027640140178988304,-0.027640140178988304,-0.03717263079829536,-0.03717263079829536,-0.0944372567674634,-0.0944372567674634,oncoming,oncoming,1,1,vehicle
55387.09999998542,37.814164970341054,37.814164970341054,33.21138437553251,33.21138437553251,36.24106537838005,36.24106537838005,35.86247107540647,35.86247107540647,33.58997867850609,33.58997867850609,-0.022187594068412864,-0.022187594068412864,0.05150580723073972,0.05150580723073972,0.04230257744418964,0.04230257744418964,-0.012984364281862781,-0.012984364281862781,oncoming,oncoming,1,1,vehicle
55387.19999998542,37.737104194230994,37.737104194230994,33.21783038219312,33.21783038219312,36.253695231329736,36.253695231329736,35.87432865825047,35.87432865825047,33.59719695527239,33.59719695527239,0.19177413299405544,0.19177413299405544,0.2580860843146695,0.2580860843146695,0.24980472912963592,0.24980472912963592,0.2000554881790606,0.2000554881790606,oncoming,oncoming,1,1,vehicle
55387.29999998542,37.649278396847976,37.649278396847976,33.24973920213031,33.24973920213031,36.29268259524219,36.29268259524219,35.91243202123158,35.91243202123158,33.62998977614092,33.62998977614092,0.15470942935891685,0.15470942935891685,0.23169133386008411,0.23169133386008411,0.22207750605281262,0.22207750605281262,0.16432325716621676,0.16432325716621676,oncoming,oncoming,1,1,vehicle
55387.39999998541,37.546596914904455,37.546596914904455,33.24877226806572,33.24877226806572,36.3000334981017,36.3000334981017,35.91874415946108,35.91874415946108,33.63006160670634,33.63006160670634,-0.10166712620500107,-0.10166712620500107,-0.029414963062464494,-0.029414963062464494,-0.038438084302754305,-0.038438084302754305,-0.09264400496471126,-0.09264400496471126,oncoming,oncoming,1,1,vehicle
55387.49999998541,37.471249382116824,37.471249382116824,33.229405776889,33.229405776889,36.2867996026285,36.2867996026285,35.90474440436994,35.90474440436994,33.61146097514756,33.61146097514756,-0.0659728032169653,-0.0659728032169653,-0.0001108942331597973,-0.0001108942331597973,-0.008335937957951955,-0.008335937957951955,-0.057747759492173145,-0.057747759492173145,oncoming,oncoming,1,1,vehicle
55387.59999998541,37.385127446430374,37.385127446430374,33.23557770742252,33.23557770742252,36.30001131925506,36.30001131925506,35.91707697186951,35.91707697186951,33.61851205480807,33.61851205480807,0.06190590660202133,0.06190590660202133,0.13247426608231194,0.13247426608231194,0.12366150156913136,0.12366150156913136,0.07071867111520191,0.07071867111520191,oncoming,oncoming,1,1,vehicle
55387.69999998541,37.298985903744054,37.298985903744054,33.24178695820923,33.24178695820923,36.31329445584457,36.31329445584457,35.92947670468341,35.92947670468341,33.62560470937039,33.62560470937039,0.06219166854600644,0.06219166854600644,0.1330851740687251,0.1330851740687251,0.1242318428959095,0.1242318428959095,0.07104499971885048,0.07104499971885048,oncoming,oncoming,1,1,vehicle
55387.79999998541,37.212866088712836,37.212866088712836,33.24801604113154,33.24801604113154,36.326628354068426,36.326628354068426,35.941923340448334,35.941923340448334,33.632721054751634,33.632721054751634,-0.06839534781570933,-0.06839534781570933,0.0021178116764133392,0.0021178116764133392,-0.006687982951035565,-0.006687982951035565,-0.059589553188260425,-0.059589553188260425,oncoming,oncoming,1,1,vehicle
55387.89999998541,37.128430826014586,37.128430826014586,33.22810788864389,33.22810788864389,36.31371801817795,36.31371801817795,35.928139108091266,35.928139108091266,33.613686798730576,33.613686798730576,-0.073044016997585,-0.073044016997585,0.007267629684434951,0.007267629684434951,-0.0027617654587857032,-0.0027617654587857032,-0.06301462185433593,-0.06301462185433593,oncoming,oncoming,1,1,vehicle
55387.99999998541,37.01962646102929,37.01962646102929,33.23340723772987,33.23340723772987,36.32808188000336,36.32808188000336,35.941370987354595,35.941370987354595,33.620118130378636,33.620118130378636,-0.10726544152342399,-0.10726544152342399,-0.025327660225627824,-0.025327660225627824,-0.035560083299913,-0.035560083299913,-0.09703301844913881,-0.09703301844913881,oncoming,oncoming,1,1,vehicle
55388.0999999854,36.93218979063262,36.93218979063262,33.20665480034263,33.20665480034263,36.30865248613554,36.30865248613554,35.92102709143409,35.92102709143409,33.594280195044085,33.594280195044085,-0.18387073673423515,-0.18387073673423515,-0.11358745396091763,-0.11358745396091763,-0.12236441559778655,-0.12236441559778655,-0.1750937750973378,-0.1750937750973378,oncoming,oncoming,1,1,vehicle
55388.1999999854,36.8521543311834,36.8521543311834,33.196633090386115,33.196633090386115,36.30536438921351,36.30536438921351,35.91689810423746,35.91689810423746,33.58509937536216,33.58509937536216,0.07698900991923097,0.07698900991923097,0.15279460433507097,0.15279460433507097,0.1433280639150496,0.1433280639150496,0.08645555033925234,0.08645555033925234,oncoming,oncoming,1,1,vehicle
55388.2999999854,36.75247240736133,36.75247240736133,33.22205260232626,33.22205260232626,36.33921140700211,36.33921140700211,35.94969270421669,35.94969270421669,33.61157130511168,33.61157130511168,-0.0077536148706087715,-0.0077536148706087715,0.07153801766176571,0.07153801766176571,0.06163618735556042,0.06163618735556042,0.002148215435596512,0.002148215435596512,oncoming,oncoming,1,1,vehicle
55388.3999999854,36.66502541589418,36.66502541589418,33.19508236741201,33.19508236741201,36.319671992745654,36.319671992745654,35.929225341708396,35.929225341708396,33.58552901844927,33.58552901844927,-0.06878562531559851,-0.06878562531559851,0.0019308098761996462,0.0019308098761996462,-0.006900119804726046,-0.006900119804726046,-0.059954695634644395,-0.059954695634644395,oncoming,oncoming,1,1,vehicle
55388.4999999854,36.58638882750803,36.58638882750803,33.20829547726334,33.20829547726334,36.33959756897735,36.33959756897735,35.94831268025576,35.94831268025576,33.59958036598493,33.59958036598493,-0.08856772361522758,-0.08856772361522758,-0.012982631342282502,-0.012982631342282502,-0.022421502577572028,-0.022421502577572028,-0.07912885237993805,-0.07912885237993805,oncoming,oncoming,1,1,vehicle
55388.5999999854,36.488403387139805,36.488403387139805,33.17736882268537,33.17736882268537,36.31707546647405,36.31707546647405,35.92474104118968,35.92474104118968,33.56970324796974,33.56970324796974,-0.1276083506772352,-0.1276083506772352,-0.04064907953272723,-0.04064907953272723,-0.05150827536004954,-0.05150827536004954,-0.11674915484991288,-0.11674915484991288,oncoming,oncoming,1,1,vehicle
55388.699999985394,36.38420249427414,36.38420249427414,33.18277380712298,33.18277380712298,36.331467753065546,36.331467753065546,35.93801102517854,35.93801102517854,33.576230535009984,33.576230535009984,-0.058691324167710945,-0.058691324167710945,0.022149629439894625,0.022149629439894625,0.012054519045108236,0.012054519045108236,-0.04859621377292456,-0.04859621377292456,oncoming,oncoming,1,1,vehicle
55388.79999998539,36.301372020067795,36.301372020067795,33.16563055785078,33.16563055785078,36.32150539236003,36.32150539236003,35.92715194499682,35.92715194499682,33.55998400521399,33.55998400521399,-0.2247810415136655,-0.2247810415136655,-0.1468028507559893,-0.1468028507559893,-0.15654041678016029,-0.15654041678016029,-0.21504347548952296,-0.21504347548952296,oncoming,oncoming,1,1,vehicle
55388.89999998539,36.20478741091344,36.20478741091344,33.137817598820895,33.137817598820895,36.302107182914774,36.302107182914774,35.906702941822964,35.906702941822964,33.533221839912706,33.533221839912706,-0.2791675715645283,-0.2791675715645283,-0.19485684767383304,-0.19485684767383304,-0.20538513993673746,-0.20538513993673746,-0.2686392793016239,-0.2686392793016239,oncoming,oncoming,1,1,vehicle
55388.99999998539,36.10834327405057,36.10834327405057,33.10979704353869,33.10979704353869,36.28253402282583,36.28253402282583,35.88607491701007,35.88607491701007,33.50625614935445,33.50625614935445,-0.4100547318480494,-0.4100547318480494,-0.33604186883437137,-0.33604186883437137,-0.34528417359570085,-0.34528417359570085,-0.4008124270866915,-0.4008124270866915,oncoming,oncoming,1,1,vehicle
55389.09999998539,36.03612380037134,36.03612380037134,33.05580665245248,33.05580665245248,36.23489880914888,36.23489880914888,35.83764610710483,35.83764610710483,33.45305935449653,33.45305935449653,-0.5849021106073735,-0.5849021106073735,-0.503938386449363,-0.503938386449363,-0.5140486163961668,-0.5140486163961668,-0.5747918806605412,-0.5747918806605412,oncoming,oncoming,1,1,vehicle
55389.199999985394,35.92489838107124,35.92489838107124,32.99281662141401,32.99281662141401,36.181746345533355,36.181746345533355,35.783265193728155,35.783265193728155,33.39129777321921,33.39129777321921,-0.8097297382425381,-0.8097297382425381,-0.7259734976892105,-0.7259734976892105,-0.7364323949291816,-0.7364323949291816,-0.7992708410025955,-0.7992708410025955,oncoming,oncoming,1,1,vehicle
55389.29999998538,35.84714059927617,35.84714059927617,32.89386070482007,32.89386070482007,36.08970410962692,36.08970410962692,35.69035962813491,35.69035962813491,33.293205186312086,33.293205186312086,-0.7578777666990106,-0.7578777666990106,-0.6817104031220254,-0.6817104031220254,-0.6912215989849244,-0.6912215989849244,-0.7483665708361968,-0.7483665708361968,oncoming,oncoming,1,1,vehicle
55389.39999998538,35.75401311457649,35.75401311457649,32.84124106809418,32.84124106809418,36.0454042649278,36.0454042649278,35.645020873950166,35.645020873950166,33.24162445907181,33.24162445907181,-0.560063163891499,-0.560063163891499,-0.4794238571159326,-0.4794238571159326,-0.48949342745120816,-0.48949342745120816,-0.549993593556195,-0.549993593556195,oncoming,oncoming,1,1,vehicle
55389.49999998538,35.66705232528596,35.66705232528596,32.781848072038834,32.781848072038834,35.993819338201114,35.993819338201114,35.592460942642,35.592460942642,33.18320646759795,33.18320646759795,-0.9247885039928576,-0.9247885039928576,-0.8400494575119808,-0.8400494575119808,-0.8506309101497891,-0.8506309101497891,-0.9142070513550209,-0.9142070513550209,oncoming,oncoming,1,1,vehicle
55389.59999998538,35.56579576080089,35.56579576080089,32.65628336729638,32.65628336729638,35.877394373426455,35.877394373426455,35.47489469192122,35.47489469192122,33.058783048801615,33.058783048801615,-1.2018411937854694,-1.2018411937854694,-1.1183966881378922,-1.1183966881378922,-1.1288164386127733,-1.1288164386127733,-1.1914214433106167,-1.1914214433106167,oncoming,oncoming,1,1,vehicle
55389.69999998538,35.48259295852529,35.48259295852529,32.54147983328524,32.54147983328524,35.77014000057679,35.77014000057679,35.36669765492273,35.36669765492273,32.944922178939294,32.944922178939294,-1.0135315427182832,-1.0135315427182832,-0.9370136623118981,-0.9370136623118981,-0.9465684300980399,-0.9465684300980399,-1.003976774932113,-1.003976774932113,oncoming,oncoming,1,1,vehicle
55389.79999998538,35.397531979062364,35.397531979062364,32.45357705875568,32.45357705875568,35.6899916409668,35.6899916409668,35.28558100590437,35.28558100590437,32.85798769381811,32.85798769381811,-1.4721716641631986,-1.4721716641631986,-1.388390510326417,-1.388390510326417,-1.398852185149508,-1.398852185149508,-1.4617099893400507,-1.4617099893400507,oncoming,oncoming,1,1,vehicle
55389.89999998538,35.29929749340323,35.29929749340323,32.247045500456885,32.247045500456885,35.49246189851555,35.49246189851555,35.0869272178969,35.0869272178969,32.652580181075535,32.652580181075535,-1.8207873460264636,-1.8207873460264636,-1.7400169692551515,-1.7400169692551515,-1.7501026423863948,-1.7501026423863948,-1.810701672895192,-1.810701672895192,oncoming,oncoming,1,1,vehicle
55389.99999998538,35.221634277567446,35.221634277567446,32.089419589546,32.089419589546,35.3419882471116,35.3419882471116,34.93556047742289,34.93556047742289,32.49584735923471,32.49584735923471,-1.5317678837300548,-1.5317678837300548,-1.4559891632196695,-1.4559891632196695,-1.4654514835732755,-1.4654514835732755,-1.5223055633764488,-1.5223055633764488,oncoming,oncoming,1,1,vehicle
55390.09999998538,35.135131834104534,35.135131834104534,31.94069192370354,31.94069192370354,35.20126406586455,35.20126406586455,34.79383692117514,34.79383692117514,32.34811906839295,32.34811906839295,-1.5268910124170532,-1.5268910124170532,-1.4454303105994484,-1.4454303105994484,-1.4556020761319246,-1.4556020761319246,-1.5167192468845485,-1.5167192468845485,oncoming,oncoming,1,1,vehicle
55390.19999998537,35.04599360598575,35.04599360598575,31.784041387078723,31.784041387078723,35.05290218500699,35.05290218500699,34.64444006221189,34.64444006221189,32.19250350987382,32.19250350987382,-1.618661601758987,-1.618661601758987,-1.5400678471262665,-1.5400678471262665,-1.5498815756577642,-1.5498815756577642,-1.6088478732274893,-1.6088478732274893,oncoming,oncoming,1,1,vehicle
55390.29999998537,34.96647180726998,34.96647180726998,31.616959603367473,31.616959603367473,34.893250496454165,34.893250496454165,34.48386060605856,34.48386060605856,32.02634949376307,32.02634949376307,-1.8557485145821602,-1.8557485145821602,-1.7746545676479286,-1.7746545676479286,-1.7847804298507697,-1.7847804298507697,-1.8456226523793475,-1.8456226523793475,oncoming,oncoming,1,1,vehicle
55390.39999998537,34.872873651622236,34.872873651622236,31.412891684167693,31.412891684167693,34.69797127148257,34.69797127148257,34.28748397624693,34.28748397624693,31.823378979403326,31.823378979403326,-2.0229802036545834,-2.0229802036545834,-1.9399649593202923,-1.9399649593202923,-1.9503306740148503,-1.9503306740148503,-2.0126144889600255,-2.0126144889600255,oncoming,oncoming,1,1,vehicle
55390.49999998537,34.790071548863466,34.790071548863466,31.212363562642444,31.212363562642444,34.505257504595754,34.505257504595754,34.09379447126127,34.09379447126127,31.623826595976926,31.623826595976926,-1.9003514496451146,-1.9003514496451146,-1.8262990582097132,-1.8262990582097132,-1.835545576495889,-1.835545576495889,-1.8911049313589103,-1.8911049313589103,oncoming,oncoming,1,1,vehicle
55390.59999998538,34.71627217331738,34.71627217331738,31.0328213942196,31.0328213942196,34.332711459822306,34.332711459822306,33.920374860929336,33.920374860929336,31.44515799311257,31.44515799311257,-2.074920464149045,-2.074920464149045,-1.9949033623167338,-1.9949033623167338,-2.004894606008719,-2.004894606008719,-2.0649292204570315,-2.0649292204570315,oncoming,oncoming,1,1,vehicle
55390.69999998537,34.621717127561276,34.621717127561276,30.797379469815784,30.797379469815784,34.106276832135464,34.106276832135464,33.69281555006259,33.69281555006259,31.21084075188865,31.21084075188865,-2.287228646024687,-2.287228646024687,-2.199981903359628,-2.199981903359628,-2.210875812237788,-2.210875812237788,-2.2763347371464704,-2.2763347371464704,oncoming,oncoming,1,1,vehicle
55390.79999998536,34.533561822492054,34.533561822492054,30.575375665070265,30.575375665070265,33.892715079203874,33.892715079203874,33.478199698535526,33.478199698535526,30.989891045738613,30.989891045738613,-2.5075717794929346,-2.5075717794929346,-2.4232085832827295,-2.4232085832827295,-2.4337423823748736,-2.4337423823748736,-2.4970379804007052,-2.4970379804007052,oncoming,oncoming,1,1,vehicle
55390.89999998536,34.44597273993632,34.44597273993632,30.29586511393019,30.29586511393019,33.621635115491046,33.621635115491046,33.206067073599854,33.206067073599854,30.711433155821386,30.711433155821386,-2.7031400014393228,-2.7031400014393228,-2.6269380602176398,-2.6269380602176398,-2.6364527764264665,-2.6364527764264665,-2.6936252852305245,-2.6936252852305245,oncoming,oncoming,1,1,vehicle
55390.99999998536,34.37554618251707,34.37554618251707,30.034747664769263,30.034747664769263,33.36732746714765,33.36732746714765,32.95090914323749,32.95090914323749,30.451165988679428,30.451165988679428,-2.4359646039111453,-2.4359646039111453,-2.3577030763761684,-2.3577030763761684,-2.3674749001239093,-2.3674749001239093,-2.4261927801634044,-2.4261927801634044,oncoming,oncoming,1,1,vehicle
55391.09999998536,34.284525776489986,34.284525776489986,29.808672193155054,29.808672193155054,33.15009450022267,33.15009450022267,32.732572093581965,32.732572093581965,30.22619459979576,30.22619459979576,-2.6453198786156804,-2.6453198786156804,-2.5539544757311603,-2.5539544757311603,-2.565362402431589,-2.565362402431589,-2.633911951915252,-2.633911951915252,oncoming,oncoming,1,1,vehicle
55391.19999998536,34.18798127284686,34.18798127284686,29.50568368905383,29.50568368905383,32.85653657200886,32.85653657200886,32.43783666275864,32.43783666275864,29.924383598304047,29.924383598304047,-2.6511066312270657,-2.6511066312270657,-2.5643503482341146,-2.5643503482341146,-2.5751827172772153,-2.5751827172772153,-2.640274262184022,-2.640274262184022,oncoming,oncoming,1,1,vehicle
55391.29999998536,34.107312931165374,34.107312931165374,29.278450866917353,29.278450866917353,32.63722443058331,32.63722443058331,32.217535550134016,32.217535550134016,29.698139747366643,29.698139747366643,-2.4681554714160256,-2.4681554714160256,-2.3823978254792735,-2.3823978254792735,-2.393105437845037,-2.393105437845037,-2.4574478590502338,-2.4574478590502338,oncoming,oncoming,1,1,vehicle
55391.39999998536,34.013779775158625,34.013779775158625,29.012052594757005,29.012052594757005,32.38005700689985,32.38005700689985,31.959215575176422,31.959215575176422,29.432894026480433,29.432894026480433,-2.720664576035233,-2.720664576035233,-2.630997875898885,-2.630997875898885,-2.6421935061385966,-2.6421935061385966,-2.7094689457954644,-2.7094689457954644,oncoming,oncoming,1,1,vehicle
55391.49999998535,33.926068463993154,33.926068463993154,28.734317951719873,28.734317951719873,32.11102485541292,32.11102485541292,31.689096848915707,31.689096848915707,29.156245958217088,29.156245958217088,-2.931987136081574,-2.931987136081574,-2.8526339200948314,-2.8526339200948314,-2.862541771583892,-2.862541771583892,-2.922079284592513,-2.922079284592513,oncoming,oncoming,1,1,vehicle
55391.59999998535,33.854160316421414,33.854160316421414,28.425655167568305,28.425655167568305,31.80953022290758,31.80953022290758,31.386707220886453,31.386707220886453,28.84847816958943,28.84847816958943,-2.784419980381699,-2.784419980381699,-2.704505268792275,-2.704505268792275,-2.7144831681365247,-2.7144831681365247,-2.7744420810374493,-2.7744420810374493,oncoming,oncoming,1,1,vehicle
55391.69999998535,33.766150174167805,33.766150174167805,28.177433955651637,28.177433955651637,31.570123801662334,31.570123801662334,31.146200215296297,31.146200215296297,28.601357542017674,28.601357542017674,-2.640765806301715,-2.640765806301715,-2.5582483143480204,-2.5582483143480204,-2.568551136744304,-2.568551136744304,-2.6304629839054314,-2.6304629839054314,oncoming,oncoming,1,1,vehicle
55391.79999998535,33.68975573635649,33.68975573635649,27.89750200631565,27.89750200631565,31.297880560045417,31.297880560045417,30.872996993545073,30.872996993545073,28.322385572815996,28.322385572815996,-2.93208779318482,-2.93208779318482,-2.846826476054474,-2.846826476054474,-2.857471816310351,-2.857471816310351,-2.921442452928943,-2.921442452928943,oncoming,oncoming,1,1,vehicle
55391.89999998536,33.59718527006735,33.59718527006735,27.591016396976677,27.591016396976677,31.000758506414677,31.000758506414677,30.57470585199731,30.57470585199731,28.017069051394042,28.017069051394042,-3.224877826635378,-3.224877826635378,-3.1371454372927303,-3.1371454372927303,-3.148099245131675,-3.148099245131675,-3.2139240187964333,-3.2139240187964333,oncoming,oncoming,1,1,vehicle
55391.99999998535,33.51670202698656,33.51670202698656,27.25252644098148,27.25252644098148,30.67045147258042,30.67045147258042,30.243377144512202,30.243377144512202,27.6796007690497,27.6796007690497,-3.1842446943860807,-3.1842446943860807,-3.113797524408284,-3.113797524408284,-3.122593144179774,-3.122593144179774,-3.1754490746145905,-3.1754490746145905,oncoming,oncoming,1,1,vehicle
55392.09999998535,33.45884743945879,33.45884743945879,26.95416745813482,26.95416745813482,30.37799900156749,30.37799900156749,29.950187223195943,29.950187223195943,27.381979236506364,27.381979236506364,-2.92250885743303,-2.92250885743303,-2.8532762131059144,-2.8532762131059144,-2.861920146623703,-2.861920146623703,-2.9138649239151846,-2.9138649239151846,oncoming,oncoming,1,1,vehicle
55392.19999998534,33.3813882689833,33.3813882689833,26.66802466952376,26.66802466952376,30.09979622998727,30.09979622998727,29.670993115215595,29.670993115215595,27.096827784295435,27.096827784295435,-3.0703033230213634,-3.0703033230213634,-2.9911070074136887,-2.9911070074136887,-3.0009948926784773,-3.0009948926784773,-3.060415437756575,-3.060415437756575,oncoming,oncoming,1,1,vehicle
55392.29999998534,33.30468159373483,33.30468159373483,26.340106793558782,26.340106793558782,29.779777600112176,29.779777600112176,29.34998824468778,29.34998824468778,26.76989614898318,26.76989614898318,-3.165900219396235,-3.165900219396235,-3.0910153986992555,-3.0910153986992555,-3.100364933282407,-3.100364933282407,-3.156550684813112,-3.156550684813112,oncoming,oncoming,1,1,vehicle
55392.39999998534,33.23625103063109,33.23625103063109,26.034844625653726,26.034844625653726,29.481593150256415,29.481593150256415,29.05092012856814,29.05092012856814,26.465517647342,26.465517647342,-3.3285693849625773,-3.3285693849625773,-3.254034732279962,-3.254034732279962,-3.2633404971745392,-3.2633404971745392,-3.319263620068,-3.319263620068,oncoming,oncoming,1,1,vehicle
55392.49999998534,33.160881221936116,33.160881221936116,25.674392916575954,25.674392916575954,29.128970653665654,29.128970653665654,28.697320145262367,28.697320145262367,26.10604342497924,26.10604342497924,-3.531164678138211,-3.531164678138211,-3.4558298742585123,-3.4558298742585123,-3.465235492743659,-3.465235492743659,-3.5217590596530215,-3.5217590596530215,oncoming,oncoming,1,1,vehicle
55392.59999998535,33.091508447417446,33.091508447417446,25.32861168998711,25.32861168998711,28.790427175366535,28.790427175366535,28.357873029981125,28.357873029981125,25.76116583537252,25.76116583537252,-3.3699035773684898,-3.3699035773684898,-3.3051813402333323,-3.3051813402333323,-3.313261932300179,-3.313261932300179,-3.361822985301643,-3.361822985301643,oncoming,oncoming,1,1,vehicle
55392.69999998533,33.03701468660654,33.03701468660654,25.00041220113018,25.00041220113018,28.46793438564682,28.46793438564682,28.034667758830174,28.034667758830174,25.433678827946828,25.433678827946828,-3.471276779664322,-3.471276779664322,-3.4092309297410566,-3.4092309297410566,-3.4169773365601372,-3.4169773365601372,-3.4635303728451987,-3.4635303728451987,oncoming,oncoming,1,1,vehicle
55392.799999985335,32.973240749261905,32.973240749261905,24.634356334103845,24.634356334103845,28.108580989467132,28.108580989467132,27.674477562718,27.674477562718,25.068459760852978,25.068459760852978,-3.6013356334821367,-3.6013356334821367,-3.5195652589650024,-3.5195652589650024,-3.5297742126063554,-3.5297742126063554,-3.5911266798408263,-3.5911266798408263,oncoming,oncoming,1,1,vehicle
55392.89999998533,32.881836802680674,32.881836802680674,24.28014507441717,24.28014507441717,27.764021333837377,27.764021333837377,27.32871291629245,27.32871291629245,24.715453491962098,24.715453491962098,-3.663116515856686,-3.663116515856686,-3.585328516836256,-3.585328516836256,-3.5950402320408443,-3.5950402320408443,-3.6534048006520834,-3.6534048006520834,oncoming,oncoming,1,1,vehicle
55392.99999998533,32.826154300087,32.826154300087,23.90173303094317,23.90173303094317,27.39151528611032,27.39151528611032,26.955469516320296,26.955469516320296,24.337778800733194,24.337778800733194,-3.8730771263365114,-3.8730771263365114,-3.812237153433699,-3.812237153433699,-3.8198328907834878,-3.8198328907834878,-3.8654813889867086,-3.8654813889867086,oncoming,oncoming,1,1,vehicle
55393.09999998533,32.7673207755394,32.7673207755394,23.50552964916114,23.50552964916114,27.001573903161734,27.001573903161734,26.56474633814687,26.56474633814687,23.942357214176006,23.942357214176006,-3.9477678192280194,-3.9477678192280194,-3.8864453817772926,-3.8864453817772926,-3.8941013218936007,-3.8941013218936007,-3.9401118791117113,-3.9401118791117113,oncoming,oncoming,1,1,vehicle
55393.19999998533,32.71112287433926,32.71112287433926,23.112179467109055,23.112179467109055,26.61422620976617,26.61422620976617,26.176649251952906,26.176649251952906,23.549756424922318,23.549756424922318,-3.9442278961081456,-3.9442278961081456,-3.8891920620940823,-3.8891920620940823,-3.896063109700634,-3.896063109700634,-3.937356848501608,-3.937356848501608,oncoming,oncoming,1,1,vehicle
55393.299999985335,32.66441392330077,32.66441392330077,22.716684069922135,22.716684069922135,26.223735490725712,26.223735490725712,25.785533716189516,25.785533716189516,23.15488584445833,23.15488584445833,-3.94456758283269,-3.94456758283269,-3.8784213452510983,-3.8784213452510983,-3.8866794499344905,-3.8866794499344905,-3.9363094781492975,-3.9363094781492975,oncoming,oncoming,1,1,vehicle
55393.39999998533,32.58794232781008,32.58794232781008,22.323265950525144,22.323265950525144,25.838541940698637,25.838541940698637,25.399313361948685,25.399313361948685,22.762494529275095,22.762494529275095,-3.8772716454914615,-3.8772716454914615,-3.8081331164289765,-3.8081331164289765,-3.8167647650725343,-3.8167647650725343,-3.8686399968478895,-3.8686399968478895,oncoming,oncoming,1,1,vehicle
55393.49999998533,32.536049213501684,32.536049213501684,21.941229740835126,21.941229740835126,25.462108867451,25.462108867451,25.022180763186114,25.022180763186114,22.381157845100013,22.381157845100013,-4.0535890246674455,-4.0535890246674455,-3.9987029986593825,-3.9987029986593825,-4.005555250658844,-4.005555250658844,-4.0467367726679555,-4.0467367726679555,oncoming,oncoming,1,1,vehicle
55393.59999998532,32.48643248596414,32.48643248596414,21.51254814563634,21.51254814563634,25.038801341010906,25.038801341010906,24.598202311861126,24.598202311861126,21.95314717478612,21.95314717478612,-4.366370966949816,-4.366370966949816,-4.309522481984402,-4.309522481984402,-4.316619708354878,-4.316619708354878,-4.359273740579326,-4.359273740579326,oncoming,oncoming,1,1,vehicle
55393.69999998532,32.43125525993274,32.43125525993274,21.067955547488484,21.067955547488484,24.600204371096904,24.600204371096904,24.15885682155799,24.15885682155799,21.5093030970274,21.5093030970274,-4.324083507824298,-4.324083507824298,-4.268333260081704,-4.268333260081704,-4.275293351578782,-4.275293351578782,-4.317123416327249,-4.317123416327249,oncoming,oncoming,1,1,vehicle
55393.79999998532,32.38396905737143,32.38396905737143,20.647731444084066,20.647731444084066,24.185134689006986,24.185134689006986,23.743143641557815,23.743143641557815,21.089722491533237,21.089722491533237,-4.293986548388887,-4.293986548388887,-4.241173576659847,-4.241173576659847,-4.247766939869251,-4.247766939869251,-4.287393185179496,-4.287393185179496,oncoming,oncoming,1,1,vehicle
55393.89999998533,32.33450283247125,32.33450283247125,20.209158237758047,20.209158237758047,23.751969655712927,23.751969655712927,23.30930343353205,23.30930343353205,20.651824459938922,20.651824459938922,-4.261941191418174,-4.261941191418174,-4.21190815849522,-4.21190815849522,-4.21815444246154,-4.21815444246154,-4.255694907451868,-4.255694907451868,oncoming,oncoming,1,1,vehicle
55393.99999998533,32.29256155079775,32.29256155079775,19.795343205747212,19.795343205747212,23.342753057255425,23.342753057255425,22.899512753012903,22.899512753012903,20.238583509989734,20.238583509989734,-4.143341336583873,-4.143341336583873,-4.1026150451598085,-4.1026150451598085,-4.107699429576726,-4.107699429576726,-4.138256952166941,-4.138256952166941,oncoming,oncoming,1,1,vehicle
55394.09999998532,32.2602859384208,32.2602859384208,19.380489970483556,19.380489970483556,22.931446646722907,22.931446646722907,22.48776354765869,22.48776354765869,19.824173069547772,19.824173069547772,-4.2716739076799115,-4.2716739076799115,-4.240757053927709,-4.240757053927709,-4.2446167907215795,-4.2446167907215795,-4.267814170886041,-4.267814170886041,oncoming,oncoming,1,1,vehicle
55394.199999985314,32.23633546976557,32.23633546976557,18.941008424285823,18.941008424285823,22.494601646543938,22.494601646543938,22.05058939494271,22.05058939494271,19.385020675887052,19.385020675887052,-4.084174511635553,-4.084174511635553,-4.042289067664981,-4.042289067664981,-4.047518133225964,-4.047518133225964,-4.07894544607457,-4.07894544607457,oncoming,oncoming,1,1,vehicle
55394.29999998531,32.18431088712971,32.18431088712971,18.563655068202568,18.563655068202568,22.122988833235834,22.122988833235834,21.678259921059446,21.678259921059446,19.008383980378955,19.008383980378955,-3.906338996891023,-3.906338996891023,-3.864009897270975,-3.864009897270975,-3.8692943396348483,-3.8692943396348483,-3.9010545545271356,-3.9010545545271356,oncoming,oncoming,1,1,vehicle
55394.39999998531,32.1596713098095,32.1596713098095,18.15974062491899,18.15974062491899,21.72179966710099,21.72179966710099,21.276730527027,21.276730527027,18.60480976499298,18.60480976499298,-3.953675244015571,-3.953675244015571,-3.9292068299107825,-3.9292068299107825,-3.932261502957985,-3.932261502957985,-3.950620570968354,-3.950620570968354,oncoming,oncoming,1,1,vehicle
55394.49999998531,32.1400933870974,32.1400933870974,17.77292001941096,17.77292001941096,21.337147467265112,21.337147467265112,20.89180762047929,20.89180762047929,18.21825986619678,18.21825986619678,-3.8542707081573298,-3.8542707081573298,-3.820815567728161,-3.820815567728161,-3.8249921461973457,-3.8249921461973457,-3.8500941296881592,-3.8500941296881592,oncoming,oncoming,1,1,vehicle
55394.59999998532,32.09933643974577,32.09933643974577,17.38888648324306,17.38888648324306,20.957636553511623,20.957636553511623,20.511732097743707,20.511732097743707,17.834790939010976,17.834790939010976,-3.785540604021193,-3.785540604021193,-3.748722154168675,-3.748722154168675,-3.7533186038595545,-3.7533186038595545,-3.7809441543302995,-3.7809441543302995,oncoming,oncoming,1,1,vehicle
55394.699999985314,32.0737860904464,32.0737860904464,17.015811898587806,17.015811898587806,20.587403036412987,20.587403036412987,20.141143899688924,20.141143899688924,17.46207103531187,17.46207103531187,-3.714680183311131,-3.714680183311131,-3.69806964077938,-3.69806964077938,-3.700143312727306,-3.700143312727306,-3.7126065113632194,-3.7126065113632194,oncoming,oncoming,1,1,vehicle
55394.799999985305,32.06946400480468,32.06946400480468,16.6459504466457,16.6459504466457,20.218022625420325,20.218022625420325,19.77170343526286,19.77170343526286,17.092269636803163,17.092269636803163,-3.5344264401286267,-3.5344264401286267,-3.5166481719365663,-3.5166481719365663,-3.5188676188922443,-3.5188676188922443,-3.5322069931729345,-3.5322069931729345,oncoming,oncoming,1,1,vehicle
55394.89999998528,32.04186650533031,32.04186650533031,16.30892661067045,16.30892661067045,19.8840734021331,19.8840734021331,19.437370376018016,19.437370376018016,16.755629636785535,16.755629636785535,-3.4620130801955753,-3.4620130801955753,-3.43002794744649,-3.43002794744649,-3.434020980295287,-3.434020980295287,-3.458020047346807,-3.458020047346807,oncoming,oncoming,1,1,vehicle
55394.9999999853,32.01209805393389,32.01209805393389,15.953547830608647,15.953547830608647,19.532017035933105,19.532017035933105,19.084899239205882,19.084899239205882,16.40066562733587,16.40066562733587,-3.579478155469758,-3.579478155469758,-3.5572204895474187,-3.5572204895474187,-3.5599991385569183,-3.5599991385569183,-3.5766995064602725,-3.5766995064602725,oncoming,oncoming,1,1,vehicle
55395.0999999853,32.00199384983832,32.00199384983832,15.593030979509905,15.593030979509905,19.172629304157923,19.172629304157923,18.72537054824083,18.72537054824083,16.040289735427,16.040289735427,-3.606540389541621,-3.606540389541621,-3.585186881090266,-3.585186881090266,-3.5878526488266544,-3.5878526488266544,-3.6038746218052182,-3.6038746218052182,oncoming,oncoming,1,1,vehicle
55395.1999999853,31.973914122119492,31.973914122119492,15.232239752710818,15.232239752710818,18.814979659725488,18.814979659725488,18.367328709450994,18.367328709450994,15.679890702985313,15.679890702985313,-3.5795204235991775,-3.5795204235991775,-3.5472401680706582,-3.5472401680706582,-3.551270022311897,-3.551270022311897,-3.575490569357939,-3.575490569357939,oncoming,oncoming,1,1,vehicle
55395.299999985305,31.944342438609286,31.944342438609286,14.877126894774856,14.877126894774856,18.463181270528732,18.463181270528732,18.01511654376337,18.01511654376337,15.325191621540219,15.325191621540219,-3.4019154075274685,-3.4019154075274685,-3.36792012949185,-3.36792012949185,-3.372164076369316,-3.372164076369316,-3.3976714606499883,-3.3976714606499883,oncoming,oncoming,1,1,vehicle
55395.39999998528,31.91331182982145,31.91331182982145,14.551856671256045,14.551856671256045,18.141395633877195,18.141395633877195,17.692895894227288,17.692895894227288,15.000356410905955,15.000356410905955,-3.5001450031586216,-3.5001450031586216,-3.472189011715429,-3.472189011715429,-3.475679011459178,-3.475679011459178,-3.4966550034148867,-3.4966550034148867,oncoming,oncoming,1,1,vehicle
55395.499999985295,31.894581429782995,31.894581429782995,14.17709789416078,14.17709789416078,17.768743468202512,17.768743468202512,17.319980741488497,17.319980741488497,14.625860620874795,14.625860620874795,-3.613632421195419,-3.613632421195419,-3.5956456684577205,-3.5956456684577205,-3.59789111377998,-3.59789111377998,-3.611386975873174,-3.611386975873174,oncoming,oncoming,1,1,vehicle
55395.599999985294,31.88134016744363,31.88134016744363,13.829130186970994,13.829130186970994,17.422266500139983,17.422266500139983,16.973317671425587,16.973317671425587,14.27807901568539,14.27807901568539,-3.576402173872765,-3.576402173872765,-3.5433577288313813,-3.5433577288313813,-3.5474829482521386,-3.5474829482521386,-3.572276954452022,-3.572276954452022,oncoming,oncoming,1,1,vehicle
55395.699999985285,31.835962454664973,31.835962454664973,13.461817459424065,13.461817459424065,17.060071922473472,17.060071922473472,16.610484151875383,16.610484151875383,13.911405230022154,13.911405230022154,-3.625363939228123,-3.625363939228123,-3.5864502680120722,-3.5864502680120722,-3.59130818564077,-3.59130818564077,-3.6205060215994394,-3.6205060215994394,oncoming,oncoming,1,1,vehicle
55395.79999998528,31.81238919060309,31.81238919060309,13.104057399188676,13.104057399188676,16.704976446600195,16.704976446600195,16.255056034360145,16.255056034360145,13.553977811428727,13.553977811428727,-3.4971327909644714,-3.4971327909644714,-3.4552862014599697,-3.4552862014599697,-3.4605102393283005,-3.4605102393283005,-3.4919087530961264,-3.4919087530961264,oncoming,oncoming,1,1,vehicle
55395.89999998528,31.762037161889385,31.762037161889385,12.762390901243691,12.762390901243691,16.36901468219432,16.36901468219432,15.918382104022522,15.918382104022522,13.213023479415488,13.213023479415488,-3.457263059387948,-3.457263059387948,-3.4174732164093626,-3.4174732164093626,-3.4224404856709185,-3.4224404856709185,-3.452295790126385,-3.452295790126385,oncoming,oncoming,1,1,vehicle
55395.99999998528,31.74219313983136,31.74219313983136,12.412604787296583,12.412604787296583,16.021481803304248,16.021481803304248,15.570567937211829,15.570567937211829,12.863518653389002,12.863518653389002,-3.672196113087658,-3.672196113087658,-3.6302358289911467,-3.6302358289911467,-3.6354740285480034,-3.6354740285480034,-3.6669579135308084,-3.6669579135308084,oncoming,oncoming,1,1,vehicle
55396.09999998529,31.688254598556743,31.688254598556743,12.027951678607591,12.027951678607591,15.642967516377988,15.642967516377988,15.191287298294762,15.191287298294762,12.479631896690817,12.479631896690817,-3.840743173017252,-3.840743173017252,-3.7912108875649295,-3.7912108875649295,-3.797394340235442,-3.797394340235442,-3.834559720346732,-3.834559720346732,oncoming,oncoming,1,1,vehicle
55396.199999985285,31.65524099646378,31.65524099646378,11.644456152676282,11.644456152676282,15.2632396257748,15.2632396257748,14.81108906914823,14.81108906914823,12.096606709302852,12.096606709302852,-3.9939481864430206,-3.9939481864430206,-3.9675187515297097,-3.9675187515297097,-3.9708181088189747,-3.9708181088189747,-3.99064882915377,-3.99064882915377,oncoming,oncoming,1,1,vehicle
55396.29999998528,31.641956855878473,31.641956855878473,11.229162041361983,11.229162041361983,14.849463766114939,14.849463766114939,14.397123676573873,14.397123676573873,11.681502130903048,11.681502130903048,-3.6977218009365345,-3.6977218009365345,-3.6535476371421822,-3.6535476371421822,-3.659062161544398,-3.659062161544398,-3.692207276534319,-3.692207276534319,oncoming,oncoming,1,1,vehicle
55396.39999998528,31.578095334983914,31.578095334983914,10.904911792512985,10.904911792512985,14.532530098371089,14.532530098371089,14.079276636863986,14.079276636863986,11.358165254020088,11.358165254020088,-3.7351775305555677,-3.7351775305555677,-3.679256977964343,-3.679256977964343,-3.686237860512634,-3.686237860512634,-3.7281966480072626,-3.7281966480072626,oncoming,oncoming,1,1,vehicle
55396.49999998528,31.544442198146335,31.544442198146335,10.482126535241733,10.482126535241733,14.11361237051343,14.11361237051343,13.659876104462642,13.659876104462642,10.93586280129252,10.93586280129252,-3.934782168998183,-3.934782168998183,-3.894710979337347,-3.894710979337347,-3.8997132743958502,-3.8997132743958502,-3.9297798739396796,-3.9297798739396796,oncoming,oncoming,1,1,vehicle
55396.59999998529,31.508439308574648,31.508439308574648,10.117955358700435,10.117955358700435,13.753587902490903,13.753587902490903,13.299333981972074,13.299333981972074,10.572209279219264,10.572209279219264,-4.000784525967603,-4.000784525967603,-3.974563272165298,-3.974563272165298,-3.977836601772765,-3.977836601772765,-3.9975111963601293,-3.9975111963601293,oncoming,oncoming,1,1,vehicle
55396.699999985285,31.49892387484224,31.49892387484224,9.681969630035972,9.681969630035972,13.318699716068465,13.318699716068465,12.864308784096142,12.864308784096142,10.136360562008296,10.136360562008296,-4.193335902667329,-4.193335902667329,-4.166321326003711,-4.166321326003711,-4.169693679676598,-4.169693679676598,-4.189963548994456,-4.189963548994456,oncoming,oncoming,1,1,vehicle
55396.79999998528,31.46165267041545,31.46165267041545,9.279288178207262,9.279288178207262,12.920323637329941,12.920323637329941,12.465395246076602,12.465395246076602,9.734216569460601,9.734216569460601,-3.9612062902213907,-3.9612062902213907,-3.919748108872305,-3.919748108872305,-3.9249235144642327,-3.9249235144642327,-3.956030884629463,-3.956030884629463,oncoming,oncoming,1,1,vehicle
55396.89999998528,31.427222443509784,31.427222443509784,8.889728372005132,8.889728372005132,12.534750094307276,12.534750094307276,12.079324081216589,12.079324081216589,9.34515438509582,9.34515438509582,-3.9226533080263764,-3.9226533080263764,-3.88335266166672,-3.88335266166672,-3.8882587181226,-3.8882587181226,-3.9177472515705105,-3.9177472515705105,oncoming,oncoming,1,1,vehicle
55396.99999998527,31.393835065895974,31.393835065895974,8.49475751661419,8.49475751661419,12.143653105008703,12.143653105008703,11.687743502464201,11.687743502464201,8.950667119158691,8.950667119158691,-4.015100249862421,-4.015100249862421,-3.982955637916355,-3.982955637916355,-3.986968368469526,-3.986968368469526,-4.01108751930925,-4.01108751930925,oncoming,oncoming,1,1,vehicle
55397.09999998527,31.371852766287116,31.371852766287116,8.086708322072596,8.086708322072596,11.738158966763528,11.738158966763528,11.28193040756226,11.28193040756226,8.542936881273864,8.542936881273864,-4.115507152230748,-4.115507152230748,-4.094870890080962,-4.094870890080962,-4.097446985727196,-4.097446985727196,-4.112931056584507,-4.112931056584507,oncoming,oncoming,1,1,vehicle
55397.19999998527,31.35834173225151,31.35834173225151,7.671656086180018,7.671656086180018,11.324678927004427,11.324678927004427,10.868254105330687,10.868254105330687,8.128080907853759,8.128080907853759,-4.119304088382549,-4.119304088382549,-4.100551906402984,-4.100551906402984,-4.102892801784556,-4.102892801784556,-4.116963193000977,-4.116963193000977,oncoming,oncoming,1,1,vehicle
55397.29999998528,31.339641717127375,31.339641717127375,7.262847504378557,7.262847504378557,10.91804858546553,10.91804858546553,10.461351847187931,10.461351847187931,7.719544242656156,7.719544242656156,-3.949021777437352,-3.949021777437352,-3.929425681993699,-3.929425681993699,-3.9318719228511014,-3.9318719228511014,-3.9465755365799637,-3.9465755365799637,oncoming,oncoming,1,1,vehicle
55397.39999998528,31.32471156847019,31.32471156847019,6.8818517306465745,6.8818517306465745,10.538793790559943,10.538793790559943,10.081879720714694,10.081879720714694,7.338765800491823,7.338765800491823,-3.881320487711193,-3.881320487711193,-3.851165058903362,-3.851165058903362,-3.8549294449035045,-3.8549294449035045,-3.8775561017110505,-3.8775561017110505,oncoming,oncoming,1,1,vehicle
55397.49999998527,31.287981392629977,31.287981392629977,6.486583406849691,6.486583406849691,10.147815573697772,10.147815573697772,9.690365958220202,9.690365958220202,6.944033022327261,6.944033022327261,-4.002927494167725,-4.002927494167725,-3.9734522283873233,-3.9734522283873233,-3.977131703236573,-3.977131703236573,-3.9992480193184647,-3.9992480193184647,oncoming,oncoming,1,1,vehicle
55397.59999998527,31.274262593855916,31.274262593855916,6.081266231853074,6.081266231853074,9.744103344922028,9.744103344922028,9.286453380106991,9.286453380106991,6.538916196668111,6.538916196668111,-3.919267501342702,-3.919267501342702,-3.894208620288346,-3.894208620288346,-3.8973367774059327,-3.8973367774059327,-3.916139344225126,-3.916139344225126,oncoming,oncoming,1,1,vehicle
55397.69999998526,31.24518140369204,31.24518140369204,5.702729906619125,5.702729906619125,9.36897384967769,9.36897384967769,8.910898602776651,8.910898602776651,6.160805153520163,6.160805153520163,-3.7843154587004726,-3.7843154587004726,-3.749088351283966,-3.749088351283966,-3.753485822764567,-3.753485822764567,-3.779917987219868,-3.779917987219868,oncoming,oncoming,1,1,vehicle
55397.79999998526,31.214181471656467,31.214181471656467,5.324403140151543,5.324403140151543,8.994285674703455,8.994285674703455,8.535756215592341,8.535756215592341,5.782932599262659,5.782932599262659,-3.799450997734173,-3.799450997734173,-3.7722791410158365,-3.7722791410158365,-3.775671052686434,-3.775671052686434,-3.7960590860635577,-3.7960590860635577,oncoming,oncoming,1,1,vehicle
55397.89999998526,31.198904492364825,31.198904492364825,4.9428397070833485,4.9428397070833485,8.614518021485502,8.614518021485502,8.155764392250353,8.155764392250353,5.401593336318499,5.401593336318499,-3.823512226350651,-3.823512226350651,-3.793263000194294,-3.793263000194294,-3.797039054465685,-3.797039054465685,-3.8197361720792706,-3.8197361720792706,oncoming,oncoming,1,1,vehicle
55397.99999998527,31.1627740356952,31.1627740356952,4.559700694836672,4.559700694836672,8.235633074620566,8.235633074620566,7.776348404655085,7.776348404655085,5.018985364802152,5.018985364802152,-3.811154235484178,-3.811154235484178,-3.769645592996568,-3.769645592996568,-3.774827165213054,-3.774827165213054,-3.805972663267692,-3.805972663267692,oncoming,oncoming,1,1,vehicle
55398.09999998527,31.128474112518834,31.128474112518834,4.180608859941556,4.180608859941556,7.860588902841746,7.860588902841746,7.400798959163234,7.400798959163234,4.640398803620068,4.640398803620068,-3.658872303132892,-3.658872303132892,-3.626587689150462,-3.626587689150462,-3.630617805253401,-3.630617805253401,-3.6548421870299563,-3.6548421870299563,oncoming,oncoming,1,1,vehicle
55398.199999985256,31.108093817050033,31.108093817050033,3.827926234270143,3.827926234270143,7.510315536850197,7.510315536850197,7.05022484366417,7.05022484366417,4.2880169274561695,4.2880169274561695,-3.726626612541878,-3.726626612541878,-3.684293885691069,-3.684293885691069,-3.6895782966742203,-3.6895782966742203,-3.721342201558727,-3.721342201558727,oncoming,oncoming,1,1,vehicle
55398.299999985255,31.056971888472038,31.056971888472038,3.43528353749244,3.43528353749244,7.1237301257625845,7.1237301257625845,6.6628832998874685,6.6628832998874685,3.896130363367556,3.896130363367556,-3.722187122848119,-3.722187122848119,-3.670350948798891,-3.670350948798891,-3.6768216627975683,-3.6768216627975683,-3.715716408849449,-3.715716408849449,oncoming,oncoming,1,1,vehicle
55398.39999998525,31.02069911521353,31.02069911521353,3.083488809711352,3.083488809711352,6.7762453471011,6.7762453471011,6.3148605111153575,6.3148605111153575,3.5448736456970944,3.5448736456970944,-3.531649779040775,-3.531649779040775,-3.4714310566786963,-3.4714310566786963,-3.478948126584516,-3.478948126584516,-3.5241327091349532,-3.5241327091349532,oncoming,oncoming,1,1,vehicle
55398.49999998525,30.955822824831763,30.955822824831763,2.7289535816945634,2.7289535816945634,6.429443914436948,6.429443914436948,5.96709367458069,5.96709367458069,3.1913038215508216,3.1913038215508216,-3.669967996123555,-3.669967996123555,-3.58803635010932,-3.58803635010932,-3.5982637832146622,-3.5982637832146622,-3.6597405630182056,-3.6597405630182056,oncoming,oncoming,1,1,vehicle
55398.59999998527,30.88356008514006,30.88356008514006,2.3494952104117743,2.3494952104117743,6.058638077006121,6.058638077006121,5.59520775439909,5.59520775439909,2.812925533018805,2.812925533018805,-3.6254979443347217,-3.6254979443347217,-3.5271491667853,-3.5271491667853,-3.5394258461197907,-3.5394258461197907,-3.613221265000222,-3.613221265000222,oncoming,oncoming,1,1,vehicle
55398.699999985256,30.792034681629666,30.792034681629666,2.003853992799489,2.003853992799489,5.724014081051329,5.724014081051329,5.259208505328225,5.259208505328225,2.468659568522593,2.468659568522593,-4.0130342449053416,-4.0130342449053416,-3.927540789276602,-3.927540789276602,-3.938212706274218,-3.938212706274218,-4.002362327907726,-4.002362327907726,oncoming,oncoming,1,1,vehicle
55398.799999985255,30.741744714308,30.741744714308,1.546888361484583,1.546888361484583,5.273129919202466,5.273129919202466,4.807565213196188,4.807565213196188,2.0124530674908607,2.0124530674908607,-4.053370076249266,-4.053370076249266,-3.959708110673425,-3.959708110673425,-3.971399577529276,-3.971399577529276,-4.041678609393411,-4.041678609393411,oncoming,oncoming,1,1,vehicle
55398.899999985246,30.63765340297556,30.63765340297556,1.193179977583412,1.193179977583412,4.932072458948988,4.932072458948988,4.464928589854892,4.464928589854892,1.6603238466775085,1.6603238466775085,-3.79452647779994,-3.79452647779994,-3.6741738536128423,-3.6741738536128423,-3.6891969155343567,-3.6891969155343567,-3.7795034158784206,-3.7795034158784206,oncoming,oncoming,1,1,vehicle
55398.99999998525,30.54429621312089,30.54429621312089,0.7879830659281459,0.7879830659281459,4.538295148482919,4.538295148482919,4.069725830092404,4.069725830092404,1.2565523843186615,1.2565523843186615,-4.232446526355533,-4.232446526355533,-4.099975459363552,-4.099975459363552,-4.116511038582864,-4.116511038582864,-4.215910947136222,-4.215910947136222,oncoming,oncoming,1,1,vehicle
55399.09999998524,30.42192550577551,30.42192550577551,0.34669067232987594,0.34669067232987594,4.112077367092931,4.112077367092931,3.6416263821550867,3.6416263821550867,0.8171416572677204,0.8171416572677204,-4.1351370699646495,-4.1351370699646495,-3.9810082649882403,-3.9810082649882403,-4.000247054690632,-4.000247054690632,-4.115898280262261,-4.115898280262261,oncoming,oncoming,1,1,vehicle
55399.199999985234,30.295104926041635,30.295104926041635,-0.03904434799257506,-0.03904434799257506,3.742093495554788,3.742093495554788,3.2696764192241305,3.2696764192241305,0.4333727283380824,0.4333727283380824,-3.9228689320495556,-3.9228689320495556,-3.760733871465071,-3.760733871465071,-3.7809717816609645,-3.7809717816609645,-3.902631021853661,-3.902631021853661,oncoming,oncoming,1,1,vehicle
55399.29999998523,30.161984988447916,30.161984988447916,-0.43788311404102886,-0.43788311404102886,3.359930592837339,3.359930592837339,2.8854320258605135,2.8854320258605135,0.03661545293579671,0.03661545293579671,-3.981722445565836,-3.981722445565836,-3.8081499618199235,-3.8081499618199235,-3.8298152283091422,-3.8298152283091422,-3.960057179076616,-3.960057179076616,oncoming,oncoming,1,1,vehicle
55399.39999998523,30.01929588340855,30.01929588340855,-0.835388837094154,-0.835388837094154,2.9804635032018862,2.9804635032018862,2.503713373573448,2.503713373573448,-0.3586387074657156,-0.3586387074657156,-4.09423238685672,-4.09423238685672,-3.9090479785293883,-3.9090479785293883,-3.9321623276712856,-3.9321623276712856,-4.071118037714823,-4.071118037714823,oncoming,oncoming,1,1,vehicle
55399.49999998524,29.870466902728708,29.870466902728708,-1.2567295914319807,-1.2567295914319807,2.5781209971127317,2.5781209971127317,2.0989995603074174,2.0989995603074174,-0.7776081546266661,-0.7776081546266661,-4.143089884043885,-4.143089884043885,-3.9291779778181706,-3.9291779778181706,-3.955877608103057,-3.955877608103057,-4.1163902537590005,-4.1163902537590005,oncoming,oncoming,1,1,vehicle
55399.59999998524,29.686211184199415,29.686211184199415,-1.664006813951163,-1.664006813951163,2.1946279075925106,2.1946279075925106,1.712537851906784,1.712537851906784,-1.1819167582654369,-1.1819167582654369,-4.068950724981135,-4.068950724981135,-3.8378665807813146,-3.8378665807813146,-3.866709120838842,-3.866709120838842,-4.040108184923611,-4.040108184923611,oncoming,oncoming,1,1,vehicle
55399.699999985234,29.514493767742778,29.514493767742778,-2.0705197364164767,-2.0705197364164767,1.810547680967724,1.810547680967724,1.3256577361509636,1.3256577361509636,-1.5856297915997166,-1.5856297915997166,-4.0194993740790395,-4.0194993740790395,-3.782470836662486,-3.782470836662486,-3.8120547613313045,-3.8120547613313045,-3.989915449410219,-3.989915449410219,oncoming,oncoming,1,1,vehicle
55399.79999998523,29.325649955178562,29.325649955178562,-2.467906688725363,-2.467906688725363,1.438133740299392,1.438133740299392,0.9501268996801799,0.9501268996801799,-1.979899848106151,-1.979899848106151,-4.028195376473084,-4.028195376473084,-3.772738061188022,-3.772738061188022,-3.8046215084385264,-3.8046215084385264,-3.99631192922258,-3.99631192922258,oncoming,oncoming,1,1,vehicle
55399.89999998523,29.130709671516968,29.130709671516968,-2.8761588116993697,-2.8761588116993697,1.0560000687410995,1.0560000687410995,0.5647334344743313,0.5647334344743313,-2.3848921774326017,-2.3848921774326017,-4.01608436674864,-4.01608436674864,-3.7414040474198753,-3.7414040474198753,-3.775685980292863,-3.775685980292863,-3.981802433875652,-3.981802433875652,oncoming,oncoming,1,1,vehicle
55399.99999998524,28.918605594134537,28.918605594134537,-3.271123562091657,-3.271123562091657,0.6898529308002466,0.6898529308002466,0.1949897036062629,0.1949897036062629,-2.776260334897673,-2.776260334897673,-4.017445999032747,-4.017445999032747,-3.7433851773625495,-3.7433851773625495,-3.777589088404725,-3.777589088404725,-3.9832420879905666,-3.9832420879905666,oncoming,oncoming,1,1,vehicle
55400.09999998524,28.729909146064028,28.729909146064028,-3.679648011552688,-3.679648011552688,0.30732303322501076,0.30732303322501076,-0.19078438325059066,-0.19078438325059066,-3.1815405950770863,-3.1815405950770863,-3.9023696330037865,-3.9023696330037865,-3.615173165218186,-3.615173165218186,-3.6510155988364907,-3.6510155988364907,-3.8665271993854873,-3.8665271993854873,oncoming,oncoming,1,1,vehicle
55400.199999985234,28.504910792588294,28.504910792588294,-4.0515974886863795,-4.0515974886863795,-0.033181702238984645,-0.033181702238984645,-0.5352134161564259,-0.5352134161564259,-3.5495657747689386,-3.5495657747689386,-3.844590490901801,-3.844590490901801,-3.5367699194921816,-3.5367699194921816,-3.5751853994008176,-3.5751853994008176,-3.8061750109931687,-3.8061750109931687,oncoming,oncoming,1,1,vehicle
55400.299999985225,28.292671825220054,28.292671825220054,-4.448566109665913,-4.448566109665913,-0.4000309506116655,-0.4000309506116655,-0.9058214630683232,-0.9058214630683232,-3.942775597209255,-3.942775597209255,-3.969801850103323,-3.969801850103323,-3.6698384761155567,-3.6698384761155567,-3.707272464243856,-3.707272464243856,-3.9323678619750204,-3.9323678619750204,oncoming,oncoming,1,1,vehicle
55400.39999998522,28.085262028977453,28.085262028977453,-4.845557858637722,-4.845557858637722,-0.7671493973980121,-0.7671493973980121,-1.2766679089404596,-1.2766679089404596,-4.336039347095275,-4.336039347095275,-3.8565137630913675,-3.8565137630913675,-3.5422089398094307,-3.5422089398094307,-3.581431664358721,-3.581431664358721,-3.817291038542077,-3.817291038542077,oncoming,oncoming,1,1,vehicle
55400.499999985215,27.859729601317593,27.859729601317593,-5.219868862243253,-5.219868862243253,-1.1084727385355926,-1.1084727385355926,-1.6221077959017374,-1.6221077959017374,-4.706233804877108,-4.706233804877108,-3.7966331290217745,-3.7966331290217745,-3.46772717069713,-3.46772717069713,-3.5087709448305837,-3.5087709448305837,-3.7555893548883184,-3.7555893548883184,oncoming,oncoming,1,1,vehicle
55400.599999985214,27.639081756990553,27.639081756990553,-5.604884484431027,-5.604884484431027,-1.4606948315273458,-1.4606948315273458,-1.9784220978963645,-1.9784220978963645,-5.087157218062009,-5.087157218062009,-4.069137135876829,-4.069137135876829,-3.740404391581544,-3.740404391581544,-3.7814254323094616,-3.7814254323094616,-4.0281160951489134,-4.0281160951489134,oncoming,oncoming,1,1,vehicle
55400.69999998521,27.420849087044154,27.420849087044154,-6.033696289406776,-6.033696289406776,-1.8565536168410155,-1.8565536168410155,-2.378392882352624,-2.378392882352624,-5.511857023895168,-5.511857023895168,-3.868072874186293,-3.868072874186293,-3.528886561159581,-3.528886561159581,-3.5712108605631894,-3.5712108605631894,-3.8257485747826827,-3.8257485747826827,oncoming,oncoming,1,1,vehicle
55400.79999998522,27.193545934315814,27.193545934315814,-6.37849905927906,-6.37849905927906,-2.1664721437684147,-2.1664721437684147,-2.692664270018357,-2.692664270018357,-5.8523069330291175,-5.8523069330291175,-3.4444212182656173,-3.4444212182656173,-3.0961648242401303,-3.0961648242401303,-3.13961966868796,-3.13961966868796,-3.4009663738177913,-3.4009663738177913,oncoming,oncoming,1,1,vehicle
55400.89999998522,26.970720287335077,26.970720287335077,-6.722580533074989,-6.722580533074989,-2.475786581702602,-2.475786581702602,-3.006316816103967,-3.006316816103967,-6.1920502986736246,-6.1920502986736246,-3.6346950330652987,-3.6346950330652987,-3.3035652912277325,-3.3035652912277325,-3.34488194016307,-3.34488194016307,-3.5933783841299594,-3.5933783841299594,oncoming,oncoming,1,1,vehicle
55400.999999985215,26.772216405026796,26.772216405026796,-7.105438065881541,-7.105438065881541,-2.8271852020043466,-2.8271852020043466,-3.361640658041236,-3.361640658041236,-6.570982609844651,-6.570982609844651,-3.5910584985413863,-3.5910584985413863,-3.282408499646385,-3.282408499646385,-3.3209191741336266,-3.3209191741336266,-3.5525478240541375,-3.5525478240541375,oncoming,oncoming,1,1,vehicle
55401.099999985214,26.583943029068408,26.583943029068408,-7.440792232772814,-7.440792232772814,-3.1322682816223257,-3.1322682816223257,-3.670500650921027,-3.670500650921027,-6.902559863474113,-6.902559863474113,-3.4569144178556854,-3.4569144178556854,-3.171683257559744,-3.171683257559744,-3.2072710412803325,-3.2072710412803325,-3.4213266341350916,-3.4213266341350916,oncoming,oncoming,1,1,vehicle
55401.19999998521,26.41960320705011,26.41960320705011,-7.796820949442616,-7.796820949442616,-3.4615218535070644,-3.4615218535070644,-4.003094866287968,-4.003094866287968,-7.255247936661712,-7.255247936661712,-3.3408832834742626,-3.3408832834742626,-3.0641707376113896,-3.0641707376113896,-3.098694789702801,-3.098694789702801,-3.3063592313828565,-3.3063592313828565,oncoming,oncoming,1,1,vehicle
55401.29999998522,26.24648575023232,26.24648575023232,-8.10896888947906,-8.10896888947906,-3.7451024291546577,-3.7451024291546577,-4.290239608871808,-4.290239608871808,-7.56383170976191,-7.56383170976191,-3.1815286578303983,-3.1815286578303983,-2.904206613368455,-2.904206613368455,-2.938805900443004,-2.938805900443004,-3.146929370755849,-3.146929370755849,oncoming,oncoming,1,1,vehicle
55401.39999998522,26.085548365883675,26.085548365883675,-8.433126681021712,-8.433126681021712,-4.042363176192438,-4.042363176192438,-4.590856046388419,-4.590856046388419,-7.884633810825731,-7.884633810825731,-3.1411313869782944,-3.1411313869782944,-2.873412892100209,-2.873412892100209,-2.906813211415461,-2.906813211415461,-3.107731067663046,-3.107731067663046,oncoming,oncoming,1,1,vehicle
55401.499999985215,25.928040812292192,25.928040812292192,-8.737195166865577,-8.737195166865577,-4.319785007566336,-4.319785007566336,-4.87160225114644,-4.87160225114644,-8.185377923285474,-8.185377923285474,-2.9371335832458954,-2.9371335832458954,-2.687594805172779,-2.687594805172779,-2.718726350637624,-2.718726350637624,-2.9060020377810574,-2.9060020377810574,oncoming,oncoming,1,1,vehicle
55401.599999985214,25.792089683452524,25.792089683452524,-9.020553397662342,-9.020553397662342,-4.5798821372191725,-4.5798821372191725,-5.134601316508031,-5.134601316508031,-8.465834218373484,-8.465834218373484,-2.747192385374703,-2.747192385374703,-2.5487832278619784,-2.5487832278619784,-2.5735355562962283,-2.5735355562962283,-2.7224400569404708,-2.7224400569404708,oncoming,oncoming,1,1,vehicle
55401.699999985205,25.69697160049059,25.69697160049059,-9.286633643913792,-9.286633643913792,-4.829541653113529,-4.829541653113529,-5.386309362380292,-5.386309362380292,-8.72986593464703,-8.72986593464703,-2.668635807103371,-2.668635807103371,-2.4911728913193762,-2.4911728913193762,-2.513311675559862,-2.513311675559862,-2.6464970228628815,-2.6464970228628815,oncoming,oncoming,1,1,vehicle
55401.7999999852,25.58737227070656,25.58737227070656,-9.554280559055947,-9.554280559055947,-5.078116715457593,-5.078116715457593,-5.637263651594347,-5.637263651594347,-8.995133622919193,-8.995133622919193,-2.709611280350643,-2.709611280350643,-2.535419113087972,-2.535419113087972,-2.557149553215492,-2.557149553215492,-2.687880840223116,-2.687880840223116,oncoming,oncoming,1,1,vehicle
55401.8999999852,25.497469551987,25.497469551987,-9.828555899976035,-9.828555899976035,-5.336625475723745,-5.336625475723745,-5.897739273015948,-5.897739273015948,-9.26744210268383,-9.26744210268383,-2.6952817287191806,-2.6952817287191806,-2.550150377589752,-2.550150377589752,-2.5682552235414917,-2.5682552235414917,-2.6771768827674336,-2.6771768827674336,oncoming,oncoming,1,1,vehicle
55401.99999998519,25.422348276154327,25.422348276154327,-10.093336904773018,-10.093336904773018,-5.588146790950075,-5.588146790950075,-6.150914696277016,-6.150914696277016,-9.530568999446077,-9.530568999446077,-2.7765648522360493,-2.7765648522360493,-2.655571560828239,-2.655571560828239,-2.6706650504916993,-2.6706650504916993,-2.7614713625725855,-2.7614713625725855,oncoming,oncoming,1,1,vehicle
55402.09999998519,25.360706682998625,25.360706682998625,-10.383868870396835,-10.383868870396835,-5.867739787864385,-5.867739787864385,-6.431872283089106,-6.431872283089106,-9.819736375172113,-9.819736375172113,-2.803720369548458,-2.803720369548458,-2.7032824760594956,-2.7032824760594956,-2.715811624938951,-2.715811624938951,-2.791191220669006,-2.791191220669006,oncoming,oncoming,1,1,vehicle
55402.1999999852,25.309382567181604,25.309382567181604,-10.654080978693472,-10.654080978693472,-6.1288032861724275,-6.1288032861724275,-6.694077021275298,-6.694077021275298,-10.088807243590601,-10.088807243590601,-2.681653848160174,-2.681653848160174,-2.613765670691251,-2.613765670691251,-2.6222343386042155,-2.6222343386042155,-2.6731851802472093,-2.6731851802472093,oncoming,oncoming,1,1,vehicle
55402.2999999852,25.284609973234243,25.284609973234243,-10.920199640060089,-10.920199640060089,-6.390492922033063,-6.390492922033063,-6.956319150840477,-6.956319150840477,-10.354373411252675,-10.354373411252675,-2.5883045742419455,-2.5883045742419455,-2.5505182889308706,-2.5505182889308706,-2.555231889041906,-2.555231889041906,-2.5835909741309138,-2.5835909741309138,oncoming,oncoming,1,1,vehicle
55402.3999999852,25.26714218565591,25.26714218565591,-11.17174189355422,-11.17174189355422,-6.638906943970702,-6.638906943970702,-7.205123399095812,-7.205123399095812,-10.605525438429112,-10.605525438429112,-2.5595875715827745,-2.5595875715827745,-2.559548170693862,-2.559548170693862,-2.559553085702646,-2.559553085702646,-2.55958265657398,-2.55958265657398,oncoming,oncoming,1,1,vehicle
55402.49999998519,25.284565940671754,25.284565940671754,-11.432117154349926,-11.432117154349926,-6.902402556144667,-6.902402556144667,-7.468229767953893,-7.468229767953893,-10.8662899425407,-10.8662899425407,-2.7292959613022276,-2.7292959613022276,-2.7458232730527783,-2.7458232730527783,-2.743761599417617,-2.743761599417617,-2.7313576349373747,-2.7313576349373747,preceding,preceding,1,1,vehicle
55402.59999998519,25.285600337221986,25.285600337221986,-11.71760108578869,-11.71760108578869,-7.1880715985549015,-7.1880715985549015,-7.753875718953027,-7.753875718953027,-11.151796965390565,-11.151796965390565,-2.588084978607405,-2.588084978607405,-2.6240241941071574,-2.6240241941071574,-2.619540992332709,-2.619540992332709,-2.5925681803818534,-2.5925681803818534,preceding,preceding,1,1,vehicle
55402.69999998518,25.32479363010859,25.32479363010859,-11.949734150048926,-11.949734150048926,-7.427207394942755,-7.427207394942755,-7.992137966397199,-7.992137966397199,-11.38480357859448,-11.38480357859448,-2.564453370430158,-2.564453370430158,-2.631377598781654,-2.631377598781654,-2.623029177481854,-2.623029177481854,-2.572801791729958,-2.572801791729958,preceding,preceding,1,1,vehicle
55402.79999998519,25.360619219699537,25.360619219699537,-12.230491759874333,-12.230491759874333,-7.71434711831056,-7.71434711831056,-8.27848155444876,-8.27848155444876,-11.666357323736133,-11.666357323736133,-2.860091884564042,-2.860091884564042,-2.978905353092898,-2.978905353092898,-2.9640838772612312,-2.9640838772612312,-2.874913360395709,-2.874913360395709,preceding,preceding,1,1,vehicle
55402.89999998519,25.458699078887136,25.458699078887136,-12.521752526973456,-12.521752526973456,-8.022988465572775,-8.022988465572775,-8.584954741860921,-8.584954741860921,-11.95978625068531,-11.95978625068531,-2.804601002199796,-2.804601002199796,-2.960304928082401,-2.960304928082401,-2.9408813477564877,-2.9408813477564877,-2.824024582525709,-2.824024582525709,preceding,preceding,1,1,vehicle
55402.99999998519,25.536887770632887,25.536887770632887,-12.791411960324965,-12.791411960324965,-8.306408103938129,-8.306408103938129,-8.866657824011094,-8.866657824011094,-12.231162240251999,-12.231162240251999,-2.8020138673576014,-2.8020138673576014,-2.9512937101930916,-2.9512937101930916,-2.9326712336581267,-2.9326712336581267,-2.8206363438925734,-2.8206363438925734,preceding,preceding,1,1,vehicle
55403.09999998519,25.628958364271526,25.628958364271526,-13.082155300455677,-13.082155300455677,-8.613247207622573,-8.613247207622573,-9.171488988603667,-9.171488988603667,-12.523913519474583,-12.523913519474583,-2.8957696292907187,-2.8957696292907187,-3.0765542636418246,-3.0765542636418246,-3.0540012612474,-3.0540012612474,-2.9183226316851503,-2.9183226316851503,preceding,preceding,1,1,vehicle
55403.19999998518,25.744643896530032,25.744643896530032,-13.37056588615378,-13.37056588615378,-8.921718956635036,-8.921718956635036,-9.47745807622938,-9.47745807622938,-12.814826766559436,-12.814826766559436,-2.795406817882821,-2.795406817882821,-3.0204331259363713,-3.0204331259363713,-2.9923604313438616,-2.9923604313438616,-2.8234795124753305,-2.8234795124753305,preceding,preceding,1,1,vehicle
55403.29999998519,25.88995017538237,25.88995017538237,-13.641236664021523,-13.641236664021523,-9.217333832799184,-9.217333832799184,-9.76996107486177,-9.76996107486177,-13.088609421958937,-13.088609421958937,-2.8296492782926634,-2.8296492782926634,-3.080463229083307,-3.080463229083307,-3.0491728207441042,-3.0491728207441042,-2.860939686631866,-2.860939686631866,preceding,preceding,1,1,vehicle
55403.39999998519,26.038530521715245,26.038530521715245,-13.936495741822876,-13.936495741822876,-9.537811602463337,-9.537811602463337,-10.087292640389705,-10.087292640389705,-13.387014703896508,-13.387014703896508,-2.627739198789115,-2.627739198789115,-2.8933945940303474,-2.8933945940303474,-2.86025186062119,-2.86025186062119,-2.660881932198251,-2.660881932198251,preceding,preceding,1,1,vehicle
55403.49999998519,26.204979321104467,26.204979321104467,-14.16678450378609,-14.16678450378609,-9.796012751613354,-9.796012751613354,-10.34201144699394,-10.34201144699394,-13.620785808405504,-13.620785808405504,-2.5080288747755617,-2.5080288747755617,-2.7891914145434242,-2.7891914145434242,-2.754113210437538,-2.754113210437538,-2.5431070788814623,-2.5431070788814623,preceding,preceding,1,1,vehicle
55403.59999998519,26.376045385833777,26.376045385833777,-14.438101516785952,-14.438101516785952,-10.095649885381185,-10.095649885381185,-10.638115282486226,-10.638115282486226,-13.895636119680912,-13.895636119680912,-2.8311418500349816,-2.8311418500349816,-3.115278266852613,-3.115278266852613,-3.079828165177389,-3.079828165177389,-2.8665919517102054,-2.8665919517102054,preceding,preceding,1,1,vehicle
55403.699999985176,26.550508497051876,26.550508497051876,-14.733012873740215,-14.733012873740215,-10.419068404926016,-10.419068404926016,-10.95797707997218,-10.95797707997218,-14.19410419869405,-14.19410419869405,-2.8174726175533493,-2.8174726175533493,-3.1087162588205146,-3.1087162588205146,-3.072378514157407,-3.072378514157407,-2.853810362216464,-2.853810362216464,preceding,preceding,1,1,vehicle
55403.799999985175,26.73499968839295,26.73499968839295,-15.001596040243593,-15.001596040243593,-10.71739313708735,-10.71739313708735,-11.252590985260381,-11.252590985260381,-14.466398192070562,-14.466398192070562,-2.477314781739153,-2.477314781739153,-2.794303114663556,-2.794303114663556,-2.7547522106602713,-2.7547522106602713,-2.516865685742431,-2.516865685742431,preceding,preceding,1,1,vehicle
55403.899999985166,26.946885737421358,26.946885737421358,-15.228475830065845,-15.228475830065845,-10.977929027833012,-10.977929027833012,-11.508927522078958,-11.508927522078958,-14.6974773358199,-14.6974773358199,-2.5434974517879994,-2.5434974517879994,-2.867564207789819,-2.867564207789819,-2.8271290705375662,-2.8271290705375662,-2.583932589040245,-2.583932589040245,preceding,preceding,1,1,vehicle
55403.99999998517,27.146051670388278,27.146051670388278,-15.510295530601784,-15.510295530601784,-11.290905978644599,-11.290905978644599,-11.818016799367344,-11.818016799367344,-14.983184709879039,-14.983184709879039,-2.6854585671901674,-2.6854585671901674,-3.0171423508437343,-3.0171423508437343,-2.9757555976006813,-2.9757555976006813,-2.7268453204332275,-2.7268453204332275,preceding,preceding,1,1,vehicle
55404.09999998516,27.374492597012317,27.374492597012317,-15.765567543499925,-15.765567543499925,-11.581357497996256,-11.581357497996256,-12.104078641593784,-12.104078641593784,-15.242846399902398,-15.242846399902398,-2.5068163086768607,-2.5068163086768607,-2.841161265029612,-2.841161265029612,-2.799441353314613,-2.799441353314613,-2.5485362203918527,-2.5485362203918527,preceding,preceding,1,1,vehicle
55404.19999998517,27.583582998458862,27.583582998458862,-16.011658792328525,-16.011658792328525,-11.859138231640408,-11.859138231640408,-12.37790507002034,-12.37790507002034,-15.492891953948593,-15.492891953948593,-2.4716840906829844,-2.4716840906829844,-2.792952809318429,-2.792952809318429,-2.75286343008991,-2.75286343008991,-2.5117734699115033,-2.5117734699115033,preceding,preceding,1,1,vehicle
55404.29999998517,27.801794703646472,27.801794703646472,-16.259904361647155,-16.259904361647155,-12.139948059871916,-12.139948059871916,-12.65465132762357,-12.65465132762357,-15.745201093895501,-15.745201093895501,-2.3551376977692797,-2.3551376977692797,-2.6850651597018143,-2.6850651597018143,-2.643894192651153,-2.643894192651153,-2.396308664819955,-2.396308664819955,preceding,preceding,1,1,vehicle
55404.399999985166,28.029363588976572,28.029363588976572,-16.482686331875527,-16.482686331875527,-12.396151263572957,-12.396151263572957,-12.906683908542876,-12.906683908542876,-15.972153686905608,-15.972153686905608,-2.3358719134971295,-2.3358719134971295,-2.6700611910333336,-2.6700611910333336,-2.628357270179592,-2.628357270179592,-2.377575834350864,-2.377575834350864,preceding,preceding,1,1,vehicle
55404.49999998517,28.260651672365952,28.260651672365952,-16.727078744358348,-16.727078744358348,-12.67396029809181,-12.67396029809181,-13.180322781672535,-13.180322781672535,-16.220716260777625,-16.220716260777625,-2.3167847983175847,-2.3167847983175847,-2.654813313111326,-2.654813313111326,-2.612629126453612,-2.612629126453612,-2.3589689849753057,-2.3589689849753057,preceding,preceding,1,1,vehicle
55404.59999998516,28.50126516246856,28.50126516246856,-16.946043291536004,-16.946043291536004,-12.927113926191083,-12.927113926191083,-13.429209733829598,-13.429209733829598,-16.44394748389749,-16.44394748389749,-2.2526760903366636,-2.2526760903366636,-2.5855585777078645,-2.5855585777078645,-2.5440154833022746,-2.5440154833022746,-2.294219184742232,-2.294219184742232,preceding,preceding,1,1,vehicle
55404.69999998517,28.73300401948093,28.73300401948093,-17.17761396242096,-17.17761396242096,-13.191072013627428,-13.191072013627428,-13.689125878327193,-13.689125878327193,-16.679560097721197,-16.679560097721197,-2.047172988091077,-2.047172988091077,-2.377245268653766,-2.377245268653766,-2.3360517628600377,-2.3360517628600377,-2.088366493884834,-2.088366493884834,preceding,preceding,1,1,vehicle
55404.79999998517,28.97762921987073,28.97762921987073,-17.355477889167066,-17.355477889167066,-13.402562979936034,-13.402562979936034,-13.896420086415633,-13.896420086415633,-16.861620782687467,-16.861620782687467,-1.8657228892866158,-1.8657228892866158,-2.1884159296014047,-2.1884159296014047,-2.148142350327973,-2.148142350327973,-1.9059964685600193,-1.9059964685600193,preceding,preceding,1,1,vehicle
55404.899999985166,29.206199188313434,29.206199188313434,-17.550758540272852,-17.550758540272852,-13.62875519954134,-13.62875519954134,-14.118754348386537,-14.118754348386537,-17.060759391427656,-17.060759391427656,-1.9161177957933546,-1.9161177957933546,-2.2277696084009904,-2.2277696084009904,-2.1888730275152852,-2.1888730275152852,-1.955014376679074,-1.955014376679074,preceding,preceding,1,1,vehicle
55404.99999998517,29.44224024497344,29.44224024497344,-17.738701448333565,-17.738701448333565,-13.848116901625461,-13.848116901625461,-14.334194691927742,-14.334194691927742,-17.252623658031286,-17.252623658031286,-1.6881001859548093,-1.6881001859548093,-2.00426820937588,-2.00426820937588,-1.9648070020436563,-1.9648070020436563,-1.7275613932870044,-1.7275613932870044,preceding,preceding,1,1,vehicle
55405.09999998516,29.6851717076894,29.6851717076894,-17.88837857746447,-17.88837857746447,-14.029608841416191,-14.029608841416191,-14.511715748795071,-14.511715748795071,-17.40627167008559,-17.40627167008559,-1.5178241415714666,-1.5178241415714666,-1.8266543918425242,-1.8266543918425242,-1.7881081005054966,-1.7881081005054966,-1.5563704329084658,-1.5563704329084658,preceding,preceding,1,1,vehicle
55405.199999985154,29.917561298271394,29.917561298271394,-18.04226627662135,-18.04226627662135,-14.213447779962069,-14.213447779962069,-14.691816311997618,-14.691816311997618,-17.5638977445858,-17.5638977445858,-1.385467256286276,-1.385467256286276,-1.680186160084972,-1.680186160084972,-1.6434002990575607,-1.6434002990575607,-1.4222531173136446,-1.4222531173136446,preceding,preceding,1,1,vehicle
55405.299999985145,30.146000602399326,30.146000602399326,-18.16547202869753,-18.16547202869753,-14.365646073403846,-14.365646073403846,-14.840395808577888,-14.840395808577888,-17.690722293523486,-17.690722293523486,-1.255614915666456,-1.255614915666456,-1.536818026023525,-1.536818026023525,-1.5017183957101707,-1.5017183957101707,-1.2907145459798386,-1.2907145459798386,preceding,preceding,1,1,vehicle
55405.39999998514,30.363894300466093,30.363894300466093,-18.293389259732717,-18.293389259732717,-14.520811385139938,-14.520811385139938,-14.992159991113427,-14.992159991113427,-17.82204065375923,-17.82204065375923,-1.2617089439484488,-1.2617089439484488,-1.5441421161801259,-1.5441421161801259,-1.5088881720103444,-1.5088881720103444,-1.2969628881182587,-1.2969628881182587,preceding,preceding,1,1,vehicle
55405.49999998515,30.601232038532924,30.601232038532924,-18.417813817491965,-18.417813817491965,-14.674474496646285,-14.674474496646285,-15.142173442986161,-15.142173442986161,-17.950114871152092,-17.950114871152092,-1.1381421947453134,-1.1381421947453134,-1.407716440677703,-1.407716440677703,-1.3740669190756165,-1.3740669190756165,-1.1717917163473572,-1.1717917163473572,preceding,preceding,1,1,vehicle
55405.59999998515,30.80443968037423,30.80443968037423,-18.521017698698117,-18.521017698698117,-14.802354673295618,-14.802354673295618,-15.266973374948217,-15.266973374948217,-18.056398997045516,-18.056398997045516,-1.0169013349636629,-1.0169013349636629,-1.2735386555453658,-1.2735386555453658,-1.2415033126767696,-1.2415033126767696,-1.0489366778322449,-1.0489366778322449,preceding,preceding,1,1,vehicle
55405.69999998515,31.02696033933488,31.02696033933488,-18.621194084481736,-18.621194084481736,-14.929182227751653,-14.929182227751653,-15.390474105517901,-15.390474105517901,-18.159902206715486,-18.159902206715486,-1.048603239798723,-1.048603239798723,-1.3028844048620556,-1.3028844048620556,-1.2711425989345173,-1.2711425989345173,-1.0803450457262898,-1.0803450457262898,preceding,preceding,1,1,vehicle
55405.799999985145,31.231858767070715,31.231858767070715,-18.73073834665481,-18.73073834665481,-15.062931554264239,-15.062931554264239,-15.52120189473142,-15.52120189473142,-18.27246800618763,-18.27246800618763,-0.899662366218891,-0.899662366218891,-1.1478983000763208,-1.1478983000763208,-1.116910522942831,-1.116910522942831,-0.9306501433523948,-0.9306501433523948,preceding,preceding,1,1,vehicle
55405.89999998514,31.45016361352326,31.45016361352326,-18.8011265577192,-18.8011265577192,-15.158761887757985,-15.158761887757985,-15.613856210097863,-15.613856210097863,-18.346032235379322,-18.346032235379322,-0.7641155699933364,-0.7641155699933364,-1.0046177000337053,-1.0046177000337053,-0.9745948338555195,-0.9745948338555195,-0.794138436171508,-0.794138436171508,preceding,preceding,1,1,vehicle
55405.999999985135,31.64716469375041,31.64716469375041,-18.88356146064657,-18.88356146064657,-15.263855094261421,-15.263855094261421,-15.716120861493298,-15.716120861493298,-18.431295693414693,-18.431295693414693,-0.8410336489777421,-0.8410336489777421,-1.0622330799720174,-1.0622330799720174,-1.0346193766042973,-1.0346193766042973,-0.8686473523454907,-0.8686473523454907,preceding,preceding,1,1,vehicle
55406.099999985134,31.837110602694583,31.837110602694583,-18.969333287512303,-18.969333287512303,-15.371208503749298,-15.371208503749298,-15.82078008541571,-15.82078008541571,-18.51976170584589,-18.51976170584589,-0.6988624582788816,-0.6988624582788816,-0.9148982544035817,-0.9148982544035817,-0.8879287282411497,-0.8879287282411497,-0.7258319844413137,-0.7258319844413137,preceding,preceding,1,1,vehicle
55406.19999998514,32.02974234171254,32.02974234171254,-19.023333952303084,-19.023333952303084,-15.446834745143823,-15.446834745143823,-15.893706607143095,-15.893706607143095,-18.576462090303814,-18.576462090303814,-0.5364801241507564,-0.5364801241507564,-0.7514909019977125,-0.7514909019977125,-0.7246489232275195,-0.7246489232275195,-0.5633221029209778,-0.5633221029209778,preceding,preceding,1,1,vehicle
55406.29999998514,32.222458572205376,32.222458572205376,-19.07662931234485,-19.07662931234485,-15.521506684152191,-15.521506684152191,-15.965709870064446,-15.965709870064446,-18.6324261264326,-18.6324261264326,-0.4970808775195792,-0.4970808775195792,-0.702516271410289,-0.702516271410289,-0.6768693065663882,-0.6768693065663882,-0.52272784236348,-0.52272784236348,preceding,preceding,1,1,vehicle
55406.39999998514,32.40221904479113,32.40221904479113,-19.122750127805553,-19.122750127805553,-15.587337999423838,-15.587337999423838,-16.029080468454403,-16.029080468454403,-18.681007658774988,-18.681007658774988,-0.6194149016704813,-0.6194149016704813,-0.8079933164554944,-0.8079933164554944,-0.7844504813940603,-0.7844504813940603,-0.6429577367319013,-0.6429577367319013,preceding,preceding,1,1,vehicle
55406.499999985135,32.56818713862859,32.56818713862859,-19.200512292677143,-19.200512292677143,-15.68310534744094,-15.68310534744094,-16.122599966340974,-16.122599966340974,-18.761017673777108,-18.761017673777108,-0.5275776930057532,-0.5275776930057532,-0.7167018705991239,-0.7167018705991239,-0.6930905710139399,-0.6930905710139399,-0.551188992590923,-0.551188992590923,preceding,preceding,1,1,vehicle
55406.599999985134,32.75285576291886,32.75285576291886,-19.228265666405168,-19.228265666405168,-15.730678373541577,-15.730678373541577,-16.167698582655174,-16.167698582655174,-18.79124545729157,-18.79124545729157,-0.39257906068782233,-0.39257906068782233,-0.5774043234055171,-0.5774043234055171,-0.554329439140389,-0.554329439140389,-0.41565394495293617,-0.41565394495293617,preceding,preceding,1,1,vehicle
55406.699999985125,32.914303332207226,32.914303332207226,-19.279028104809033,-19.279028104809033,-15.798586212114683,-15.798586212114683,-16.233465854161903,-16.233465854161903,-18.84414846276181,-18.84414846276181,-0.4838737170811811,-0.4838737170811811,-0.6582266371288057,-0.6582266371288057,-0.6364589082139673,-0.6364589082139673,-0.5056414459960052,-0.5056414459960052,preceding,preceding,1,1,vehicle
55406.79999998512,33.08289064757205,33.08289064757205,-19.32504040981613,-19.32504040981613,-15.862323700960328,-15.862323700960328,-16.294990364291177,-16.294990364291177,-18.89237374648528,-18.89237374648528,-0.4894839535579649,-0.4894839535579649,-0.6603442512693789,-0.6603442512693789,-0.6390123225642839,-0.6390123225642839,-0.5108158822630884,-0.5108158822630884,preceding,preceding,1,1,vehicle
55406.89999998513,33.24087037543025,33.24087037543025,-19.37692489552319,-19.37692489552319,-15.930655062371777,-15.930655062371777,-16.361268318677894,-16.361268318677894,-18.946311639217072,-18.946311639217072,-0.36908007940560594,-0.36908007940560594,-0.525962548322255,-0.525962548322255,-0.5063755319949053,-0.5063755319949053,-0.3886670957329841,-0.3886670957329841,preceding,preceding,1,1,vehicle
55406.99999998513,33.38558707163815,33.38558707163815,-19.39885642570104,-19.39885642570104,-15.967516210629368,-15.967516210629368,-16.396265470694644,-16.396265470694644,-18.970107165635767,-18.970107165635767,-0.3334671965618412,-0.3334671965618412,-0.4823140850327121,-0.4823140850327121,-0.46373012306197836,-0.46373012306197836,-0.35205115853256075,-0.35205115853256075,preceding,preceding,1,1,vehicle
55407.09999998513,33.530685756642924,33.530685756642924,-19.443618334834586,-19.443618334834586,-16.027117879376913,-16.027117879376913,-16.45401434328894,-16.45401434328894,-19.01672187092256,-19.01672187092256,-0.41421802030190236,-0.41421802030190236,-0.5673547560529784,-0.5673547560529784,-0.5482349930709915,-0.5482349930709915,-0.43333778328387496,-0.43333778328387496,preceding,preceding,1,1,vehicle
55407.199999985125,33.686441849352185,33.686441849352185,-19.481700029760216,-19.481700029760216,-16.080987161838312,-16.080987161838312,-16.505912469307248,-16.505912469307248,-19.05677472229128,-19.05677472229128,-0.38931167465409544,-0.38931167465409544,-0.5407962141687506,-0.5407962141687506,-0.5218825454250435,-0.5218825454250435,-0.4082253433978025,-0.4082253433978025,preceding,preceding,1,1,vehicle
55407.29999998512,33.830867266007424,33.830867266007424,-19.521480669764273,-19.521480669764273,-16.13527712220909,-16.13527712220909,-16.55839085237243,-16.55839085237243,-19.098366939600933,-19.098366939600933,-0.3553211690136493,-0.3553211690136493,-0.4989891066541219,-0.4989891066541219,-0.48105120029407544,-0.48105120029407544,-0.37325907537369574,-0.37325907537369574,preceding,preceding,1,1,vehicle
55407.39999998512,33.97366142874558,33.97366142874558,-19.55276426356191,-19.55276426356191,-16.180784983167683,-16.180784983167683,-16.60212270936466,-16.60212270936466,-19.131426537364934,-19.131426537364934,-0.21860170994193595,-0.21860170994193595,-0.35276103773828993,-0.35276103773828993,-0.33601019148716205,-0.33601019148716205,-0.23535255619307804,-0.23535255619307804,preceding,preceding,1,1,vehicle
55407.49999998512,34.101236824995,34.101236824995,-19.565201011752023,-19.565201011752023,-16.205829329755723,-16.205829329755723,-16.625592890668884,-16.625592890668884,-19.145437450838863,-19.145437450838863,-0.3086662738802062,-0.3086662738802062,-0.43389298252903075,-0.43389298252903075,-0.4182573035121351,-0.4182573035121351,-0.32430195289708763,-0.32430195289708763,preceding,preceding,1,1,vehicle
55407.59999998512,34.22803499312629,34.22803499312629,-19.614497518337053,-19.614497518337053,-16.267563579672228,-16.267563579672228,-16.685774170065873,-16.685774170065873,-19.196286927943408,-19.196286927943408,-0.3580241145884031,-0.3580241145884031,-0.49276631850548824,-0.49276631850548824,-0.47594239138888383,-0.47594239138888383,-0.37484804170502173,-0.37484804170502173,preceding,preceding,1,1,vehicle
55407.69999998512,34.37716209708625,34.37716209708625,-19.636805834668664,-19.636805834668664,-16.304382593455387,-16.304382593455387,-16.720781368945275,-16.720781368945275,-19.220407059178775,-19.220407059178775,-0.40534482378087944,-0.40534482378087944,-0.5382076028761418,-0.5382076028761418,-0.5216182051065488,-0.5216182051065488,-0.42193422155048665,-0.42193422155048665,preceding,preceding,1,1,vehicle
55407.79999998512,34.502114131453176,34.502114131453176,-19.69556648309765,-19.69556648309765,-16.37520510025228,-16.37520510025228,-16.790097811091954,-16.790097811091954,-19.280673772257977,-19.280673772257977,-0.484696514362156,-0.484696514362156,-0.6029688326786271,-0.6029688326786271,-0.5882010880655315,-0.5882010880655315,-0.49946425897528,-0.49946425897528,preceding,preceding,1,1,vehicle
55407.89999998512,34.62306333860687,34.62306333860687,-19.73374513754471,-19.73374513754471,-16.424976359995277,-16.424976359995277,-16.838421586562475,-16.838421586562475,-19.32029991097751,-19.32029991097751,-0.4209824437734824,-0.4209824437734824,-0.5372559218520507,-0.5372559218520507,-0.5227376426146151,-0.5227376426146151,-0.435500723010918,-0.435500723010918,preceding,preceding,1,1,vehicle
55407.99999998512,34.74559544033121,34.74559544033121,-19.77976297185112,-19.77976297185112,-16.48265628462113,-16.48265628462113,-16.894645339613355,-16.894645339613355,-19.367773916858894,-19.367773916858894,-0.30636055456710665,-0.30636055456710665,-0.429047806264478,-0.429047806264478,-0.4137285588091686,-0.4137285588091686,-0.3216798020224161,-0.3216798020224161,preceding,preceding,1,1,vehicle
55408.09999998512,34.88188564742192,34.88188564742192,-19.79501724845724,-19.79501724845724,-16.510785921246924,-16.510785921246924,-16.921167298323105,-16.921167298323105,-19.384635871381057,-19.384635871381057,-0.24308664023587312,-0.24308664023587312,-0.3638452449638834,-0.3638452449638834,-0.34876670258839226,-0.34876670258839226,-0.25816518261136423,-0.25816518261136423,preceding,preceding,1,1,vehicle
55408.19999998512,35.00213045558079,35.00213045558079,-19.82838029989759,-19.82838029989759,-16.555425333612845,-16.555425333612845,-16.964398680130017,-16.964398680130017,-19.419406953380417,-19.419406953380417,-0.5324581488421529,-0.5324581488421529,-0.6413049979049816,-0.6413049979049816,-0.6277137145527121,-0.6277137145527121,-0.5460494321944225,-0.5460494321944225,preceding,preceding,1,1,vehicle
55408.29999998512,35.114768448735326,35.114768448735326,-19.901508878230885,-19.901508878230885,-16.639046920833557,-16.639046920833557,-17.046710041239233,-17.046710041239233,-19.49384575782521,-19.49384575782521,-0.4098959866372951,-0.4098959866372951,-0.5194103327962551,-0.5194103327962551,-0.5057356002249236,-0.5057356002249236,-0.42357071920859823,-0.42357071920859823,preceding,preceding,1,1,vehicle
55408.39999998512,35.23807339694512,35.23807339694512,-19.910359497231514,-19.910359497231514,-16.65930740017897,-16.65930740017897,-17.06554580018183,-17.06554580018183,-19.504121097228655,-19.504121097228655,-0.37584888162673735,-0.37584888162673735,-0.48952077247820114,-0.48952077247820114,-0.47532679867563843,-0.47532679867563843,-0.39004285542930006,-0.39004285542930006,preceding,preceding,1,1,vehicle
55408.49999998511,35.361314632702836,35.361314632702836,-19.97667865454822,-19.97667865454822,-16.73695107532004,-16.73695107532004,-17.141775400965344,-17.141775400965344,-19.571854328902916,-19.571854328902916,-0.4744955149754162,-0.4744955149754162,-0.5785120529780414,-0.5785120529780414,-0.5655236349684998,-0.5655236349684998,-0.48748393298495785,-0.48748393298495785,preceding,preceding,1,1,vehicle
55408.59999998511,35.46513353427575,35.46513353427575,-20.00525860021902,-20.00525860021902,-16.775009810765805,-16.775009810765805,-17.178650527166905,-17.178650527166905,-19.60161788381792,-19.60161788381792,-0.2935102953480282,-0.2935102953480282,-0.39356422024711435,-0.39356422024711435,-0.38107052048302137,-0.38107052048302137,-0.30600399511210696,-0.30600399511210696,preceding,preceding,1,1,vehicle
55408.699999985096,35.581204687204824,35.581204687204824,-20.035380713612472,-20.035380713612472,-16.815663919362212,-16.815663919362212,-17.217989505054934,-17.217989505054934,-19.63305512791975,-19.63305512791975,-0.5085998821748063,-0.5085998821748063,-0.6120055174391439,-0.6120055174391439,-0.599093208948446,-0.599093208948446,-0.52151219066549,-0.52151219066549,preceding,preceding,1,1,vehicle
55408.79999998509,35.69377691030541,35.69377691030541,-20.106978576644416,-20.106978576644416,-16.897410914241483,-16.897410914241483,-17.298469168944766,-17.298469168944766,-19.705920321941132,-19.705920321941132,-0.4976082688312289,-0.4976082688312289,-0.5948980967063733,-0.5948980967063733,-0.5827493942991708,-0.5827493942991708,-0.5097569712384313,-0.5097569712384313,preceding,preceding,1,1,vehicle
55408.8999999851,35.79765632677903,35.79765632677903,-20.134902367371357,-20.134902367371357,-16.934643538696367,-16.934643538696367,-17.334539383907618,-17.334539383907618,-19.735006522160106,-19.735006522160106,-0.37630018833380063,-0.37630018833380063,-0.47089902672573203,-0.47089902672573203,-0.45908627667084545,-0.45908627667084545,-0.388112938388673,-0.388112938388673,preceding,preceding,1,1,vehicle
55408.9999999851,35.905542753457745,35.905542753457745,-20.18223861431273,-20.18223861431273,-16.99159071958924,-16.99159071958924,-17.390286424281417,-17.390286424281417,-19.783542909620554,-19.783542909620554,-0.54016859628031,-0.54016859628031,-0.6355427574461316,-0.6355427574461316,-0.6236331197620046,-0.6236331197620046,-0.5520782339644512,-0.5520782339644512,preceding,preceding,1,1,vehicle
55409.0999999851,36.01241548867145,36.01241548867145,-20.242936086625846,-20.242936086625846,-17.061752090183745,-17.061752090183745,-17.459266007858204,-17.459266007858204,-19.845422168951387,-19.845422168951387,-0.48919128725728456,-0.48919128725728456,-0.5814018536441523,-0.5814018536441523,-0.5698871946221686,-0.5698871946221686,-0.5007059462792682,-0.5007059462792682,preceding,preceding,1,1,vehicle
55409.199999985096,36.1143928434854,36.1143928434854,-20.280076871762766,-20.280076871762766,-17.10787109031638,-17.10787109031638,-17.504263863204194,-17.504263863204194,-19.88368409887495,-19.88368409887495,-0.4481991020405047,-0.4481991020405047,-0.5357627457460836,-0.5357627457460836,-0.5248283017986068,-0.5248283017986068,-0.4591335459879815,-0.4591335459879815,preceding,preceding,1,1,vehicle
55409.29999998509,36.21186696953961,36.21186696953961,-20.332575907028264,-20.332575907028264,-17.16890463932642,-17.16890463932642,-17.56423166821149,-17.56423166821149,-19.937248878143194,-19.937248878143194,-0.38831420004446215,-0.38831420004446215,-0.47432406930603577,-0.47432406930603577,-0.4635835916866995,-0.4635835916866995,-0.39905467766379843,-0.39905467766379843,preceding,preceding,1,1,vehicle
55409.399999985086,36.311399096282884,36.311399096282884,-20.357739711765714,-20.357739711765714,-17.202735904170776,-17.202735904170776,-17.59698058153483,-17.59698058153483,-19.96349503440166,-19.96349503440166,-0.39634201067754304,-0.39634201067754304,-0.4803678414313737,-0.4803678414313737,-0.46987506520055433,-0.46987506520055433,-0.4068347869083624,-0.4068347869083624,preceding,preceding,1,1,vehicle
55409.49999998509,36.40534674861848,36.40534674861848,-20.41184430916761,-20.41184430916761,-17.26497820761686,-17.26497820761686,-17.658206681255727,-17.658206681255727,-20.018615835528742,-20.018615835528742,-0.4627419250702616,-0.4627419250702616,-0.5425293973385692,-0.5425293973385692,-0.5325658368751363,-0.5325658368751363,-0.4727054855336803,-0.4727054855336803,preceding,preceding,1,1,vehicle
55409.59999998509,36.49608294017179,36.49608294017179,-20.450288096782923,-20.450288096782923,-17.31124178364202,-17.31124178364202,-17.703493748913342,-17.703493748913342,-20.058036131511603,-20.058036131511603,-0.3837933848355135,-0.3837933848355135,-0.46178389516282436,-0.46178389516282436,-0.4520446838172205,-0.4520446838172205,-0.39353259618110314,-0.39353259618110314,preceding,preceding,1,1,vehicle
55409.69999998509,36.5867873665824,36.5867873665824,-20.488602986133596,-20.488602986133596,-17.35733498664808,-17.35733498664808,-17.74861561801786,-17.74861561801786,-20.09732235476382,-20.09732235476382,-0.3310467889386075,-0.3310467889386075,-0.41616915981900604,-0.41616915981900604,-0.4055392871005523,-0.4055392871005523,-0.34167666165706123,-0.34167666165706123,preceding,preceding,1,1,vehicle
55409.79999998509,36.69519644617847,36.69519644617847,-20.51649745456968,-20.51649745456968,-17.394475615604613,-17.394475615604613,-17.784601606332274,-17.784601606332274,-20.12637146384202,-20.12637146384202,-0.5109431297110802,-0.5109431297110802,-0.5940381838931188,-0.5940381838931188,-0.583661428315196,-0.583661428315196,-0.5213198852889889,-0.5213198852889889,preceding,preceding,1,1,vehicle
55409.899999985086,36.78210253454738,36.78210253454738,-20.590791612074323,-20.590791612074323,-17.476142623424973,-17.476142623424973,-17.865347903679197,-17.865347903679197,-20.2015863318201,-20.2015863318201,-0.6843996667352741,-0.6843996667352741,-0.7569278052874324,-0.7569278052874324,-0.7478705801467669,-0.7478705801467669,-0.6934568918759254,-0.6934568918759254,preceding,preceding,1,1,vehicle
55409.99999998509,36.86657117263925,36.86657117263925,-20.65337738791887,-20.65337738791887,-17.545861176664534,-17.545861176664534,-17.934175722364024,-17.934175722364024,-20.26506284221938,-20.26506284221938,-0.6054154786628345,-0.6054154786628345,-0.6762579175507426,-0.6762579175507426,-0.667411160836167,-0.667411160836167,-0.6142622353774101,-0.6142622353774101,preceding,preceding,1,1,vehicle
55410.09999998508,36.95027096791386,36.95027096791386,-20.711874707805723,-20.711874707805723,-17.611394206933763,-17.611394206933763,-17.998830135845097,-17.998830135845097,-20.32443877889439,-20.32443877889439,-0.6767349058531806,-0.6767349058531806,-0.7519570344236115,-0.7519570344236115,-0.7425633007975989,-0.7425633007975989,-0.686128639479179,-0.686128639479179,preceding,preceding,1,1,vehicle
55410.19999998508,37.04600942883192,37.04600942883192,-20.788724369083948,-20.788724369083948,-17.696252583543004,-17.696252583543004,-18.08268838251738,-18.08268838251738,-20.402288570109572,-20.402288570109572,-0.8031692432039392,-0.8031692432039392,-0.8838395328015878,-0.8838395328015878,-0.8737653859289338,-0.8737653859289338,-0.8132433900766074,-0.8132433900766074,preceding,preceding,1,1,vehicle
55410.29999998508,37.14365005742095,37.14365005742095,-20.872508556444174,-20.872508556444174,-17.78816211349151,-17.78816211349151,-18.17358321302834,-18.17358321302834,-20.487087456907343,-20.487087456907343,-0.6863360679362955,-0.6863360679362955,-0.7645896650496269,-0.7645896650496269,-0.7548172690496244,-0.7548172690496244,-0.696108463936298,-0.696108463936298,preceding,preceding,1,1,vehicle
55410.39999998508,37.23454089614571,37.23454089614571,-20.92599158266921,-20.92599158266921,-17.849170516550704,-17.849170516550704,-18.23365183632511,-18.23365183632511,-20.541510262894803,-20.541510262894803,-0.6570726571471539,-0.6570726571471539,-0.7295941572033655,-0.7295941572033655,-0.7205375496682933,-0.7205375496682933,-0.6661292646822119,-0.6661292646822119,preceding,preceding,1,1,vehicle
55410.49999998508,37.31922987456262,37.31922987456262,-21.00392308787169,-21.00392308787169,-17.93408094493006,-17.93408094493006,-18.317690722959902,-18.317690722959902,-20.620313309841848,-20.620313309841848,-0.6912811569819013,-0.6912811569819013,-0.7641929130600431,-0.7641929130600431,-0.7550875273311846,-0.7550875273311846,-0.7003865427107598,-0.7003865427107598,preceding,preceding,1,1,vehicle
55410.59999998508,37.411936467468344,37.411936467468344,-21.064247814067325,-21.064247814067325,-18.002009099164813,-18.002009099164813,-18.3846693417934,-18.3846693417934,-20.681587571438737,-20.681587571438737,-0.6257257064092272,-0.6257257064092272,-0.6923288660261306,-0.6923288660261306,-0.684011279750905,-0.684011279750905,-0.634043292684467,-0.634043292684467,preceding,preceding,1,1,vehicle
55410.69999998507,37.48194855031305,37.48194855031305,-21.12906822914618,-21.12906822914618,-18.072546718127665,-18.072546718127665,-18.454492978902493,-18.454492978902493,-20.747121968371353,-20.747121968371353,-0.5102705959079685,-0.5102705959079685,-0.577664383360073,-0.577664383360073,-0.5692480217138041,-0.5692480217138041,-0.5186869575542374,-0.5186869575542374,preceding,preceding,1,1,vehicle
55410.799999985065,37.57741556368077,37.57741556368077,-21.166301933235992,-21.166301933235992,-18.117541975823023,-18.117541975823023,-18.498518946122466,-18.498518946122466,-20.78532496293655,-20.78532496293655,-0.41325548662774736,-0.41325548662774736,-0.4994471120144084,-0.4994471120144084,-0.4886831635483446,-0.4886831635483446,-0.42401943509382534,-0.42401943509382534,preceding,preceding,1,1,vehicle
55410.89999998507,37.694640712423,37.694640712423,-21.21171932647413,-21.21171932647413,-18.17243614053345,-18.17243614053345,-18.552229611615,-18.552229611615,-20.83192585539258,-20.83192585539258,-0.41608036050443786,-0.41608036050443786,-0.4924424168753916,-0.4924424168753916,-0.48290598417716524,-0.48290598417716524,-0.4256167932026642,-0.4256167932026642,preceding,preceding,1,1,vehicle
55410.99999998507,37.76669208766078,37.76669208766078,-21.24951800533925,-21.24951800533925,-18.216030459201075,-18.216030459201075,-18.595100142960796,-18.595100142960796,-20.87044832157953,-20.87044832157953,-0.3883211365630217,-0.3883211365630217,-0.45905525448509366,-0.45905525448509366,-0.4502216158782488,-0.4502216158782488,-0.39715477516988074,-0.39715477516988074,preceding,preceding,1,1,vehicle
55411.09999998507,37.87099937901926,37.87099937901926,-21.28938355378561,-21.28938355378561,-18.26424719142913,-18.26424719142913,-18.64227393478934,-18.64227393478934,-20.9113568104254,-20.9113568104254,-0.2457599114963358,-0.2457599114963358,-0.3213933693903215,-0.3213933693903215,-0.31194784015052335,-0.31194784015052335,-0.25520544073613394,-0.25520544073613394,preceding,preceding,1,1,vehicle
55411.19999998507,37.95605030142238,37.95605030142238,-21.2986699876378,-21.2986699876378,-18.280309133078205,-18.280309133078205,-18.657489710989992,-18.657489710989992,-20.921489409726014,-20.921489409726014,-0.1328973108712006,-0.1328973108712006,-0.20916337198094936,-0.20916337198094936,-0.19963879125107553,-0.19963879125107553,-0.14242189160108865,-0.14242189160108865,preceding,preceding,1,1,vehicle
55411.299999985065,38.063007559766845,38.063007559766845,-21.31596301595946,-21.31596301595946,-18.306079865824714,-18.306079865824714,-18.682201693038973,-18.682201693038973,-20.939841188745202,-20.939841188745202,-0.11820209159549222,-0.11820209159549222,-0.20169942802243668,-0.20169942802243668,-0.191271713436862,-0.191271713436862,-0.1286298061810669,-0.1286298061810669,preceding,preceding,1,1,vehicle
55411.39999998506,38.16731273200728,38.16731273200728,-21.322310405956493,-21.322310405956493,-18.32064901868145,-18.32064901868145,-18.69574405367623,-18.69574405367623,-20.947215370961715,-20.947215370961715,0.04752819227238092,0.04752819227238092,-0.03550735958829421,-0.03550735958829421,-0.02513726320331955,-0.02513726320331955,0.03715809588740626,0.03715809588740626,preceding,preceding,1,1,vehicle
55411.499999985055,38.2742832948177,38.2742832948177,-21.306457377503854,-21.306457377503854,-18.31318133774041,-18.31318133774041,-18.687229145677776,-18.687229145677776,-20.932409569566488,-20.932409569566488,0.1379717789451007,0.1379717789451007,0.057077630764510445,0.057077630764510445,0.06718034128320483,0.06718034128320483,0.12786906842642054,0.12786906842642054,preceding,preceding,1,1,vehicle
55411.59999998506,38.37424217570593,38.37424217570593,-21.294716050167168,-21.294716050167168,-18.309233492528556,-18.309233492528556,-18.682307985419556,-18.682307985419556,-20.921641557276168,-20.921641557276168,-0.09279709936564018,-0.09279709936564018,-0.1698596658194731,-0.1698596658194731,-0.16023542790483702,-0.16023542790483702,-0.10242133728029046,-0.10242133728029046,preceding,preceding,1,1,vehicle
55411.69999998506,38.4724692170981,38.4724692170981,-21.325016797374328,-21.325016797374328,-18.347153270902,-18.347153270902,-18.719276231256394,-18.719276231256394,-20.952893837019936,-20.952893837019936,-0.04803451629409494,-0.04803451629409494,-0.12239909139542249,-0.12239909139542249,-0.1131117602142524,-0.1131117602142524,-0.05732184747526503,-0.05732184747526503,preceding,preceding,1,1,vehicle
55411.79999998506,38.566456776905035,38.566456776905035,-21.304322953425846,-21.304322953425846,-18.333713310807283,-18.333713310807283,-18.704930337462077,-18.704930337462077,-20.933105926771052,-20.933105926771052,0.16601766436590992,0.16601766436590992,0.08531595109417367,0.08531595109417367,0.09539477179369271,0.09539477179369271,0.15593884366636246,0.15593884366636246,preceding,preceding,1,1,vehicle
55411.89999998506,38.682224716862784,38.682224716862784,-21.29181326450163,-21.29181326450163,-18.330090080683416,-18.330090080683416,-18.70019727689793,-18.70019727689793,-20.921706068287115,-20.921706068287115,0.2973039479491604,0.2973039479491604,0.20736500143888748,0.20736500143888748,0.21859751284182494,0.21859751284182494,0.2860714365462087,0.2860714365462087,preceding,preceding,1,1,vehicle
55411.999999985055,38.80151405480587,38.80151405480587,-21.24486216383688,-21.24486216383688,-18.29224031052011,-18.29224031052011,-18.661210834894348,-18.661210834894348,-20.875891639462644,-20.875891639462644,0.40932949378215255,0.40932949378215255,0.32651287202594403,0.32651287202594403,0.33685592345072735,0.33685592345072735,0.3989864423573408,0.3989864423573408,preceding,preceding,1,1,vehicle
55412.09999998506,38.89986684446105,38.89986684446105,-21.20994736574429,-21.20994736574429,-18.264787506277557,-18.264787506277557,-18.632826092207086,-18.632826092207086,-20.841908779814762,-20.841908779814762,0.3778030723004946,0.3778030723004946,0.29940450992542367,0.29940450992542367,0.3091958354966522,0.3091958354966522,0.36801174672923764,0.36801174672923764,preceding,preceding,1,1,vehicle
55412.19999998505,39.00875859828075,39.00875859828075,-21.16930154937872,-21.16930154937872,-18.23235940853662,-18.23235940853662,-18.599371667796653,-18.599371667796653,-20.802289290118686,-20.802289290118686,0.42820380223369625,0.42820380223369625,0.35122561950673514,0.35122561950673514,0.3608395929425825,0.3608395929425825,0.4185898287978489,0.4185898287978489,preceding,preceding,1,1,vehicle
55412.29999998505,39.10437181215471,39.10437181215471,-21.124306605301598,-21.124306605301598,-18.194542382379396,-18.194542382379396,-18.560658173621864,-18.560658173621864,-20.75819081405913,-20.75819081405913,0.35599798284931694,0.35599798284931694,0.27527499344441253,0.27527499344441253,0.285356714809609,0.285356714809609,0.34591626148412047,0.34591626148412047,preceding,preceding,1,1,vehicle
55412.39999998505,39.22447222839359,39.22447222839359,-21.09810195280989,-21.09810195280989,-18.17730440984854,-18.17730440984854,-18.542300324835562,-18.542300324835562,-20.733106037822868,-20.733106037822868,0.4096295612652625,0.4096295612652625,0.32726254878568284,0.32726254878568284,0.33754964103081875,0.33754964103081875,0.3993424690201408,0.3993424690201408,preceding,preceding,1,1,vehicle
55412.49999998505,39.32558627876082,39.32558627876082,-21.042380693049736,-21.042380693049736,-18.12908987262321,-18.12908987262321,-18.493148245416684,-18.493148245416684,-20.678322320256264,-20.678322320256264,0.5684260117306223,0.5684260117306223,0.4864655279012169,0.4864655279012169,0.49670190075462983,0.49670190075462983,0.5581896388772094,0.5581896388772094,preceding,preceding,1,1,vehicle
55412.59999998505,39.44594582822801,39.44594582822801,-20.98441675046542,-20.98441675046542,-18.08001130426971,-18.08001130426971,-18.44295994468608,-18.44295994468608,-20.62146811004905,-20.62146811004905,0.5772002771320643,0.5772002771320643,0.48864782867016743,0.48864782867016743,0.4997075509269564,0.4997075509269564,0.5661405548752896,0.5661405548752896,preceding,preceding,1,1,vehicle
55412.69999998505,39.56622014014112,39.56622014014112,-20.926940637620838,-20.926940637620838,-18.031360306887073,-18.031360306887073,-18.393206735229143,-18.393206735229143,-20.56509420927877,-20.56509420927877,0.6858484177069641,0.6858484177069641,0.6040952636419519,0.6040952636419519,0.6143058394008278,0.6143058394008278,0.675637841948074,0.675637841948074,preceding,preceding,1,1,vehicle
55412.79999998504,39.66936320197774,39.66936320197774,-20.84724706692926,-20.84724706692926,-17.9591922515465,-17.9591922515465,-18.3200987768111,-18.3200987768111,-20.48634054166466,-20.48634054166466,0.770343976420051,0.770343976420051,0.6905482646635477,0.6905482646635477,0.7005144150596578,0.7005144150596578,0.7603778260239267,0.7603778260239267,preceding,preceding,1,1,vehicle
55412.89999998504,39.78559311476724,39.78559311476724,-20.77287184234506,-20.77287184234506,-17.89325065396185,-17.89325065396185,-18.25310385222479,-18.25310385222479,-20.413018644082122,-20.413018644082122,0.644985947566326,0.644985947566326,0.5606116625860693,0.5606116625860693,0.5711497061532924,0.5711497061532924,0.6344479039990887,0.6344479039990887,preceding,preceding,1,1,vehicle
55412.99999998504,39.90261140238316,39.90261140238316,-20.718249877417872,-20.718249877417872,-17.84706991903092,-17.84706991903092,-18.205868835582102,-18.205868835582102,-20.35945096086669,-20.35945096086669,0.6727656969683267,0.6727656969683267,0.5978517367472875,0.5978517367472875,0.6072082602274946,0.6072082602274946,0.6634091734881054,0.6634091734881054,preceding,preceding,1,1,vehicle
55413.09999998504,39.993769351876985,39.993769351876985,-20.638318702953356,-20.638318702953356,-17.773680306614132,-17.773680306614132,-18.131662200181058,-18.131662200181058,-20.28033680938643,-20.28033680938643,0.8156479382815149,0.8156479382815149,0.7478769883303045,0.7478769883303045,0.7563414093126255,0.7563414093126255,0.8071835172992081,0.8071835172992081,preceding,preceding,1,1,vehicle
55413.19999998504,40.09195511336506,40.09195511336506,-20.55512028976394,-20.55512028976394,-17.697494521367034,-17.697494521367034,-18.05460055372178,-18.05460055372178,-20.198014257409195,-20.198014257409195,0.7886384922643117,0.7886384922643117,0.7109842985537682,0.7109842985537682,0.7206831535910538,0.7206831535910538,0.7789396372270261,0.7789396372270261,preceding,preceding,1,1,vehicle
55413.29999998504,40.211870958575766,40.211870958575766,-20.480591004497683,-20.480591004497683,-17.631483446901015,-17.631483446901015,-17.987525569460427,-17.987525569460427,-20.12454888193827,-20.12454888193827,0.8568754593090233,0.8568754593090233,0.7696884409710378,0.7696884409710378,0.7805779764413074,0.7805779764413074,0.8459859238387679,0.8459859238387679,preceding,preceding,1,1,vehicle
55413.39999998504,40.338202386919825,40.338202386919825,-20.38374519790002,-20.38374519790002,-17.54355683317106,-17.54355683317106,-17.89848495843171,-17.89848495843171,-20.02881707263937,-20.02881707263937,0.9634995103833148,0.9634995103833148,0.8827660527404788,0.8827660527404788,0.8928495927880391,0.8928495927880391,0.9534159703357687,0.9534159703357687,preceding,preceding,1,1,vehicle
55413.49999998503,40.44115601007091,40.44115601007091,-20.287891102430763,-20.287891102430763,-17.45493023636196,-17.45493023636196,-17.80895565091195,-17.80895565091195,-19.933865687880772,-19.933865687880772,0.956497995343355,0.956497995343355,0.8843461028190518,0.8843461028190518,0.8933578539386673,0.8933578539386673,0.9474862442237253,0.9474862442237253,preceding,preceding,1,1,vehicle
55413.59999998503,40.544282803619694,40.544282803619694,-20.192445598841122,-20.192445598841122,-17.366687612616285,-17.366687612616285,-17.7198133876531,-17.7198133876531,-19.839319823804306,-19.839319823804306,0.9519106505800323,0.9519106505800323,0.8800375223917882,0.8800375223917882,0.8890144925136951,0.8890144925136951,0.9429336804581396,0.9429336804581396,preceding,preceding,1,1,vehicle
55413.69999998503,40.64748739816706,40.64748739816706,-20.097508972317527,-20.097508972317527,-17.278922731886162,-17.278922731886162,-17.6311527524118,-17.6311527524118,-19.74527895179189,-19.74527895179189,0.9132493403847803,0.9132493403847803,0.8384013686655578,0.8384013686655578,0.8477499370147825,0.8477499370147825,0.9039007720355414,0.9039007720355414,preceding,preceding,1,1,vehicle
55413.79999998503,40.76029939536058,40.76029939536058,-20.009795730766825,-20.009795730766825,-17.199007338885615,-17.199007338885615,-17.55026340025261,-17.55026340025261,-19.65853966939983,-19.65853966939983,0.8743565920182164,0.8743565920182164,0.7965871502784267,0.7965871502784267,0.8063006532733539,0.8063006532733539,0.8646430890233034,0.8646430890233034,preceding,preceding,1,1,vehicle
55413.89999998503,40.87312904923687,40.87312904923687,-19.92263765391643,-19.92263765391643,-17.119605301832795,-17.119605301832795,-17.469892621759477,-17.469892621759477,-19.572350333989746,-19.572350333989746,0.8435264737989456,0.8435264737989456,0.769719774700107,0.769719774700107,0.7789383643833787,0.7789383643833787,0.8343078841156597,0.8343078841156597,preceding,preceding,1,1,vehicle
55413.99999998503,40.97557535284566,40.97557535284566,-19.841090436003764,-19.841090436003764,-17.045063383942587,-17.045063383942587,-17.394475727372892,-17.394475727372892,-19.49167809257346,-19.49167809257346,0.8907359238516364,0.8907359238516364,0.8180602254803944,0.8180602254803944,0.8271375899983155,0.8271375899983155,0.881658559333701,0.881658559333701,preceding,preceding,1,1,vehicle
55414.09999998503,41.08626645934043,41.08626645934043,-19.744490469143308,-19.744490469143308,-16.955993256734203,-16.955993256734203,-17.304465103757263,-17.304465103757263,-19.39601862212025,-19.39601862212025,1.0317983584707378,1.0317983584707378,0.955091807304342,0.955091807304342,0.9646726744040279,0.9646726744040279,1.0222174913710376,1.0222174913710376,preceding,preceding,1,1,vehicle
55414.19999998502,41.20173104184176,41.20173104184176,-19.634730764321084,-19.634730764321084,-16.854045022492386,-16.854045022492386,-17.20154119250285,-17.20154119250285,-19.28723459431062,-19.28723459431062,1.0350653285602363,1.0350653285602363,0.9627638810773789,0.9627638810773789,0.9717945738329945,0.9717945738329945,1.0260346358046064,1.0260346358046064,preceding,preceding,1,1,vehicle
55414.29999998502,41.30052218866631,41.30052218866631,-19.537477403442715,-19.537477403442715,-16.76344048052936,-16.76344048052936,-17.1101061890014,-17.1101061890014,-19.190811694970677,-19.190811694970677,0.9275577893594829,0.9275577893594829,0.8618581888566439,0.8618581888566439,0.8700643214481545,0.8700643214481545,0.9193516567679723,0.9193516567679723,preceding,preceding,1,1,vehicle
55414.39999998502,41.3974277249346,41.3974277249346,-19.449219206451886,-19.449219206451886,-16.681673384723567,-16.681673384723567,-17.02752832821575,-17.02752832821575,-19.1033642629597,-19.1033642629597,0.9906785231853803,0.9906785231853803,0.9236630837692985,0.9236630837692985,0.9320336011612511,0.9320336011612511,0.9823080057934419,0.9823080057934419,preceding,preceding,1,1,vehicle
55414.49999998502,41.501117546159776,41.501117546159776,-19.33934169880852,-19.33934169880852,-16.578707863778188,-16.578707863778188,-16.92369946877186,-16.92369946877186,-18.994350093814848,-18.994350093814848,1.1467294412526599,1.1467294412526599,1.0785154716971448,1.0785154716971448,1.0870357218224456,1.0870357218224456,1.1382091911273733,1.1382091911273733,preceding,preceding,1,1,vehicle
55414.59999998502,41.60258952852096,41.60258952852096,-19.21987331820469,-19.21987331820469,-16.465970290387276,-16.465970290387276,-16.810121183854427,-16.810121183854427,-18.87572242473754,-18.87572242473754,1.1835067044374625,1.1835067044374625,1.1174726949340652,1.1174726949340652,1.1257206881133186,1.1257206881133186,1.1752587112582233,1.1752587112582233,preceding,preceding,1,1,vehicle
55414.69999998502,41.70068923673541,41.70068923673541,-19.102640357916023,-19.102640357916023,-16.35521332478664,-16.35521332478664,-16.69855533114443,-16.69855533114443,-18.759298351558233,-18.759298351558233,1.0694579342083728,1.0694579342083728,1.0058135806793302,1.0058135806793302,1.0137631217324525,1.0137631217324525,1.0615083931552363,1.0615083931552363,preceding,preceding,1,1,vehicle
55414.79999998501,41.79584885221959,41.79584885221959,-19.00598173136942,-19.00598173136942,-16.264807574257215,-16.264807574257215,-16.607368559513816,-16.607368559513816,-18.66342074611282,-18.66342074611282,1.0238394937668858,1.0238394937668858,0.9661559765213212,0.9661559765213212,0.9733609985499783,0.9733609985499783,1.016634471738243,1.016634471738243,preceding,preceding,1,1,vehicle
55414.89999998501,41.87659998443344,41.87659998443344,-18.897872459170575,-18.897872459170575,-16.161982129489505,-16.161982129489505,-16.503883131441665,-16.503883131441665,-18.555971457218416,-18.555971457218416,1.1698040057420371,1.1698040057420371,1.1120119388006628,1.1120119388006628,1.1192305441207395,1.1192305441207395,1.1625854004219747,1.1625854004219747,preceding,preceding,1,1,vehicle
55414.99999998501,41.97289855354777,41.97289855354777,-18.772020930217195,-18.772020930217195,-16.042405186493447,-16.042405186493447,-16.383522450686012,-16.383522450686012,-18.43090366602463,-18.43090366602463,1.205427372468037,1.205427372468037,1.1420199666944626,1.1420199666944626,1.1499399896922142,1.1499399896922142,1.1975073494702855,1.1975073494702855,preceding,preceding,1,1,vehicle
55415.09999998501,42.071685539251504,42.071685539251504,-18.656786984680476,-18.656786984680476,-15.933578136153937,-15.933578136153937,-16.27389513350657,-16.27389513350657,-18.316469987327842,-18.316469987327842,1.1368399610541218,1.1368399610541218,1.082710403973934,1.082710403973934,1.089471579304501,1.089471579304501,1.1300787857235548,1.1300787857235548,preceding,preceding,1,1,vehicle
55415.19999998501,42.140092967220504,42.140092967220504,-18.54465293800968,-18.54465293800968,-15.825863105701812,-15.825863105701812,-16.16562813482828,-16.16562813482828,-18.204887908883208,-18.204887908883208,1.1348110751254126,1.1348110751254126,1.0883954930178703,1.0883954930178703,1.094193154566625,1.094193154566625,1.1290134135766436,1.1290134135766436,preceding,preceding,1,1,vehicle
55415.29999998501,42.21564791188262,42.21564791188262,-18.429824769658694,-18.429824769658694,-15.715899037553532,-15.715899037553532,-16.05505650259643,-16.05505650259643,-18.0906673046158,-18.0906673046158,1.0865223659411498,1.0865223659411498,1.033289856027153,1.033289856027153,1.0399390224757212,1.0399390224757212,1.0798731994925816,1.0798731994925816,preceding,preceding,1,1,vehicle
55415.39999998501,42.305820039288896,42.305820039288896,-18.327348464817604,-18.327348464817604,-15.619205134492837,-15.619205134492837,-15.957640330329555,-15.957640330329555,-17.988913268980887,-17.988913268980887,1.0109450726336604,1.0109450726336604,0.9629446730608038,0.9629446730608038,0.968940321180483,0.968940321180483,1.0049494245139954,1.0049494245139954,preceding,preceding,1,1,vehicle
55415.49999998501,42.365565105451616,42.365565105451616,-18.227635755127345,-18.227635755127345,-15.52331010293711,-15.52331010293711,-15.861268438356028,-15.861268438356028,-17.889677419708427,-17.889677419708427,0.9842628742220114,0.9842628742220114,0.9397488573846573,0.9397488573846573,0.9453090437378222,0.9453090437378222,0.9787026878688465,0.9787026878688465,preceding,preceding,1,1,vehicle
55415.599999985,42.44540761581191,42.44540761581191,-18.13049588998304,-18.13049588998304,-15.431255363025198,-15.431255363025198,-15.768578521591353,-15.768578521591353,-17.793172731416888,-17.793172731416888,1.0692675118264106,1.0692675118264106,1.0198850011384195,1.0198850011384195,1.0260533189025125,1.0260533189025125,1.0630991940623176,1.0630991940623176,preceding,preceding,1,1,vehicle
55415.699999985,42.520913633852835,42.520913633852835,-18.01378225277153,-18.01378225277153,-15.319333102718371,-15.319333102718371,-15.656057774584536,-15.656057774584536,-17.677057580905366,-17.677057580905366,1.0542287451279293,1.0542287451279293,1.0146535784880513,1.0146535784880513,1.0195968821147972,1.0195968821147972,1.0492854415011834,1.0492854415011834,preceding,preceding,1,1,vehicle
55415.799999985,42.570283234792505,42.570283234792505,-17.919650140960524,-17.919650140960524,-15.228324647330542,-15.228324647330542,-15.564659145171362,-15.564659145171362,-17.583315643119704,-17.583315643119704,0.8723745365646067,0.8723745365646067,0.837742500400239,0.837742500400239,0.8420683714176391,0.8420683714176391,0.8680486655472066,0.8680486655472066,preceding,preceding,1,1,vehicle
55415.899999985,42.630540839433486,42.630540839433486,-17.839307345461147,-17.839307345461147,-15.151784602640763,-15.151784602640763,-15.48764410030346,-15.48764410030346,-17.50344784779845,-17.50344784779845,0.8024736410804678,0.8024736410804678,0.7644636111487841,0.7644636111487841,0.7692114345886409,0.7692114345886409,0.7977258176406252,0.7977258176406252,preceding,preceding,1,1,vehicle
55415.999999985,42.69091355251155,42.69091355251155,-17.759155412746765,-17.759155412746765,-15.07543192510301,-15.07543192510301,-15.410816858255872,-15.410816858255872,-17.4237704795939,-17.4237704795939,0.8349031549921051,0.8349031549921051,0.7998699750603322,0.7998699750603322,0.804245969145029,0.804245969145029,0.8305271609074225,0.8305271609074225,preceding,preceding,1,1,vehicle
55416.099999985,42.74201418494902,42.74201418494902,-17.672326714458595,-17.672326714458595,-14.991810607624677,-14.991810607624677,-15.326794906470418,-15.326794906470418,-17.337342415612852,-17.337342415612852,0.6410387282464995,0.6410387282464995,0.6131389862102452,0.6131389862102452,0.6166239484252856,0.6166239484252856,0.6375537660315018,0.6375537660315018,preceding,preceding,1,1,vehicle
55416.19999998499,42.779893149239875,42.779893149239875,-17.630947667094073,-17.630947667094073,-14.952804127857467,-14.952804127857467,-15.287492068567337,-15.287492068567337,-17.2962597263842,-17.2962597263842,0.5331516729065271,0.5331516729065271,0.50500973582011,0.50500973582011,0.5085249567555223,0.5085249567555223,0.529636451971129,0.529636451971129,preceding,preceding,1,1,vehicle
55416.29999998499,42.831982933850604,42.831982933850604,-17.565696379877508,-17.565696379877508,-14.89080866046078,-14.89080866046078,-15.225089915119453,-15.225089915119453,-17.231415125218835,-17.231415125218835,0.5322960135309529,0.5322960135309529,0.5041841522324688,0.5041841522324688,0.5076956208444727,0.5076956208444727,0.5287845449189064,0.5287845449189064,preceding,preceding,1,1,vehicle
55416.39999998499,42.86992498996149,42.86992498996149,-17.52448846438381,-17.52448846438381,-14.851967297407088,-14.851967297407088,-15.185952944394534,-15.185952944394534,-17.190502817396368,-17.190502817396368,0.4181374151467594,0.4181374151467594,0.4017426344746724,0.4017426344746724,0.4037905181535848,0.4037905181535848,0.416089531467847,0.416089531467847,preceding,preceding,1,1,vehicle
55416.49999998499,42.88457116990538,42.88457116990538,-17.482068896849373,-17.482068896849373,-14.810460133567014,-14.810460133567014,-15.144331811489913,-15.144331811489913,-17.148197218926477,-17.148197218926477,0.2958557513815663,0.2958557513815663,0.28149923670488874,0.28149923670488874,0.28329252120651915,0.28329252120651915,0.2940624668799501,0.2940624668799501,preceding,preceding,1,1,vehicle
55416.59999998499,42.91604982665561,42.91604982665561,-17.46531731410836,-17.46531731410836,-14.79566745006693,-14.79566745006693,-15.129294440154055,-15.129294440154055,-17.131690324021235,-17.131690324021235,0.07791625760799548,0.07791625760799548,0.05830856934656481,0.05830856934656481,0.06075778430343348,0.06075778430343348,0.07546704265111259,0.07546704265111259,preceding,preceding,1,1,vehicle
55416.69999998499,42.94763492424487,42.94763492424487,-17.466485645328,-17.466485645328,-14.798798419697873,-14.798798419697873,-15.1321802546294,-15.1321802546294,-17.133103810396474,-17.133103810396474,0.05682563854026057,0.05682563854026057,0.04048833721270739,0.04048833721270739,0.04252904681092673,0.04252904681092673,0.054784928942055444,0.054784928942055444,preceding,preceding,1,1,vehicle
55416.79999998498,42.968659387901546,42.968659387901546,-17.453952186401885,-17.453952186401885,-14.787569782625843,-14.787569782625843,-15.120788630793342,-15.120788630793342,-17.120733338234388,-17.120733338234388,0.03151254074934684,0.03151254074934684,0.024451212754044604,0.024451212754044604,0.025333251194069817,0.025333251194069817,0.030630502309321628,0.030630502309321628,preceding,preceding,1,1,vehicle
55416.89999998498,42.970391535012766,42.970391535012766,-17.46018313717982,-17.46018313717982,-14.79390817714859,-14.79390817714859,-15.127113604392132,-15.127113604392132,-17.126977709936273,-17.126977709936273,-0.19359885032585566,-0.19359885032585566,-0.19649711834392747,-0.19649711834392747,-0.19613509224699044,-0.19613509224699044,-0.19396087642276427,-0.19396087642276427,preceding,preceding,1,1,vehicle
55416.99999998498,42.97800588952759,42.97800588952759,-17.492671956469813,-17.492671956469813,-14.826869206297424,-14.826869206297424,-15.160015649245533,-15.160015649245533,-17.159525513521704,-17.159525513521704,-0.34806596759106867,-0.34806596759106867,-0.34940253957965695,-0.34940253957965695,-0.3492355867910817,-0.3492355867910817,-0.34823292037968656,-0.34823292037968656,preceding,preceding,1,1,vehicle
55417.09999998498,42.97470163178308,42.97470163178308,-17.529796330699217,-17.529796330699217,-14.86378868506576,-14.86378868506576,-15.196960721751578,-15.196960721751578,-17.1966242940134,-17.1966242940134,-0.42066935778596815,-0.42066935778596815,-0.41930112778686635,-0.41930112778686635,-0.419472035033408,-0.419472035033408,-0.42049845053942647,-0.42049845053942647,oncoming,oncoming,1,1,vehicle
55417.19999998498,42.97359303627564,42.97359303627564,-17.576805828025783,-17.576805828025783,-14.910729431853577,-14.910729431853577,-15.243910056250993,-15.243910056250993,-17.243625203628365,-17.243625203628365,-0.5193609005710442,-0.5193609005710442,-0.5193681637712757,-0.5193681637712757,-0.5193672565162615,-0.5193672565162615,-0.5193618078260442,-0.5193618078260442,preceding,preceding,1,1,vehicle
55417.29999998498,42.97472505607408,42.97472505607408,-17.633668510811916,-17.633668510811916,-14.967662317818503,-14.967662317818503,-15.30083417305332,-15.30083417305332,-17.300496655577096,-17.300496655577096,-0.6734625973698911,-0.6734625973698911,-0.6719824195980237,-0.6719824195980237,-0.6721673103467225,-0.6721673103467225,-0.6732777066211924,-0.6732777066211924,oncoming,oncoming,1,1,vehicle
55417.39999998498,42.968820145751046,42.968820145751046,-17.711498347497802,-17.711498347497802,-15.045125915771225,-15.045125915771225,-15.378343518318381,-15.378343518318381,-17.378280744950644,-17.378280744950644,-0.8496653664310543,-0.8496653664310543,-0.8434339498268599,-0.8434339498268599,-0.8442123232455714,-0.8442123232455714,-0.8488869930123712,-0.8488869930123712,oncoming,oncoming,1,1,vehicle
55417.49999998498,42.954637711683034,42.954637711683034,-17.80360158410287,-17.80360158410287,-15.136349107788561,-15.136349107788561,-15.469676637707126,-15.469676637707126,-17.47027405418431,-17.47027405418431,-0.8840424597926528,-0.8840424597926528,-0.8807714564419342,-0.8807714564419342,-0.8811800412192241,-0.8811800412192241,-0.883633875015363,-0.883633875015363,oncoming,oncoming,1,1,vehicle
55417.59999998498,42.95827642610872,42.95827642610872,-17.88830683946073,-17.88830683946073,-15.221280207063915,-15.221280207063915,-15.55457952656654,-15.55457952656654,-17.555007519958103,-17.555007519958103,-0.9338961617139603,-0.9338961617139603,-0.9313706260249575,-0.9313706260249575,-0.9316860934466717,-0.9316860934466717,-0.9335806942922318,-0.9335806942922318,oncoming,oncoming,1,1,vehicle
55417.69999998497,42.9465018399976,42.9465018399976,-17.990380816434886,-17.990380816434886,-15.322623232982872,-15.322623232982872,-15.656013856385767,-15.656013856385767,-17.65699019303199,-17.65699019303199,-0.9563413974982069,-0.9563413974982069,-0.9505915769246371,-0.9505915769246371,-0.9513097932563568,-0.9513097932563568,-0.9556231811665157,-0.9556231811665157,oncoming,oncoming,1,1,vehicle
55417.79999998497,42.939755041687505,42.939755041687505,-18.07957511894969,-18.07957511894969,-15.411398522438247,-15.411398522438247,-15.744841485207203,-15.744841485207203,-17.746132156180735,-17.746132156180735,-0.9795284357709022,-0.9795284357709022,-0.970555585103483,-0.970555585103483,-0.9716763929939987,-0.9716763929939987,-0.9784076278803724,-0.9784076278803724,oncoming,oncoming,1,1,vehicle
55417.89999998497,42.917621200510446,42.917621200510446,-18.186286503586214,-18.186286503586214,-15.516734350000744,-15.516734350000744,-15.850349134981737,-15.850349134981737,-17.85267171860522,-17.85267171860522,-1.1171358667379536,-1.1171358667379536,-1.1041122703739887,-1.1041122703739887,-1.1057390603078119,-1.1057390603078119,-1.1155090768041163,-1.1155090768041163,oncoming,oncoming,1,1,vehicle
55417.99999998497,42.89786225843335,42.89786225843335,-18.30300229229403,-18.30300229229403,-15.632220976509831,-15.632220976509831,-15.965989297265548,-15.965989297265548,-17.969233971538312,-17.969233971538312,-1.1613297873868333,-1.1613297873868333,-1.155110282028744,-1.155110282028744,-1.1558871661297871,-1.1558871661297871,-1.1605529032858186,-1.1605529032858186,oncoming,oncoming,1,1,vehicle
55418.09999998498,42.89762543946581,42.89762543946581,-18.41855246107693,-18.41855246107693,-15.747756406419947,-15.747756406419947,-16.081526568221136,-16.081526568221136,-18.084782299275744,-18.084782299275744,-1.2281972337443676,-1.2281972337443676,-1.2255048194908795,-1.2255048194908795,-1.2258411312595854,-1.2258411312595854,-1.2278609219756618,-1.2278609219756618,oncoming,oncoming,1,1,vehicle
55418.19999998497,42.88921180349765,42.88921180349765,-18.54864173904509,-18.54864173904509,-15.877321940410294,-15.877321940410294,-16.211157523519738,-16.211157523519738,-18.214806155935648,-18.214806155935648,-1.3401150670880355,-1.3401150670880355,-1.3294471501688463,-1.3294471501688463,-1.330779688222762,-1.330779688222762,-1.3387825290341056,-1.3387825290341056,oncoming,oncoming,1,1,vehicle
55418.29999998496,42.86337132857234,42.86337132857234,-18.686575474471137,-18.686575474471137,-16.013645836430502,-16.013645836430502,-16.34768250584245,-16.34768250584245,-18.35253880505919,-18.35253880505919,-1.3146737508003383,-1.3146737508003383,-1.3001470925048437,-1.3001470925048437,-1.301961628154757,-1.301961628154757,-1.3128592151504108,-1.3128592151504108,oncoming,oncoming,1,1,vehicle
55418.39999998496,42.842599211546116,42.842599211546116,-18.811576489190827,-18.811576489190827,-16.1373513588971,-16.1373513588971,-16.471549849136508,-16.471549849136508,-18.477377998951418,-18.477377998951418,-1.3324171277550363,-1.3324171277550363,-1.3207528524072103,-1.3207528524072103,-1.3222098446510557,-1.3222098446510557,-1.3309601355111909,-1.3309601355111909,oncoming,oncoming,1,1,vehicle
55418.49999998496,42.82598048231804,42.82598048231804,-18.953058900018267,-18.953058900018267,-16.2777964069081,-16.2777964069081,-16.612124474768812,-16.612124474768812,-18.618730832157553,-18.618730832157553,-1.3497603313970643,-1.3497603313970643,-1.3360004762369329,-1.3360004762369329,-1.3377192273379706,-1.3377192273379706,-1.3480415802960266,-1.3480415802960266,oncoming,oncoming,1,1,vehicle
55418.59999998496,42.79854039899711,42.79854039899711,-19.08152855546631,-19.08152855546631,-16.4045514541406,-16.4045514541406,-16.739093694600207,-16.739093694600207,-18.7469863150067,-18.7469863150067,-1.3510114113436629,-1.3510114113436629,-1.337390074152978,-1.337390074152978,-1.3390915219656137,-1.3390915219656137,-1.3493099635310273,-1.3493099635310273,oncoming,oncoming,1,1,vehicle
55418.69999998496,42.78239854563651,42.78239854563651,-19.223261182283068,-19.223261182283068,-16.545274421734803,-16.545274421734803,-16.87994277915804,-16.87994277915804,-18.88859282485983,-18.88859282485983,-1.3685621941722133,-1.3685621941722133,-1.3577971833161513,-1.3577971833161513,-1.3591418449964578,-1.3591418449964578,-1.3672175324918925,-1.3672175324918925,oncoming,oncoming,1,1,vehicle
55418.79999998496,42.76413412021483,42.76413412021483,-19.355240994306016,-19.355240994306016,-16.676110890809035,-16.676110890809035,-17.010922063604713,-17.010922063604713,-19.020429821510337,-19.020429821510337,-1.2956511820977,-1.2956511820977,-1.2802194600721606,-1.2802194600721606,-1.2821470409289475,-1.2821470409289475,-1.293723601240913,-1.293723601240913,oncoming,oncoming,1,1,vehicle
55418.89999998496,42.733131208507814,42.733131208507814,-19.482391418708616,-19.482391418708616,-16.80131831375523,-16.80131831375523,-17.136372187349828,-17.136372187349828,-19.14733754511402,-19.14733754511402,-1.13226656796256,-1.13226656796256,-1.1242928805872339,-1.1242928805872339,-1.1252888759688346,-1.1252888759688346,-1.1312705725809593,-1.1312705725809593,oncoming,oncoming,1,1,vehicle
55418.99999998495,42.738684871603674,42.738684871603674,-19.58169430788902,-19.58169430788902,-16.900969466916887,-16.900969466916887,-17.235979838788897,-17.235979838788897,-19.24668393601701,-19.24668393601701,-1.1411196140954871,-1.1411196140954871,-1.137084021124764,-1.137084021124764,-1.1375881076824612,-1.1375881076824612,-1.1406155275377614,-1.1406155275377614,oncoming,oncoming,1,1,vehicle
55419.09999998495,42.72026586999849,42.72026586999849,-19.710615341518245,-19.710615341518245,-17.028735117970644,-17.028735117970644,-17.36388980887679,-17.36388980887679,-19.375460650612098,-19.375460650612098,-1.2655270473857456,-1.2655270473857456,-1.2499583784907173,-1.2499583784907173,-1.2519030625502268,-1.2519030625502268,-1.2635823633262504,-1.2635823633262504,oncoming,oncoming,1,1,vehicle
55419.19999998495,42.6890822311897,42.6890822311897,-19.834799717362486,-19.834799717362486,-17.150961142611393,-17.150961142611393,-17.486360451295297,-17.486360451295297,-19.499400408678582,-19.499400408678582,-1.1261345459265044,-1.1261345459265044,-1.114678022193175,-1.114678022193175,-1.1161090571990542,-1.1161090571990542,-1.124703510920611,-1.124703510920611,oncoming,oncoming,1,1,vehicle
55419.29999998495,42.68378499870963,42.68378499870963,-19.93584225070027,-19.93584225070027,-17.251670722406033,-17.251670722406033,-17.587111620313355,-17.587111620313355,-19.600401352792947,-19.600401352792947,-1.0038577976832812,-1.0038577976832812,-0.994251275541572,-0.994251275541572,-0.9954512256048673,-0.9954512256048673,-1.0026578476199859,-1.0026578476199859,oncoming,oncoming,1,1,vehicle
55419.39999998496,42.65853268897347,42.65853268897347,-20.035571276910638,-20.035571276910638,-17.34981139773091,-17.34981139773091,-17.68545069642751,-17.68545069642751,-19.69993197821404,-19.69993197821404,-0.9742936680881371,-0.9742936680881371,-0.9543306998170635,-0.9543306998170635,-0.9568242710668784,-0.9568242710668784,-0.9718000968383365,-0.9718000968383365,oncoming,oncoming,1,1,vehicle
55419.49999998495,42.62036572809254,42.62036572809254,-20.130700984323155,-20.130700984323155,-17.442536862374794,-17.442536862374794,-17.778476474532066,-17.778476474532066,-19.794761372165883,-19.794761372165883,-0.9916337868497322,-0.9916337868497322,-0.9744430847807308,-0.9744430847807308,-0.9765903711787587,-0.9765903711787587,-0.9894865004517044,-0.9894865004517044,oncoming,oncoming,1,1,vehicle
55419.59999998495,42.603973752135424,42.603973752135424,-20.23389803427107,-20.23389803427107,-17.544700014677815,-17.544700014677815,-17.880768770653987,-17.880768770653987,-19.8978292782949,-19.8978292782949,-0.87538172003228,-0.87538172003228,-0.8663025689314736,-0.8663025689314736,-0.8674366425070019,-0.8674366425070019,-0.8742476464567659,-0.8742476464567659,oncoming,oncoming,1,1,vehicle
55419.69999998494,42.59158493452031,42.59158493452031,-20.305777328322975,-20.305777328322975,-17.615797376154525,-17.615797376154525,-17.951963803026892,-17.951963803026892,-19.969610901450608,-19.969610901450608,-0.7516682560269174,-0.7516682560269174,-0.7444021763173083,-0.7444021763173083,-0.745309779365698,-0.745309779365698,-0.7507606529785278,-0.7507606529785278,oncoming,oncoming,1,1,vehicle
55419.79999998494,42.580954968959006,42.580954968959006,-20.384231685469278,-20.384231685469278,-17.693580449934178,-17.693580449934178,-18.029830726520018,-18.029830726520018,-20.047981408883437,-20.047981408883437,-0.787422208249879,-0.787422208249879,-0.7732865591839015,-0.7732865591839015,-0.7750522359381478,-0.7750522359381478,-0.7856565314956327,-0.7856565314956327,oncoming,oncoming,1,1,vehicle
55419.89999998494,42.54685235396691,42.54685235396691,-20.46326176997066,-20.46326176997066,-17.770454687989055,-17.770454687989055,-18.106974250212268,-18.106974250212268,-20.126742207747448,-20.126742207747448,-0.7390717905542346,-0.7390717905542346,-0.7241637797401808,-0.7241637797401808,-0.7260259310579045,-0.7260259310579045,-0.7372096392364966,-0.7372096392364966,oncoming,oncoming,1,1,vehicle
55419.99999998494,42.533804456209566,42.533804456209566,-20.532046043577974,-20.532046043577974,-17.838413205880105,-17.838413205880105,-18.175035912729488,-18.175035912729488,-20.19542333672859,-20.19542333672859,-0.6907654295603436,-0.6907654295603436,-0.6750825538666163,-0.6750825538666163,-0.6770414907669249,-0.6770414907669249,-0.6888064926600208,-0.6888064926600208,oncoming,oncoming,1,1,vehicle
55420.09999998495,42.49733330367669,42.49733330367669,-20.601414855890855,-20.601414855890855,-17.905471198770105,-17.905471198770105,-18.24238254837343,-18.24238254837343,-20.26450350628753,-20.26450350628753,-0.6680860253327552,-0.6680860253327552,-0.6483089307048857,-0.6483089307048857,-0.6507792719484371,-0.6507792719484371,-0.6656156840892038,-0.6656156840892038,oncoming,oncoming,1,1,vehicle
55420.19999998493,42.47141500524181,42.47141500524181,-20.665663248639582,-20.665663248639582,-17.9680749920161,-17.9680749920161,-18.305191767114195,-18.305191767114195,-20.328546473541486,-20.328546473541486,-0.5013200451401474,-0.5013200451401474,-0.48877505238186814,-0.48877505238186814,-0.49034203616051286,-0.49034203616051286,-0.49975306136150266,-0.49975306136150266,oncoming,oncoming,1,1,vehicle
55420.29999998493,42.45780505005664,42.45780505005664,-20.70167886490032,-20.70167886490032,-18.003226209228398,-18.003226209228398,-18.340450955587393,-18.340450955587393,-20.364454118541325,-20.364454118541325,-0.40394484037500433,-0.40394484037500433,-0.38975398921974147,-0.38975398921974147,-0.3915265539613699,-0.3915265539613699,-0.40217227563336166,-0.40217227563336166,oncoming,oncoming,1,1,vehicle
55420.39999998493,42.426760696823905,42.426760696823905,-20.746452216716982,-20.746452216716982,-18.046025789862306,-18.046025789862306,-18.383497077908746,-18.383497077908746,-20.40898092867054,-20.40898092867054,-0.42967403949046457,-0.42967403949046457,-0.4122040027422429,-0.4122040027422429,-0.41438616580582277,-0.41438616580582277,-0.4274918764268989,-0.4274918764268989,oncoming,oncoming,1,1,vehicle
55420.49999998493,42.40288065913817,42.40288065913817,-20.78761367280055,-20.78761367280055,-18.085667009778877,-18.085667009778877,-18.4233281887506,-18.4233281887506,-20.449952493828828,-20.449952493828828,-0.46264718379943304,-0.46264718379943304,-0.4457404774315279,-0.4457404774315279,-0.44785227332894806,-0.44785227332894806,-0.46053538790201287,-0.46053538790201287,oncoming,oncoming,1,1,vehicle
55420.59999998493,42.373682767870896,42.373682767870896,-20.83898165347552,-20.83898165347552,-18.135173885347314,-18.135173885347314,-18.473067532573232,-18.473067532573232,-20.501088006249603,-20.501088006249603,-0.36521215638555304,-0.36521215638555304,-0.34662146618364886,-0.34662146618364886,-0.3489436043098806,-0.3489436043098806,-0.3628900182593071,-0.3628900182593071,oncoming,oncoming,1,1,vehicle
55420.69999998493,42.344588791432784,42.344588791432784,-20.860656104076597,-20.860656104076597,-18.154991303014597,-18.154991303014597,-18.493116909611558,-18.493116909611558,-20.522530497479636,-20.522530497479636,-0.21698354363257977,-0.21698354363257977,-0.19839677291726332,-0.19839677291726332,-0.20071841912796629,-0.20071841912796629,-0.2146618974218626,-0.2146618974218626,oncoming,oncoming,1,1,vehicle
55420.79999998493,42.31548330635755,42.31548330635755,-20.882378362201404,-20.882378362201404,-18.17485323993019,-18.17485323993019,-18.513211216398243,-18.513211216398243,-20.54402038573335,-20.54402038573335,-0.1947161285456076,-0.1947161285456076,-0.17191368131335594,-0.17191368131335594,-0.17476189796656172,-0.17476189796656172,-0.1918679118923876,-0.1918679118923876,oncoming,oncoming,1,1,vehicle
55420.89999998493,42.27330914426525,42.27330914426525,-20.89959932978624,-20.89959932978624,-18.18937403927763,-18.18937403927763,-18.528069289205256,-18.528069289205256,-20.560904079858616,-20.560904079858616,-0.10163395430926414,-0.10163395430926414,-0.08355672374646872,-0.08355672374646872,-0.08581471956105702,-0.08581471956105702,-0.09937595849467584,-0.09937595849467584,oncoming,oncoming,1,1,vehicle
55420.99999998493,42.25903240032094,42.25903240032094,-20.902705153064726,-20.902705153064726,-18.191564584680744,-18.191564584680744,-18.53037416031174,-18.53037416031174,-20.56389557743373,-20.56389557743373,-0.025761106138830314,-0.025761106138830314,-0.010188602282738657,-0.010188602282738657,-0.012133734403207086,-0.012133734403207086,-0.023815974018376096,-0.023815974018376096,oncoming,oncoming,1,1,vehicle
55421.09999998492,42.22476771426439,42.22476771426439,-20.904751551013824,-20.904751551013824,-18.191411759734244,-18.191411759734244,-18.530496036085932,-18.530496036085932,-20.565667274662136,-20.565667274662136,-0.04732271827101897,-0.04732271827101897,-0.021930154306886607,-0.021930154306886607,-0.02510188836944849,-0.02510188836944849,-0.04415098420844288,-0.04415098420844288,oncoming,oncoming,1,1,vehicle
55421.19999998492,42.1799911987467,42.1799911987467,-20.912169696718838,-20.912169696718838,-18.19595061554224,-18.19595061554224,-18.535394537985724,-18.535394537985724,-20.572725774275355,-20.572725774275355,-0.11188354970865078,-0.11188354970865078,-0.0900969963050926,-0.0900969963050926,-0.09281830812822989,-0.09281830812822989,-0.1091622378855277,-0.1091622378855277,oncoming,oncoming,1,1,vehicle
55421.29999998492,42.15704299459748,42.15704299459748,-20.92712826095523,-20.92712826095523,-18.209431158995002,-18.209431158995002,-18.549059697711307,-18.549059697711307,-20.587499722238924,-20.587499722238924,0.009354834350062902,0.009354834350062902,0.022964344290159033,0.022964344290159033,0.021264411394582794,0.021264411394582794,0.01105476724562493,0.01105476724562493,oncoming,oncoming,1,1,vehicle
55421.39999998492,42.137749443681614,42.137749443681614,-20.910298729848854,-20.910298729848854,-18.191357746684275,-18.191357746684275,-18.531141655706868,-18.531141655706868,-20.57051482082626,-20.57051482082626,0.0969626788971425,0.0969626788971425,0.11844438260968104,0.11844438260968104,0.1157611552227138,0.1157611552227138,0.09964590628409553,0.09964590628409553,oncoming,oncoming,1,1,vehicle
55421.49999998493,42.09047817247699,42.09047817247699,-20.907735725176746,-20.907735725176746,-18.1857422824735,-18.1857422824735,-18.525907466667263,-18.525907466667263,-20.567570540982985,-20.567570540982985,0.043559593807856345,0.043559593807856345,0.07185146444425072,0.07185146444425072,0.06831759936629567,0.06831759936629567,0.04709345888582561,0.04709345888582561,oncoming,oncoming,1,1,vehicle
55421.59999998492,42.05020601989999,42.05020601989999,-20.901586811087874,-20.901586811087874,-18.176987453795796,-18.176987453795796,-18.517478135834008,-18.517478135834008,-20.561096129049663,-20.561096129049663,0.05492811163010458,0.05492811163010458,0.07707215985401206,0.07707215985401206,0.07430620719607361,0.07430620719607361,0.057694064288057234,0.057694064288057234,oncoming,oncoming,1,1,vehicle
55421.699999984914,42.02208050879537,42.02208050879537,-20.896750102851684,-20.896750102851684,-18.170327850504044,-18.170327850504044,-18.511046225229347,-18.511046225229347,-20.55603172812638,-20.55603172812638,0.08137761117227171,0.08137761117227171,0.10018457503684886,0.10018457503684886,0.09783545139357841,0.09783545139357841,0.08372673481552795,0.08372673481552795,oncoming,oncoming,1,1,vehicle
55421.79999998491,41.992212586005664,41.992212586005664,-20.885311288853767,-20.885311288853767,-18.15695053878896,-18.15695053878896,-18.4979110455558,-18.4979110455558,-20.544350782086926,-20.544350782086926,0.10447031075568702,0.10447031075568702,0.12754582009878845,0.12754582009878845,0.12466352828326421,0.12466352828326421,0.10735260257121126,0.10735260257121126,oncoming,oncoming,1,1,vehicle
55421.89999998491,41.95104176860735,41.95104176860735,-20.87585604070085,-20.87585604070085,-18.14481868648466,-18.14481868648466,-18.486113519573056,-18.486113519573056,-20.53456120761245,-20.53456120761245,0.12755788342914798,0.12755788342914798,0.1549254703532199,0.1549254703532199,0.15150707257869556,0.15150707257869556,0.13097628120367233,0.13097628120367233,oncoming,oncoming,1,1,vehicle
55421.99999998491,41.908106507226265,41.908106507226265,-20.85979971216831,-20.85979971216831,-18.125965444718766,-18.125965444718766,-18.467609631040503,-18.467609631040503,-20.518155525846574,-20.518155525846574,0.28240617158618875,0.28240617158618875,0.3020839805753326,0.3020839805753326,0.2996260909372097,0.2996260909372097,0.28486406122432584,0.28486406122432584,oncoming,oncoming,1,1,vehicle
55422.09999998492,41.890652323251615,41.890652323251615,-20.81937480637678,-20.81937480637678,-18.08440189036277,-18.08440189036277,-18.426188301378794,-18.426188301378794,-20.477588395360755,-20.477588395360755,0.2497500935291299,0.2497500935291299,0.2688938137946053,0.2688938137946053,0.2665026389906586,0.2665026389906586,0.252141268333105,0.252141268333105,oncoming,oncoming,1,1,vehicle
55422.199999984914,41.84947388678521,41.84947388678521,-20.809849693454648,-20.809849693454648,-18.072186681952264,-18.072186681952264,-18.41430910323476,-18.41430910323476,-20.46772727217215,-20.46772727217215,0.19001226468242294,0.19001226468242294,0.21204515128768264,0.21204515128768264,0.20929310302338422,0.20929310302338422,0.19276431294672136,0.19276431294672136,oncoming,oncoming,1,1,vehicle
55422.299999984905,41.823241226803205,41.823241226803205,-20.78137235344361,-20.78137235344361,-18.041992860108937,-18.041992860108937,-18.38432968077777,-18.38432968077777,-20.439035532774778,-20.439035532774778,0.29181985349848105,0.29181985349848105,0.3129731446545776,0.3129731446545776,0.3103309672470118,0.3103309672470118,0.29446203090604683,0.29446203090604683,oncoming,oncoming,1,1,vehicle
55422.39999998488,41.784876830261545,41.784876830261545,-20.7514857227645,-20.7514857227645,-18.00959205303169,-18.00959205303169,-18.3522429097956,-18.3522429097956,-20.40883486600059,-20.40883486600059,0.14809365940836017,0.14809365940836017,0.17330341144975137,0.17330341144975137,0.17015456055543154,0.17015456055543154,0.15124251030268,0.15124251030268,oncoming,oncoming,1,1,vehicle
55422.4999999849,41.746375793970216,41.746375793970216,-20.751753621575535,-20.751753621575535,-18.007332177832648,-18.007332177832648,-18.35029876868034,-18.35029876868034,-20.408787030727844,-20.408787030727844,0.06497288102475807,0.06497288102475807,0.0888290154065885,0.0888290154065885,0.08584924345612421,0.08584924345612421,0.06795265297523656,0.06795265297523656,oncoming,oncoming,1,1,vehicle
55422.5999999849,41.712264656564514,41.712264656564514,-20.73849114656127,-20.73849114656127,-17.991826249951583,-17.991826249951583,-18.33507306110565,-18.33507306110565,-20.395244335407202,-20.395244335407202,0.18284496611279621,0.18284496611279621,0.20613875661874204,0.20613875661874204,0.20322922868673743,0.20322922868673743,0.18575449404480082,0.18575449404480082,oncoming,oncoming,1,1,vehicle
55422.6999999849,41.67560277006555,41.67560277006555,-20.71518462835351,-20.71518462835351,-17.9661044265095,-17.9661044265095,-18.309652922943584,-18.309652922943584,-20.371636131919423,-20.371636131919423,0.2541890093800845,0.2541890093800845,0.2682972721224388,0.2682972721224388,0.266535070534033,0.266535070534033,0.2559512109684903,0.2559512109684903,oncoming,oncoming,1,1,vehicle
55422.799999984905,41.66944115812817,41.66944115812817,-20.687653344683838,-20.687653344683838,-17.93816679552576,-17.93816679552576,-18.2817660469975,-18.2817660469975,-20.344054093212097,-20.344054093212097,0.1775855783119198,0.1775855783119198,0.19434216441410967,0.19434216441410967,0.19224917538714692,0.19224917538714692,0.17967856733889676,0.17967856733889676,oncoming,oncoming,1,1,vehicle
55422.89999998488,41.62483972644054,41.62483972644054,-20.679667512688535,-20.679667512688535,-17.92723599362512,-17.92723599362512,-18.27120308786447,-18.27120308786447,-20.335700418449186,-20.335700418449186,0.1568315025702418,0.1568315025702418,0.18368581237039905,0.18368581237039905,0.1803315651764592,0.1803315651764592,0.16018574976419586,0.16018574976419586,oncoming,oncoming,1,1,vehicle
55422.999999984895,41.58817131904575,41.58817131904575,-20.656287044165786,-20.656287044165786,-17.90142963304814,-17.90142963304814,-18.24569973395861,-18.24569973395861,-20.312016943255315,-20.312016943255315,0.22768722183637635,0.22768722183637635,0.245358060114782,0.245358060114782,0.24315088018765607,0.24315088018765607,0.2298944017635165,0.2298944017635165,oncoming,oncoming,1,1,vehicle
55423.099999984894,41.57144073229761,41.57144073229761,-20.63413006831843,-20.63413006831843,-17.87816438159894,-17.87816438159894,-18.222572911823764,-18.222572911823764,-20.289721538093605,-20.289721538093605,0.1511434864945329,0.1511434864945329,0.1714741857289539,0.1714741857289539,0.16893477905519205,0.16893477905519205,0.15368289316829475,0.15368289316829475,oncoming,oncoming,1,1,vehicle
55423.19999998489,41.52685445432182,41.52685445432182,-20.62605834686732,-20.62605834686732,-17.867134795902846,-17.867134795902846,-18.21191277814806,-18.21191277814806,-20.281280364622106,-20.281280364622106,0.041190151512140005,0.041190151512140005,0.06358863201016618,0.06358863201016618,0.06079095107789101,0.06079095107789101,0.04398783244442939,0.04398783244442939,oncoming,oncoming,1,1,vehicle
55423.29999998488,41.50395187290746,41.50395187290746,-20.625892038015845,-20.625892038015845,-17.865446655196873,-17.865446655196873,-18.21041472160814,-18.21041472160814,-20.28092397160458,-20.28092397160458,0.06212873957123577,0.06212873957123577,0.0744174100130266,0.0744174100130266,0.07288249598016705,0.07288249598016705,0.06366365360409532,0.06366365360409532,oncoming,oncoming,1,1,vehicle
55423.39999998488,41.48987968540432,41.48987968540432,-20.613632598952826,-20.613632598952826,-17.85225131390016,-17.85225131390016,-18.197336278951926,-18.197336278951926,-20.26854763390106,-20.26854763390106,0.14699998032369876,0.14699998032369876,0.1606596062308796,0.1606596062308796,0.15895345483123435,0.15895345483123435,0.1487061317233298,0.1487061317233298,oncoming,oncoming,1,1,vehicle
55423.49999998488,41.462901452541125,41.462901452541125,-20.59649204195153,-20.59649204195153,-17.833314733951166,-17.833314733951166,-18.178624030642354,-18.178624030642354,-20.251182745260344,-20.251182745260344,0.08717163982439047,0.08717163982439047,0.1037502215964139,0.1037502215964139,0.10167948031180174,0.10167948031180174,0.08924238110900262,0.08924238110900262,oncoming,oncoming,1,1,vehicle
55423.59999998489,41.4401013639974,41.4401013639974,-20.596198270988793,-20.596198270988793,-17.831501269581672,-17.831501269581672,-18.177000382890366,-18.177000382890366,-20.2506991576801,-20.2506991576801,0.13117309764557206,0.13117309764557206,0.14197489905036775,0.14197489905036775,0.14062570517134532,0.14062570517134532,0.1325222915245945,0.1325222915245945,oncoming,oncoming,1,1,vehicle
55423.699999984885,41.43049689246246,41.43049689246246,-20.57025742242371,-20.57025742242371,-17.804919754142276,-17.804919754142276,-18.150498889609278,-18.150498889609278,-20.224678286956706,-20.224678286956706,0.05364223459420714,0.05364223459420714,0.06713979063712827,0.06713979063712827,0.06545388647315065,0.06545388647315065,0.05532813875817055,0.05532813875817055,oncoming,oncoming,1,1,vehicle
55423.79999998488,41.399662105627456,41.399662105627456,-20.58546982407011,-20.58546982407011,-17.81807331145444,-17.81807331145444,-18.163909605595926,-18.163909605595926,-20.239633529928625,-20.239633529928625,-0.05705602864384218,-0.05705602864384218,-0.04145984428988925,-0.04145984428988925,-0.043407875450611755,-0.043407875450611755,-0.055107997483133886,-0.055107997483133886,oncoming,oncoming,1,1,vehicle
55423.89999998488,41.38379876688011,41.38379876688011,-20.58166862815231,-20.58166862815231,-17.813211723000133,-17.813211723000133,-18.159180464699272,-18.159180464699272,-20.235699886453173,-20.235699886453173,0.12809348578410606,0.12809348578410606,0.14682957982813605,0.14682957982813605,0.14448936338591523,0.14448936338591523,0.1304337022263269,0.1304337022263269,oncoming,oncoming,1,1,vehicle
55423.99999998488,41.3436585260391,41.3436585260391,-20.55985112691366,-20.55985112691366,-17.788707395489244,-17.788707395489244,-18.135011732919164,-18.135011732919164,-20.21354678948374,-20.21354678948374,0.08304578366286819,0.08304578366286819,0.10769661011312337,0.10769661011312337,0.10461762169552458,0.10461762169552458,0.08612477208043856,0.08612477208043856,oncoming,oncoming,1,1,vehicle
55424.09999998489,41.31020339546442,41.31020339546442,-20.565059471421343,-20.565059471421343,-17.79167240097904,-17.79167240097904,-18.138256940361703,-18.138256940361703,-20.218474932038678,-20.218474932038678,-0.05184761590666653,-0.05184761590666653,-0.029413298739797256,-0.029413298739797256,-0.03221543230742441,-0.03221543230742441,-0.04904548233903938,-0.04904548233903938,oncoming,oncoming,1,1,vehicle
55424.19999998489,41.27679957485141,41.27679957485141,-20.570220650095596,-20.570220650095596,-17.794590055237546,-17.794590055237546,-18.141454819381025,-18.141454819381025,-20.223355885952117,-20.223355885952117,-0.04085747203846779,-0.04085747203846779,-0.024851323986979423,-0.024851323986979423,-0.026850552426509466,-0.026850552426509466,-0.03885824359893775,-0.03885824359893775,oncoming,oncoming,1,1,vehicle
55424.29999998488,41.26255674517438,41.26255674517438,-20.573230965829232,-20.573230965829232,-17.79664266577649,-17.79664266577649,-18.143627050847076,-18.143627050847076,-20.226246580758644,-20.226246580758644,-0.017348398488707062,-0.017348398488707062,0.003092919977646602,0.003092919977646602,0.0005397257871209149,0.0005397257871209149,-0.014795204298195586,-0.014795204298195586,oncoming,oncoming,1,1,vehicle
55424.39999998488,41.216068069042635,41.216068069042635,-20.573690329792974,-20.573690329792974,-17.793971471241704,-17.793971471241704,-18.14134687422328,-18.14134687422328,-20.226314926811398,-20.226314926811398,-0.09495753067487556,-0.09495753067487556,-0.0718171361345128,-0.0718171361345128,-0.07470745266094525,-0.07470745266094525,-0.0920672141484431,-0.0920672141484431,oncoming,oncoming,1,1,vehicle
55424.49999998487,41.19386694526605,41.19386694526605,-20.592222471961925,-20.592222471961925,-17.811006093001225,-17.811006093001225,-18.158568541377086,-18.158568541377086,-20.244660023586064,-20.244660023586064,-0.06805063261094801,-0.06805063261094801,-0.04841400371911675,-0.04841400371911675,-0.05086668382078585,-0.05086668382078585,-0.06559795250927891,-0.06559795250927891,oncoming,oncoming,1,1,vehicle
55424.59999998487,41.15789527068098,41.15789527068098,-20.587300456312764,-20.587300456312764,-17.80365427198326,-17.80365427198326,-18.151520210985154,-18.151520210985154,-20.23943451731087,-20.23943451731087,-0.14711865628468956,-0.14711865628468956,-0.12210611548428574,-0.12210611548428574,-0.12523026128003778,-0.12523026128003778,-0.1439945104889233,-0.1439945104889233,oncoming,oncoming,1,1,vehicle
55424.69999998487,41.11987646356067,41.11987646356067,-20.621646203218436,-20.621646203218436,-17.835427316097725,-17.835427316097725,-18.18361459363273,-18.18361459363273,-20.273458925683432,-20.273458925683432,-0.2353010535025959,-0.2353010535025959,-0.20368323566630409,-0.20368323566630409,-0.20763239474304385,-0.20763239474304385,-0.23135189442584192,-0.23135189442584192,oncoming,oncoming,1,1,vehicle
55424.79999998488,41.06457271790946,41.06457271790946,-20.634360667012874,-20.634360667012874,-17.844390919115572,-17.844390919115572,-18.193046689932885,-18.193046689932885,-20.28570489619556,-20.28570489619556,-0.26994368546939995,-0.26994368546939995,-0.2388446647321274,-0.2388446647321274,-0.2427290190526037,-0.2427290190526037,-0.2660593311489521,-0.2660593311489521,oncoming,oncoming,1,1,vehicle
55424.89999998488,41.02825098944843,41.02825098944843,-20.675634940311305,-20.675634940311305,-17.88319624904259,-17.88319624904259,-18.232160397441756,-18.232160397441756,-20.32667079191214,-20.32667079191214,-0.46377127207708213,-0.46377127207708213,-0.43995331630780754,-0.43995331630780754,-0.4429282403103656,-0.4429282403103656,-0.4607963480745241,-0.4607963480745241,oncoming,oncoming,1,1,vehicle
55424.99999998487,40.994550929277914,40.994550929277914,-20.727114921422825,-20.727114921422825,-17.932381582371896,-17.932381582371896,-18.28163233798969,-18.28163233798969,-20.37786416580503,-20.37786416580503,-0.48643603894738874,-0.48643603894738874,-0.4521557546268866,-0.4521557546268866,-0.4564374419888537,-0.4564374419888537,-0.48215435158542164,-0.48215435158542164,oncoming,oncoming,1,1,vehicle
55425.09999998487,40.92772440168262,40.92772440168262,-20.772922148095414,-20.772922148095414,-17.973627399962783,-17.973627399962783,-18.32344788583432,-18.32344788583432,-20.42310166222388,-20.42310166222388,-0.41884354982452976,-0.41884354982452976,-0.38600123937136743,-0.38600123937136743,-0.3901033155103164,-0.3901033155103164,-0.4147414736855808,-0.4147414736855808,oncoming,oncoming,1,1,vehicle
55425.19999998486,40.89838917874195,40.89838917874195,-20.810883631384037,-20.810883631384037,-18.009581830242624,-18.009581830242624,-18.35965300108819,-18.35965300108819,-20.46081246053847,-20.46081246053847,-0.6411102414450056,-0.6411102414450056,-0.6120197767254041,-0.6120197767254041,-0.6156532306353313,-0.6156532306353313,-0.6374767875350642,-0.6374767875350642,oncoming,oncoming,1,1,vehicle
55425.29999998486,40.84280227005412,40.84280227005412,-20.90114419638169,-20.90114419638169,-18.096031355305303,-18.096031355305303,-18.446578531958806,-18.446578531958806,-20.550597019728187,-20.550597019728187,-0.7729872247382588,-0.7729872247382588,-0.739357900607331,-0.739357900607331,-0.743558260819654,-0.743558260819654,-0.7687868645259499,-0.7687868645259499,oncoming,oncoming,1,1,vehicle
55425.39999998486,40.80038915030979,40.80038915030979,-20.96548107632944,-20.96548107632944,-18.15745341036194,-18.15745341036194,-18.508364653249956,-18.508364653249956,-20.614569833441422,-20.614569833441422,-0.7631827480678339,-0.7631827480678339,-0.7361130151509911,-0.7361130151509911,-0.7394940651906552,-0.7394940651906552,-0.7598016980281841,-0.7598016980281841,oncoming,oncoming,1,1,vehicle
55425.49999998487,40.76409489179714,40.76409489179714,-21.05378074600763,-21.05378074600763,-18.24325395834762,-18.24325395834762,-18.594477345009086,-18.594477345009086,-20.702557359346162,-20.702557359346162,-0.8794110134330708,-0.8794110134330708,-0.8474902134764477,-0.8474902134764477,-0.8514771614084964,-0.8514771614084964,-0.8754240655010221,-0.8754240655010221,oncoming,oncoming,1,1,vehicle
55425.59999998487,40.70780119603476,40.70780119603476,-21.141363279026393,-21.141363279026393,-18.3269514530674,-18.3269514530674,-18.678660085541846,-18.678660085541846,-20.78965464655195,-20.78965464655195,-1.013249672850165,-1.013249672850165,-0.9768112061174747,-0.9768112061174747,-0.9813624087346255,-0.9813624087346255,-1.008698470233,-1.008698470233,oncoming,oncoming,1,1,vehicle
55425.699999984856,40.65862465941265,40.65862465941265,-21.25643068055597,-21.25643068055597,-18.438616199549987,-18.438616199549987,-18.790749826734814,-18.790749826734814,-20.904297053371142,-20.904297053371142,-1.2139427856467222,-1.2139427856467222,-1.176942661747674,-1.176942661747674,-1.1815640056694008,-1.1815640056694008,-1.2093214417249811,-1.2093214417249811,oncoming,oncoming,1,1,vehicle
55425.79999998485,40.60100453931455,40.60100453931455,-21.384151836126627,-21.384151836126627,-18.562339985388697,-18.562339985388697,-18.91497288664738,-18.91497288664738,-21.031518934867943,-21.031518934867943,-1.4696812119005784,-1.4696812119005784,-1.4303193228430047,-1.4303193228430047,-1.435235642954467,-1.435235642954467,-1.4647648917891019,-1.4647648917891019,oncoming,oncoming,1,1,vehicle
55425.89999998485,40.545303786925125,40.545303786925125,-21.550366922937407,-21.550366922937407,-18.724680064120044,-18.724680064120044,-19.07779695532715,-19.07779695532715,-21.197250031730302,-21.197250031730302,-1.474050215266871,-1.474050215266871,-1.434699264217727,-1.434699264217727,-1.4396142070688427,-1.4396142070688427,-1.4691352724157554,-1.4691352724157554,oncoming,oncoming,1,1,vehicle
55425.99999998485,40.48803530230162,40.48803530230162,-21.678961879189174,-21.678961879189174,-18.84927983824125,-18.84927983824125,-19.202895728070178,-19.202895728070178,-21.325345989360248,-21.325345989360248,-1.4638319181862727,-1.4638319181862727,-1.4313046446962545,-1.4313046446962545,-1.4353673013111887,-1.4353673013111887,-1.4597692615713385,-1.4597692615713385,oncoming,oncoming,1,1,vehicle
55426.09999998485,40.45213472072628,40.45213472072628,-21.8431333065704,-21.8431333065704,-19.01094099305513,-19.01094099305513,-19.36487041558521,-19.36487041558521,-21.48920388404032,-21.48920388404032,-1.6068058956109041,-1.6068058956109041,-1.574103368400273,-1.574103368400273,-1.5781879049216627,-1.5781879049216627,-1.6027213590895428,-1.6027213590895428,oncoming,oncoming,1,1,vehicle
55426.199999984856,40.39462936651885,40.39462936651885,-22.000323058317864,-22.000323058317864,-19.16410051192756,-19.16410051192756,-19.518533309060796,-19.518533309060796,-21.64589026118463,-21.64589026118463,-1.6571152213792146,-1.6571152213792146,-1.611418483836644,-1.611418483836644,-1.6171259812660992,-1.6171259812660992,-1.6514077239497738,-1.6514077239497738,oncoming,oncoming,1,1,vehicle
55426.29999998485,40.32196443250935,40.32196443250935,-22.17455635083894,-22.17455635083894,-19.333224689815445,-19.333224689815445,-19.68829561183138,-19.68829561183138,-21.819485428823008,-21.819485428823008,-1.8458546027052307,-1.8458546027052307,-1.7994819458918982,-1.7994819458918982,-1.8052738517854436,-1.8052738517854436,-1.8400626968117137,-1.8400626968117137,oncoming,oncoming,1,1,vehicle
55426.399999984846,40.26291439946095,40.26291439946095,-22.369493978841614,-22.369493978841614,-19.523996901089188,-19.523996901089188,-19.87958807940106,-19.87958807940106,-22.013902800529742,-22.013902800529742,-2.057441604929039,-2.057441604929039,-2.0150983395291178,-2.0150983395291178,-2.0203869636599023,-2.0203869636599023,-2.052152980798269,-2.052152980798269,oncoming,oncoming,1,1,vehicle
55426.49999998485,40.202091845207214,40.202091845207214,-22.586044671835303,-22.586044671835303,-19.73624435773163,-19.73624435773163,-20.09237300457374,-20.09237300457374,-22.22991602499319,-22.22991602499319,-2.117033072029443,-2.117033072029443,-2.073157578999428,-2.073157578999428,-2.0786375630766543,-2.0786375630766543,-2.1115530879522026,-2.1115530879522026,oncoming,oncoming,1,1,vehicle
55426.59999998484,40.13908018711908,40.13908018711908,-22.792900593242752,-22.792900593242752,-19.938628416884473,-19.938628416884473,-20.295315592011775,-20.295315592011775,-22.43621341811545,-22.43621341811545,-2.126824895503759,-2.126824895503759,-2.0875662865663713,-2.0875662865663713,-2.0924696179124993,-2.0924696179124993,-2.1219215641576312,-2.1219215641576312,oncoming,oncoming,1,1,vehicle
55426.699999984834,40.09158643590029,40.09158643590029,-23.011409650898916,-23.011409650898916,-20.15375761500845,-20.15375761500845,-20.5108669281197,-20.5108669281197,-22.654300337787664,-22.654300337787664,-2.2868778925026447,-2.2868778925026447,-2.2509282551126546,-2.2509282551126546,-2.2554182910964755,-2.2554182910964755,-2.282387856518824,-2.282387856518824,oncoming,oncoming,1,1,vehicle
55426.79999998483,40.03818189890406,40.03818189890406,-23.250276171721467,-23.250276171721467,-20.388814067885527,-20.388814067885527,-20.74639925020955,-20.74639925020955,-22.892690989397444,-22.892690989397444,-2.3613738657749366,-2.3613738657749366,-2.319972831917724,-2.319972831917724,-2.3251437245257165,-2.3251437245257165,-2.356202973166944,-2.356202973166944,oncoming,oncoming,1,1,vehicle
55426.89999998483,39.97570634247621,39.97570634247621,-23.48368442404703,-23.48368442404703,-20.61775218138524,-20.61775218138524,-20.975895673018076,-20.975895673018076,-23.125540932414193,-23.125540932414193,-2.5426216084965034,-2.5426216084965034,-2.4906417205691866,-2.4906417205691866,-2.4971338692727585,-2.4971338692727585,-2.5361294597929316,-2.5361294597929316,oncoming,oncoming,1,1,vehicle
55426.99999998484,39.893185376192925,39.893185376192925,-23.7588004934349,-23.7588004934349,-20.886942412013166,-20.886942412013166,-21.245826024077942,-21.245826024077942,-23.399916881370125,-23.399916881370125,-2.788618840348306,-2.788618840348306,-2.7375062645637485,-2.7375062645637485,-2.7438900722416975,-2.7438900722416975,-2.782235032670343,-2.782235032670343,oncoming,oncoming,1,1,vehicle
55427.09999998484,39.83356412136592,39.83356412136592,-24.041408192149156,-24.041408192149156,-21.165253434329856,-21.165253434329856,-21.52467368749836,-21.52467368749836,-23.68198793898065,-23.68198793898065,-2.7166885718252303,-2.7166885718252303,-2.6730779761996644,-2.6730779761996644,-2.6785247928090996,-2.6785247928090996,-2.711241755215781,-2.711241755215781,oncoming,oncoming,1,1,vehicle
55427.199999984834,39.77234198638695,39.77234198638695,-24.302138207795224,-24.302138207795224,-21.42155800724852,-21.42155800724852,-21.781530982635168,-21.781530982635168,-23.942165232408577,-23.942165232408577,-2.8187955885660188,-2.8187955885660188,-2.7674280518939014,-2.7674280518939014,-2.773843665584792,-2.773843665584792,-2.8123799748751424,-2.8123799748751424,oncoming,oncoming,1,1,vehicle
55427.29999998483,39.691727012832544,39.691727012832544,-24.605167309836727,-24.605167309836727,-21.71873904468342,-21.71873904468342,-22.079442420590052,-22.079442420590052,-24.244463933930096,-24.244463933930096,-2.8438111519432425,-2.8438111519432425,-2.7933333792174295,-2.7933333792174295,-2.7996378489371097,-2.7996378489371097,-2.8375066822235624,-2.8375066822235624,oncoming,oncoming,1,1,vehicle
55427.39999998483,39.633380241984604,39.633380241984604,-24.870900438175596,-24.870900438175596,-21.980224683083875,-21.980224683083875,-22.34145855241444,-22.34145855241444,-24.50966656884503,-24.50966656884503,-2.700137654957615,-2.700137654957615,-2.6558336264674836,-2.6558336264674836,-2.6613670037677792,-2.6613670037677792,-2.6946042776573194,-2.6946042776573194,oncoming,oncoming,1,1,vehicle
55427.49999998484,39.57020211189351,39.57020211189351,-25.14519484084066,-25.14519484084066,-22.249905769989105,-22.249905769989105,-22.611715821355823,-22.611715821355823,-24.783384789473942,-24.783384789473942,-3.0111806087314648,-3.0111806087314648,-2.9545950122507776,-2.9545950122507776,-2.961662280689808,-2.961662280689808,-3.0041133402924345,-3.0041133402924345,oncoming,oncoming,1,1,vehicle
55427.59999998484,39.47875325852459,39.47875325852459,-25.473136559956945,-25.473136559956945,-22.571143685568426,-22.571143685568426,-22.93379100858688,-22.93379100858688,-25.11048923693849,-25.11048923693849,-3.1580096955010077,-3.1580096955010077,-3.1095055095516386,-3.1095055095516386,-3.115563435375151,-3.115563435375151,-3.1519517696774813,-3.1519517696774813,oncoming,oncoming,1,1,vehicle
55427.699999984834,39.43800620412344,39.43800620412344,-25.776796779935204,-25.776796779935204,-22.871806871893376,-22.871806871893376,-23.234828508424847,-23.234828508424847,-25.413775143403733,-25.413775143403733,-3.1163098227655155,-3.1163098227655155,-3.076377539921154,-3.076377539921154,-3.0813648617608607,-3.0813648617608607,-3.1113225009258088,-3.1113225009258088,oncoming,oncoming,1,1,vehicle
55427.799999984825,39.37035716847233,39.37035716847233,-26.09639852445563,-26.09639852445563,-23.186419193498935,-23.186419193498935,-23.550063980885245,-23.550063980885245,-25.73275373706932,-25.73275373706932,-3.1743134869256266,-3.1743134869256266,-3.121073284773189,-3.121073284773189,-3.1277226755719454,-3.1277226755719454,-3.1676640961268703,-3.1676640961268703,oncoming,oncoming,1,1,vehicle
55427.89999998482,39.29391499836851,39.29391499836851,-26.411659477264898,-26.411659477264898,-23.496021528793513,-23.496021528793513,-23.860373043484618,-23.860373043484618,-26.047307962573793,-26.047307962573793,-3.2741623804230073,-3.2741623804230073,-3.225362712195434,-3.225362712195434,-3.231457490055476,-3.231457490055476,-3.2680676025630078,-3.2680676025630078,oncoming,oncoming,1,1,vehicle
55427.999999984815,39.238695550229714,39.238695550229714,-26.751231000508653,-26.751231000508653,-23.83149173590705,-23.83149173590705,-24.196355478865293,-24.196355478865293,-26.38636725755041,-26.38636725755041,-3.25010105519533,-3.25010105519533,-3.2012579304591497,-3.2012579304591497,-3.20735811560057,-3.20735811560057,-3.244000870053924,-3.244000870053924,oncoming,oncoming,1,1,vehicle
55428.09999998481,39.1626465743441,39.1626465743441,-27.061679688294504,-27.061679688294504,-24.136273114876026,-24.136273114876026,-24.501844666595396,-24.501844666595396,-26.696108136575134,-26.696108136575134,-3.305296466369583,-3.305296466369583,-3.25060266464331,-3.25060266464331,-3.257433542148746,-3.257433542148746,-3.298465588864161,-3.298465588864161,oncoming,oncoming,1,1,vehicle
55428.19999998481,39.092173531390905,39.092173531390905,-27.41229029377295,-27.41229029377295,-24.48161226882625,-24.48161226882625,-24.84784218728556,-24.84784218728556,-27.04606037531364,-27.04606037531364,-3.495436089358151,-3.495436089358151,-3.4427297743967813,-3.4427297743967813,-3.449312407462955,-3.449312407462955,-3.4888534562919915,-3.4888534562919915,oncoming,oncoming,1,1,vehicle
55428.29999998482,39.02197530764341,39.02197530764341,-27.76076690618124,-27.76076690618124,-24.824819069770257,-24.824819069770257,-25.19170714810289,-25.19170714810289,-27.393878827848607,-27.393878827848607,-3.3969338358656103,-3.3969338358656103,-3.351771095962974,-3.351771095962974,-3.357411576751744,-3.357411576751744,-3.3912933550768685,-3.3912933550768685,oncoming,oncoming,1,1,vehicle
55428.39999998482,38.972006535341414,38.972006535341414,-28.09167706096218,-28.09167706096218,-25.15196648803465,-25.15196648803465,-25.51932450265175,-25.51932450265175,-27.72431904634508,-27.72431904634508,-3.366903547894765,-3.366903547894765,-3.31832587419305,-3.31832587419305,-3.3243928340791626,-3.3243928340791626,-3.3608365880086524,-3.3608365880086524,oncoming,oncoming,1,1,vehicle
55428.499999984815,38.89321463618017,38.89321463618017,-28.434147615750394,-28.434147615750394,-25.48848424459921,-25.48848424459921,-25.85658571490905,-25.85658571490905,-28.066046145440556,-28.066046145440556,-3.4698195268709355,-3.4698195268709355,-3.4213827280459412,-3.4213827280459412,-3.4274320804422302,-3.4274320804422302,-3.4637701744746323,-3.4637701744746323,oncoming,oncoming,1,1,vehicle
55428.59999998481,38.843945886094765,38.843945886094765,-28.78564096632627,-28.78564096632627,-25.836243033633878,-25.836243033633878,-26.20481091873022,-26.20481091873022,-28.417073081229926,-28.417073081229926,-3.334718030663339,-3.334718030663339,-3.2928625563918246,-3.2928625563918246,-3.298089939892634,-3.298089939892634,-3.329490647162544,-3.329490647162544,oncoming,oncoming,1,1,vehicle
55428.69999998481,38.78295104037501,38.78295104037501,-29.101091221873354,-29.101091221873354,-26.147056755867993,-26.147056755867993,-26.516203702877974,-26.516203702877974,-28.731944274863373,-28.731944274863373,-3.226088653859449,-3.226088653859449,-3.181944244622315,-3.181944244622315,-3.1874574832191627,-3.1874574832191627,-3.22057541526263,-3.22057541526263,oncoming,oncoming,1,1,vehicle
55428.79999998482,38.72796412934149,38.72796412934149,-29.430858697113283,-29.430858697113283,-26.472631882573307,-26.472631882573307,-26.842302415389035,-26.842302415389035,-29.061188164297555,-29.061188164297555,-3.3625957618623374,-3.3625957618623374,-3.319531856984412,-3.319531856984412,-3.3249101359243696,-3.3249101359243696,-3.3572174829223798,-3.3572174829223798,oncoming,oncoming,1,1,vehicle
55428.89999998482,38.67015417926208,38.67015417926208,-29.773610374259558,-29.773610374259558,-26.810963127278438,-26.810963127278438,-27.181185730076436,-27.181185730076436,-29.40338777146156,-29.40338777146156,-3.5344210276059584,-3.5344210276059584,-3.485363915070934,-3.485363915070934,-3.4914906721980117,-3.4914906721980117,-3.5282942704789093,-3.5282942704789093,oncoming,oncoming,1,1,vehicle
55428.999999984815,38.59988438749352,38.59988438749352,-30.137742902624193,-30.137742902624193,-27.169704665577353,-27.169704665577353,-27.54060054981848,-27.54060054981848,-29.766847018383068,-29.766847018383068,-3.3944696336356515,-3.3944696336356515,-3.351949079487639,-3.351949079487639,-3.3572594720594395,-3.3572594720594395,-3.3891592410638793,-3.3891592410638793,oncoming,oncoming,1,1,vehicle
55429.099999984806,38.55942199583972,38.55942199583972,-30.452504300955702,-30.452504300955702,-27.481352943145247,-27.481352943145247,-27.852637624457568,-27.852637624457568,-30.08121961964338,-30.08121961964338,-3.24696601215976,-3.24696601215976,-3.205726130377627,-3.205726130377627,-3.2108765636533576,-3.2108765636533576,-3.2418155788840295,-3.2418155788840295,oncoming,oncoming,1,1,vehicle
55429.199999984805,38.4928672721059,38.4928672721059,-30.787136105024516,-30.787136105024516,-27.810849891621523,-27.810849891621523,-28.182775862517758,-28.182775862517758,-30.41521013412828,-30.41521013412828,-3.166489888638381,-3.166489888638381,-3.120125185414338,-3.120125185414338,-3.1259156432114708,-3.1259156432114708,-3.160699430841248,-3.160699430841248,oncoming,oncoming,1,1,vehicle
55429.2999999848,38.43939888931928,38.43939888931928,-31.085802278674166,-31.085802278674166,-28.105377980219032,-28.105377980219032,-28.477820753090764,-28.477820753090764,-30.713359505802433,-30.713359505802433,-3.0959681020592598,-3.0959681020592598,-3.0496488475505146,-3.0496488475505146,-3.0554336115991134,-3.0554336115991134,-3.0901833380106893,-3.0901833380106893,oncoming,oncoming,1,1,vehicle
55429.3999999848,38.3733740978894,38.3733740978894,-31.406329725427362,-31.406329725427362,-28.42077966112275,-28.42077966112275,-28.793862584828688,-28.793862584828688,-31.033246801721425,-31.033246801721425,-3.0344520084160536,-3.0344520084160536,-2.9968282794691277,-2.9968282794691277,-3.0015270591098613,-3.0015270591098613,-3.02975322877532,-3.02975322877532,oncoming,oncoming,1,1,vehicle
55429.499999984815,38.34255073301024,38.34255073301024,-31.692692680387726,-31.692692680387726,-28.704743636143174,-28.704743636143174,-29.078126164943054,-29.078126164943054,-31.319310151587846,-31.319310151587846,-2.9769616288643874,-2.9769616288643874,-2.9380487081509443,-2.9380487081509443,-2.9429084780478547,-2.9429084780478547,-2.9721018589674486,-2.9721018589674486,oncoming,oncoming,1,1,vehicle
55429.599999984806,38.27355913785568,38.27355913785568,-32.00172205120829,-32.00172205120829,-29.00838940276147,-29.00838940276147,-29.38244428044673,-29.38244428044673,-31.627667173523026,-31.627667173523026,-3.0400832582490125,-3.0400832582490125,-2.995110962316403,-2.995110962316403,-3.0007274673962456,-3.0007274673962456,-3.03446675316917,-3.03446675316917,oncoming,oncoming,1,1,vehicle
55429.699999984805,38.22742440208158,38.22742440208158,-32.30070933200583,-32.30070933200583,-29.303765828575344,-29.303765828575344,-29.678271658391115,-29.678271658391115,-31.92620350219006,-31.92620350219006,-2.8495435005750096,-2.8495435005750096,-2.8144200234328878,-2.8144200234328878,-2.8188065165780927,-2.8188065165780927,-2.8451570074297763,-2.8451570074297763,oncoming,oncoming,1,1,vehicle
55429.7999999848,38.183908955771294,38.183908955771294,-32.571630751315,-32.571630751315,-29.571273407439858,-29.571273407439858,-29.946205583754146,-29.946205583754146,-32.1966985750007,-32.1966985750007,-2.7721737887374047,-2.7721737887374047,-2.731498150367429,-2.731498150367429,-2.736578027910639,-2.736578027910639,-2.767093911194223,-2.767093911194223,oncoming,oncoming,1,1,vehicle
55429.8999999848,38.12389066404924,38.12389066404924,-32.855144089745245,-32.855144089745245,-29.85006545864088,-29.85006545864088,-30.225587263965277,-30.225587263965277,-32.47962228442085,-32.47962228442085,-2.6224155849931208,-2.6224155849931208,-2.5876711300156217,-2.5876711300156217,-2.5920102697211007,-2.5920102697211007,-2.6180764452876986,-2.6180764452876986,oncoming,oncoming,1,1,vehicle
55429.99999998479,38.09563817539877,38.09563817539877,-33.096113868290004,-33.096113868290004,-30.08880763341954,-30.08880763341954,-30.4646076376749,-30.4646076376749,-32.720313864034644,-32.720313864034644,-2.512071717645597,-2.512071717645597,-2.470570806293523,-2.470570806293523,-2.475753724477755,-2.475753724477755,-2.5068887994613647,-2.5068887994613647,oncoming,oncoming,1,1,vehicle
55430.09999998479,38.01883232738377,38.01883232738377,-33.35755843325026,-33.35755843325026,-30.344179619875632,-30.344179619875632,-30.720738008836854,-30.720738008836854,-32.98100004428904,-32.98100004428904,-2.4651730150820867,-2.4651730150820867,-2.4189813380511396,-2.4189813380511396,-2.4247500618226923,-2.4247500618226923,-2.459404291310477,-2.459404291310477,oncoming,oncoming,1,1,vehicle
55430.19999998478,37.978914497032626,37.978914497032626,-33.58914847128348,-33.58914847128348,-30.57260390100709,-30.57260390100709,-30.949557650016725,-30.949557650016725,-33.212194722273836,-33.212194722273836,-2.365906020967145,-2.365906020967145,-2.330662311697637,-2.330662311697637,-2.335063767243213,-2.335063767243213,-2.3615045654215123,-2.3615045654215123,oncoming,oncoming,1,1,vehicle
55430.29999998478,37.930067191289254,37.930067191289254,-33.830739637420315,-33.830739637420315,-30.81031208219209,-30.81031208219209,-31.187750762262393,-31.187750762262393,-33.45330095735001,-33.45330095735001,-2.2751640167370226,-2.2751640167370226,-2.2424267603093995,-2.2424267603093995,-2.2465151870990496,-2.2465151870990496,-2.2710755899474577,-2.2710755899474577,oncoming,oncoming,1,1,vehicle
55430.39999998479,37.89662122546884,37.89662122546884,-34.04418127463877,-34.04418127463877,-31.0210892530768,-31.0210892530768,-31.398860687444373,-31.398860687444373,-33.6664098402712,-33.6664098402712,-2.1190892156756433,-2.1190892156756433,-2.0829587579512747,-2.0829587579512747,-2.0874709367411697,-2.0874709367411697,-2.1145770368857484,-2.1145770368857484,oncoming,oncoming,1,1,vehicle
55430.49999998479,37.83949762442658,37.83949762442658,-34.25455748058011,-34.25455748058011,-31.226903833806592,-31.226903833806592,-31.60524494963493,-31.60524494963493,-33.87621636475178,-33.87621636475178,-2.0123176567038,-2.0123176567038,-1.9779702155925634,-1.9779702155925634,-1.9822597145850125,-1.9822597145850125,-2.0080281577113226,-2.0080281577113226,oncoming,oncoming,1,1,vehicle
55430.59999998479,37.81066258905572,37.81066258905572,-34.44664480598964,-34.44664480598964,-31.416683296205115,-31.416683296205115,-31.795312630371214,-31.795312630371214,-34.06801547182354,-34.06801547182354,-1.7268509687709752,-1.7268509687709752,-1.6935018234201493,-1.6935018234201493,-1.6976666384368855,-1.6976666384368855,-1.7226861537542106,-1.7226861537542106,oncoming,oncoming,1,1,vehicle
55430.69999998478,37.756282829708155,37.756282829708155,-34.59992767431954,-34.59992767431954,-31.565604198476347,-31.565604198476347,-31.94477827730797,-31.94477827730797,-34.22075359548791,-34.22075359548791,-1.6001079263560598,-1.6001079263560598,-1.564292904170145,-1.564292904170145,-1.56876566379961,-1.56876566379961,-1.5956351667265665,-1.5956351667265665,oncoming,oncoming,1,1,vehicle
55430.79999998478,37.72144518283365,37.72144518283365,-34.766666391245536,-34.766666391245536,-31.729541877024303,-31.729541877024303,-32.10906576311624,-32.10906576311624,-34.3871425051536,-34.3871425051536,-1.507833765674036,-1.507833765674036,-1.477809628862019,-1.477809628862019,-1.4815591850616272,-1.4815591850616272,-1.5040842094744846,-1.5040842094744846,oncoming,oncoming,1,1,vehicle
55430.89999998479,37.68167704522035,37.68167704522035,-34.90149442745861,-34.90149442745861,-31.861166124252854,-31.861166124252854,-32.241090114324415,-32.241090114324415,-34.52157043738705,-34.52157043738705,-1.365628684693803,-1.365628684693803,-1.3360553042130334,-1.3360553042130334,-1.339748561640647,-1.339748561640647,-1.3619354272661894,-1.3619354272661894,oncoming,oncoming,1,1,vehicle
55430.99999998479,37.64809261134101,37.64809261134101,-35.03979212820019,-35.03979212820019,-31.99675293788246,-31.99675293788246,-32.37701547545996,-32.37701547545996,-34.65952959062269,-34.65952959062269,-1.1257806982536351,-1.1257806982536351,-1.0986008332969561,-1.0986008332969561,-1.1019951715625496,-1.1019951715625496,-1.1223863599880133,-1.1223863599880133,oncoming,oncoming,1,1,vehicle
55431.09999998479,37.61439251295489,37.61439251295489,-35.12665056711799,-35.12665056711799,-32.08088629092079,-32.08088629092079,-32.461489148645484,-32.461489148645484,-34.746047709393295,-34.746047709393295,-0.983283917315589,-0.983283917315589,-0.9564194325070332,-0.9564194325070332,-0.9597743792687652,-0.9597743792687652,-0.979928970553857,-0.979928970553857,oncoming,oncoming,1,1,vehicle
55431.199999984776,37.58170574184688,37.58170574184688,-35.2364489116428,-35.2364489116428,-32.18803682436381,-32.18803682436381,-32.56897035129361,-32.56897035129361,-34.85551538471301,-34.85551538471301,-1.099314643283833,-1.099314643283833,-1.067352555827057,-1.067352555827057,-1.0713441041864087,-1.0713441041864087,-1.0953230949244812,-1.0953230949244812,oncoming,oncoming,1,1,vehicle
55431.29999998477,37.53557601531114,37.53557601531114,-35.34651349574758,-35.34651349574758,-32.29435680205973,-32.29435680205973,-32.67575796945621,-32.67575796945621,-34.965112328351104,-34.965112328351104,-0.9057171711879732,-0.9057171711879732,-0.8760045189909818,-0.8760045189909818,-0.8797151437395883,-0.8797151437395883,-0.9020065464393383,-0.9020065464393383,oncoming,oncoming,1,1,vehicle
55431.399999984766,37.50855250280972,37.50855250280972,-35.417592345868336,-35.417592345868336,-32.36323772815036,-32.36323772815036,-32.74491338002983,-32.74491338002983,-35.03591669398887,-35.03591669398887,-0.5813635476018817,-0.5813635476018817,-0.5657222660771026,-0.5657222660771026,-0.5676756037690609,-0.5676756037690609,-0.5794102099099234,-0.5794102099099234,oncoming,oncoming,1,1,vehicle
55431.49999998477,37.4971257608907,37.4971257608907,-35.462786205268614,-35.462786205268614,-32.40750125527583,-32.40750125527583,-32.7892930902107,-32.7892930902107,-35.08099437033375,-35.08099437033375,-0.48584226275343667,-0.48584226275343667,-0.4629750316673835,-0.4629750316673835,-0.4658307659981631,-0.4658307659981631,-0.4829865284226571,-0.4829865284226571,oncoming,oncoming,1,1,vehicle
55431.59999998476,37.452446350447524,37.452446350447524,-35.514760798416624,-35.514760798416624,-32.455832734481895,-32.455832734481895,-32.838079533227464,-32.838079533227464,-35.132513999671055,-35.132513999671055,-0.24206278175489615,-0.24206278175489615,-0.21592418118143542,-0.21592418118143542,-0.21918845228196915,-0.21918845228196915,-0.23879851065436242,-0.23879851065436242,oncoming,oncoming,1,1,vehicle
55431.69999998477,37.43304581403792,37.43304581403792,-35.51119876161081,-35.51119876161081,-32.450686091503705,-32.450686091503705,-32.833130780658635,-32.833130780658635,-35.12875407245588,-35.12875407245588,-0.01358304494630147,-0.01358304494630147,0.006050500927074154,0.006050500927074154,0.003598606121300918,0.003598606121300918,-0.011131150140556656,-0.011131150140556656,oncoming,oncoming,1,1,vehicle
55431.79999998477,37.40440790027606,37.40440790027606,-35.51747740740523,-35.51747740740523,-32.454622634295795,-32.454622634295795,-32.83735981200252,-32.83735981200252,-35.13474022969851,-35.13474022969851,-0.09526902360690315,-0.09526902360690315,-0.07854579508796178,-0.07854579508796178,-0.08063423926967062,-0.08063423926967062,-0.09318057942522273,-0.09318057942522273,oncoming,oncoming,1,1,vehicle
55431.899999984766,37.392162752681074,37.392162752681074,-35.53025256633191,-35.53025256633191,-32.466395250521074,-32.466395250521074,-32.84925762851233,-32.84925762851233,-35.14739018834065,-35.14739018834065,-0.07852761778724471,-0.07852761778724471,-0.06674902477269029,-0.06674902477269029,-0.06821996719043,-0.06821996719043,-0.077056675369505,-0.077056675369505,oncoming,oncoming,1,1,vehicle
55431.99999998477,37.37564763849943,37.37564763849943,-35.533182930962305,-35.533182930962305,-32.467972439249884,-32.467972439249884,-32.851003805440165,-32.851003805440165,-35.150151564772024,-35.150151564772024,0.05159426105115017,0.05159426105115017,0.06810325001063688,0.06810325001063688,0.06604156487330215,0.06604156487330215,0.053655946188484904,0.053655946188484904,oncoming,oncoming,1,1,vehicle
55432.09999998476,37.351890876640184,37.351890876640184,-35.519933714124186,-35.519933714124186,-32.452774600521586,-32.452774600521586,-32.83604931554029,-32.83604931554029,-35.13665899910548,-35.13665899910548,0.05166752514051609,0.05166752514051609,0.0681885601021861,0.0681885601021861,0.06612537234371985,0.06612537234371985,0.05373071289901077,0.05373071289901077,oncoming,oncoming,1,1,vehicle
55432.19999998477,37.335381956687534,37.335381956687534,-35.5228494259367,-35.5228494259367,-32.45433472723208,-32.45433472723208,-32.83777873097404,-32.83777873097404,-35.13940542219474,-35.13940542219474,-0.028641482835581655,-0.028641482835581655,-0.015101229354229417,-0.015101229354229417,-0.016792168026483978,-0.016792168026483978,-0.026950544163355517,-0.026950544163355517,oncoming,oncoming,1,1,vehicle
55432.29999998477,37.31892555367468,37.31892555367468,-35.525662010691434,-35.525662010691434,-32.45579484639251,-32.45579484639251,-32.83940774914567,-32.83940774914567,-35.14204910793827,-35.14204910793827,0.10230431377894433,0.10230431377894433,0.11130659499190187,0.11130659499190187,0.11018236958264538,0.11018236958264538,0.10342853918817241,0.10342853918817241,oncoming,oncoming,1,1,vehicle
55432.399999984766,37.31347773116682,37.31347773116682,-35.502388563181206,-35.502388563181206,-32.432073408234025,-32.432073408234025,-32.81574225705783,-32.81574225705783,-35.118719714357404,-35.118719714357404,0.15035135333963012,0.15035135333963012,0.16117500888415748,0.16117500888415748,0.15982332736888338,0.15982332736888338,0.1517030348548758,0.1517030348548758,oncoming,oncoming,1,1,vehicle
55432.49999998477,37.292615892585914,37.292615892585914,-35.495591740024054,-35.495591740024054,-32.42355984461608,-32.42355984461608,-32.80744308367231,-32.80744308367231,-35.11170850096782,-35.11170850096782,0.06867272504771904,0.06867272504771904,0.08025517598892407,0.08025517598892407,0.07880873492905494,0.07880873492905494,0.07011916610758817,0.07011916610758817,oncoming,oncoming,1,1,vehicle
55432.59999998476,37.285333224234584,37.285333224234584,-35.48865401817188,-35.48865401817188,-32.416022373036334,-32.416022373036334,-32.799980510072125,-32.799980510072125,-35.10469588113609,-35.10469588113609,0.15119012842572488,0.15119012842572488,0.15642867185528075,0.15642867185528075,0.1557744718671188,0.1557744718671188,0.15184432841391526,0.15184432841391526,oncoming,oncoming,1,1,vehicle
55432.699999984754,37.27989558181115,37.27989558181115,-35.465353714341546,-35.465353714341546,-32.392274110247754,-32.392274110247754,-32.77628818930161,-32.77628818930161,-35.08133963528769,-35.08133963528769,0.0697107099061327,0.0697107099061327,0.07755646325534826,0.07755646325534826,0.07657667009317493,0.07657667009317493,0.07069050306833446,0.07069050306833446,oncoming,oncoming,1,1,vehicle
55432.799999984745,37.26629270956532,37.26629270956532,-35.47471187619187,-35.47471187619187,-32.400511080386615,-32.400511080386615,-32.78466517605483,-32.78466517605483,-35.09055778052365,-35.09055778052365,-0.012883567200162815,-0.012883567200162815,0.0013349502966377713,0.0013349502966377713,-0.0004406850437419507,-0.0004406850437419507,-0.011107931859811515,-0.011107931859811515,oncoming,oncoming,1,1,vehicle
55432.89999998474,37.245413630107606,37.245413630107606,-35.467930427781354,-35.467930427781354,-32.39200712018845,-32.39200712018845,-32.77637632631035,-32.77637632631035,-35.08356122165946,-35.08356122165946,0.1501535183412841,0.1501535183412841,0.16102451738220225,0.16102451738220225,0.15966692713092812,0.15966692713092812,0.15151110859255823,0.15151110859255823,oncoming,oncoming,1,1,vehicle
55432.99999998475,37.239942453317596,37.239942453317596,-35.44468117251936,-35.44468117251936,-32.36830617690615,-32.36830617690615,-32.752731790624594,-32.752731790624594,-35.06025555880092,-35.06025555880092,0.019998338618250955,0.019998338618250955,0.02611238180540454,0.02611238180540454,0.025348849491109604,0.025348849491109604,0.02076187093254589,0.02076187093254589,oncoming,oncoming,1,1,vehicle
55433.09999998475,37.230605785312136,37.230605785312136,-35.46393076005129,-35.46393076005129,-32.386784643820924,-32.386784643820924,-32.77130655640568,-32.77130655640568,-35.07940884746653,-35.07940884746653,0.020180179199996928,0.020180179199996928,0.02629009922790715,0.02629009922790715,0.025527082032908766,0.025527082032908766,0.02094319639496689,0.02094319639496689,oncoming,oncoming,1,1,vehicle
55433.19999998475,37.22514893376141,37.22514893376141,-35.44064513667942,-35.44064513667942,-32.363048157060646,-32.363048157060646,-32.747626374218086,-32.747626374218086,-35.05606691952198,-35.05606691952198,0.06928256851128367,0.06928256851128367,0.07717409665943364,0.07717409665943364,0.07618858979125775,0.07618858979125775,0.07026807537943114,0.07026807537943114,oncoming,oncoming,1,1,vehicle
55433.299999984745,37.21151036408702,37.21151036408702,-35.45007424634924,-35.45007424634924,-32.371349824489265,-32.371349824489265,-32.75606883844765,-32.75606883844765,-35.06535523239085,-35.06535523239085,-0.061377550295020455,-0.061377550295020455,-0.05264879649058685,-0.05264879649058685,-0.05373885710122295,-0.05373885710122295,-0.060287489684384354,-0.060287489684384354,oncoming,oncoming,1,1,vehicle
55433.39999998474,37.20403497963477,37.20403497963477,-35.45292064673828,-35.45292064673828,-32.37357791635867,-32.37357791635867,-32.75837414563823,-32.75837414563823,-35.06812441745872,-35.06812441745872,0.05292459994961973,0.05292459994961973,0.056502164196245985,0.056502164196245985,0.05605539247108027,0.05605539247108027,0.05337137167481387,0.05337137167481387,oncoming,oncoming,1,1,vehicle
55433.499999984735,37.20286004686902,37.20286004686902,-35.43948932635867,-35.43948932635867,-32.36004939164944,-32.36004939164944,-32.74485775995286,-32.74485775995286,-35.05468095805525,-35.05468095805525,-0.029727405739578217,-0.029727405739578217,-0.01975829825579467,-0.01975829825579467,-0.021003254765389556,-0.021003254765389556,-0.02848244922998333,-0.02848244922998333,oncoming,oncoming,1,1,vehicle
55433.599999984726,37.17994999652782,37.17994999652782,-35.4588661278835,-35.4588661278835,-32.37752957600737,-32.37752957600737,-32.762574796588815,-32.762574796588815,-35.07382090730206,-35.07382090730206,-0.11038615276481778,-0.11038615276481778,-0.10343589704132228,-0.10343589704132228,-0.10430385510198903,-0.10430385510198903,-0.10951819470415103,-0.10951819470415103,oncoming,oncoming,1,1,vehicle
55433.69999998474,37.186066264079024,37.186066264079024,-35.46156655690847,-35.46156655690847,-32.380736571055046,-32.380736571055046,-32.76571853097053,-32.76571853097053,-35.07658459699299,-35.07658459699299,0.005492085459110285,0.005492085459110285,0.0072236354968993055,0.0072236354968993055,0.007007397188772302,0.007007397188772302,0.005708323767237289,0.005708323767237289,oncoming,oncoming,1,1,vehicle
55433.79999998474,37.175769813684504,37.175769813684504,-35.45776771079256,-35.45776771079256,-32.37608484890905,-32.37608484890905,-32.7611733171521,-32.7611733171521,-35.07267924254951,-35.07267924254951,-0.07755160580356346,-0.07755160580356346,-0.06381082535651217,-0.06381082535651217,-0.06552679184846966,-0.06552679184846966,-0.07583563931157755,-0.07583563931157755,oncoming,oncoming,1,1,vehicle
55433.89999998474,37.15290920006073,37.15290920006073,-35.47707687806896,-35.47707687806896,-32.39349873612616,-32.39349873612616,-32.77882388934003,-32.77882388934003,-35.09175172485509,-35.09175172485509,-0.12736616346563778,-0.12736616346563778,-0.11537862152246703,-0.11537862152246703,-0.11687564068938627,-0.11687564068938627,-0.12586914429869012,-0.12586914429869012,oncoming,oncoming,1,1,vehicle
55433.999999984735,37.14685609747588,37.14685609747588,-35.48324094348531,-35.48324094348531,-32.39916057321321,-32.39916057321321,-32.78454844528964,-32.78454844528964,-35.097853071408885,-35.097853071408885,-0.09445222299626721,-0.09445222299626721,-0.0906201861256477,-0.0906201861256477,-0.09109873534362123,-0.09109873534362123,-0.09397367377835053,-0.09397367377835053,oncoming,oncoming,1,1,vehicle
55434.099999984726,37.14367287281197,37.14367287281197,-35.49596732266677,-35.49596732266677,-32.411622773349876,-32.411622773349876,-32.79704363640733,-32.79704363640733,-35.11054645960932,-35.11054645960932,-0.20979282622448636,-0.20979282622448636,-0.20076383252950336,-0.20076383252950336,-0.20189138304411358,-0.20189138304411358,-0.2086652757098193,-0.2086652757098193,oncoming,oncoming,1,1,vehicle
55434.199999984725,37.125107998129884,37.125107998129884,-35.52519950872927,-35.52519950872927,-32.43931333971817,-32.43931333971817,-32.824926721897526,-32.824926721897526,-35.139586126549915,-35.139586126549915,-0.341229953863035,-0.341229953863035,-0.3313611179760869,-0.3313611179760869,-0.33259354862860846,-0.33259354862860846,-0.3399975232105419,-0.3399975232105419,oncoming,oncoming,1,1,vehicle
55434.29999998472,37.11990721196458,37.11990721196458,-35.56421331343839,-35.56421331343839,-32.47789499694413,-32.47789499694413,-32.863562346132085,-32.863562346132085,-35.17854596425043,-35.17854596425043,-0.20857191341374914,-0.20857191341374914,-0.20895081736330212,-0.20895081736330212,-0.20890349945287312,-0.20890349945287312,-0.20861923132417814,-0.20861923132417814,preceding,preceding,1,1,vehicle
55434.39999998473,37.12602015093989,37.12602015093989,-35.56691389141029,-35.56691389141029,-32.48110350318917,-32.48110350318917,-32.86670742178643,-32.86670742178643,-35.181309972813025,-35.181309972813025,-0.12689940947919354,-0.12689940947919354,-0.12428545511343714,-0.12428545511343714,-0.12461188824480018,-0.12461188824480018,-0.12657297634780207,-0.12657297634780207,oncoming,oncoming,1,1,vehicle
55434.49999998473,37.113617501323915,37.113617501323915,-35.58959319533332,-35.58959319533332,-32.502752087966016,-32.502752087966016,-32.88848472378023,-32.88848472378023,-35.20386055951911,-35.20386055951911,-0.21050406090932938,-0.21050406090932938,-0.1958534250717321,-0.1958534250717321,-0.19768300975741226,-0.19768300975741226,-0.2086744762236492,-0.2086744762236492,oncoming,oncoming,1,1,vehicle
55434.599999984726,37.090783589969746,37.090783589969746,-35.60901470359154,-35.60901470359154,-32.52027418820295,-32.52027418820295,-32.90624402373734,-32.90624402373734,-35.22304486805715,-35.22304486805715,-0.16035328567781448,-0.16035328567781448,-0.14956038788722026,-0.14956038788722026,-0.15090821421108558,-0.15090821421108558,-0.15900545935394916,-0.15900545935394916,oncoming,oncoming,1,1,vehicle
55434.699999984725,37.08767011175518,37.08767011175518,-35.621663852468416,-35.621663852468416,-32.532664165543025,-32.532664165543025,-32.918666366622006,-32.918666366622006,-35.235661651389435,-35.235661651389435,-0.2085465458367537,-0.2085465458367537,-0.20895040098977802,-0.20895040098977802,-0.20889996723653326,-0.20889996723653326,-0.20859697958999845,-0.20859697958999845,preceding,preceding,1,1,vehicle
55434.79999998472,37.09175401488106,37.09175401488106,-35.65072401275829,-35.65072401275829,-32.56206426840029,-32.56206426840029,-32.94802401718404,-32.94802401718404,-35.26476426397454,-35.26476426397454,-0.15964595036490437,-0.15964595036490437,-0.15824175399993123,-0.15824175399993123,-0.15841711111298196,-0.15841711111298196,-0.15947059325185364,-0.15947059325185364,oncoming,oncoming,1,1,vehicle
55434.89999998472,37.08429692439853,37.08429692439853,-35.65359304254093,-35.65359304254093,-32.564312516342554,-32.564312516342554,-32.95034978884414,-32.95034978884414,-35.267555770039344,-35.267555770039344,-0.1104691459340188,-0.1104691459340188,-0.10726900086859814,-0.10726900086859814,-0.10766863746468402,-0.10766863746468402,-0.11006950933796134,-0.11006950933796134,oncoming,oncoming,1,1,vehicle
55434.99999998471,37.08406576721764,37.08406576721764,-35.67281784194278,-35.67281784194278,-32.583518068571685,-32.583518068571685,-32.96955774467465,-32.96955774467465,-35.28677816583981,-35.28677816583981,-0.2432167362800044,-0.2432167362800044,-0.23540005581847367,-0.23540005581847367,-0.23637620827972228,-0.23637620827972228,-0.2422405838187558,-0.2422405838187558,oncoming,oncoming,1,1,vehicle
55435.09999998472,37.06553074608446,37.06553074608446,-35.70223638979771,-35.70223638979771,-32.61139252750683,-32.61139252750683,-32.99762503050069,-32.99762503050069,-35.31600388680385,-35.31600388680385,-0.2928771780020156,-0.2928771780020156,-0.28123660065412537,-0.28123660065412537,-0.2826902836416707,-0.2826902836416707,-0.29142349501444187,-0.29142349501444187,oncoming,oncoming,1,1,vehicle
55435.19999998472,37.05612648962094,37.05612648962094,-35.73139327754448,-35.73139327754448,-32.6397653887037,-32.6397653887037,-33.02609580140419,-33.02609580140419,-35.34506286484399,-35.34506286484399,-0.16009049536779685,-0.16009049536779685,-0.15306683036780555,-0.15306683036780555,-0.15394394970468284,-0.15394394970468284,-0.15921337603094798,-0.15921337603094798,oncoming,oncoming,1,1,vehicle
55435.29999998472,37.04868460955372,37.04868460955372,-35.73425448887006,-35.73425448887006,-32.64200589357916,-32.64200589357916,-33.0284138204404,-33.0284138204404,-35.34784656200882,-35.34784656200882,-0.05967091069936714,-0.05967091069936714,-0.060355710826001996,-0.060355710826001996,-0.060270192591872274,-0.060270192591872274,-0.059756428933525285,-0.059756428933525285,preceding,preceding,1,1,vehicle
55435.39999998472,37.05776895655131,37.05776895655131,-35.74332745968416,-35.74332745968416,-32.651836530868614,-32.651836530868614,-33.03814983992228,-33.03814983992228,-35.35701415063049,-35.35701415063049,-0.14088908097096464,-0.14088908097096464,-0.14461616439442082,-0.14461616439442082,-0.14415072416139196,-0.14415072416139196,-0.14135452120393666,-0.14135452120393666,preceding,preceding,1,1,vehicle
55435.49999998471,37.05762204735321,37.05762204735321,-35.762432305062084,-35.762432305062084,-32.670929126455896,-32.670929126455896,-33.05724396527053,-33.05724396527053,-35.37611746624745,-35.37611746624745,-0.15907918225104822,-0.15907918225104822,-0.15210472328598712,-0.15210472328598712,-0.15297569739874461,-0.15297569739874461,-0.1582082081382623,-0.1582082081382623,oncoming,oncoming,1,1,vehicle
55435.59999998472,37.04104778519062,37.04104778519062,-35.775143296132974,-35.775143296132974,-32.68225747552423,-32.68225747552423,-33.06874497940048,-33.06874497940048,-35.38865579225673,-35.38865579225673,-0.06181837594778017,-0.06181837594778017,-0.047435838460813784,-0.047435838460813784,-0.049231936488070005,-0.049231936488070005,-0.06002227792052395,-0.06002227792052395,oncoming,oncoming,1,1,vehicle
55435.69999998472,37.02315688683956,37.02315688683956,-35.77479598025286,-35.77479598025286,-32.680416294149225,-32.680416294149225,-33.067090352569316,-33.067090352569316,-35.38812192183277,-35.38812192183277,-0.06330843872157743,-0.06330843872157743,-0.0488564403634939,-0.0488564403634939,-0.050661211144245044,-0.050661211144245044,-0.06150366794085471,-0.06150366794085471,oncoming,oncoming,1,1,vehicle
55435.79999998472,37.00644726402112,37.00644726402112,-35.78780498387854,-35.78780498387854,-32.692028763598124,-32.692028763598124,-33.07887722163052,-33.07887722163052,-35.40095652584614,-35.40095652584614,-0.24546402235080222,-0.24546402235080222,-0.23195718376453556,-0.23195718376453556,-0.23364392118921273,-0.23364392118921273,-0.24377728492615347,-0.24377728492615347,oncoming,oncoming,1,1,vehicle
55435.89999998472,36.99084845962838,36.99084845962838,-35.82388878472241,-35.82388878472241,-32.726807730901456,-32.726807730901456,-33.11381913680649,-33.11381913680649,-35.43687737881738,-35.43687737881738,-0.1454193706146043,-0.1454193706146043,-0.13397242487531003,-0.13397242487531003,-0.13540192130477635,-0.13540192130477635,-0.14398987418513798,-0.14398987418513798,oncoming,oncoming,1,1,vehicle
55435.99999998471,36.97908715557026,36.97908715557026,-35.81688885800312,-35.81688885800312,-32.71882324857493,-32.71882324857493,-33.10595760589322,-33.10595760589322,-35.42975450068483,-35.42975450068483,-0.014234296261122381,-0.014234296261122381,0.0020696234352897136,0.0020696234352897136,3.3589575167525254e-05,3.3589575167525254e-05,-0.01219826240094335,-0.01219826240094335,oncoming,oncoming,1,1,vehicle
55436.099999984704,36.9519243794423,36.9519243794423,-35.82673564397439,-35.82673564397439,-32.72639380621443,-32.72639380621443,-33.11381241889146,-33.11381241889146,-35.43931703129736,-35.43931703129736,-0.19521416763936372,-0.19521416763936372,-0.1799213072736734,-0.1799213072736734,-0.18183107897530704,-0.18183107897530704,-0.19330439593770166,-0.19330439593770166,oncoming,oncoming,1,1,vehicle
55436.199999984696,36.94259769034352,36.94259769034352,-35.85593169152758,-35.85593169152758,-32.75480751002652,-32.75480751002652,-33.1423238216851,-33.1423238216851,-35.46841537986899,-35.46841537986899,-0.27685365854225097,-0.27685365854225097,-0.26461017067256876,-0.26461017067256876,-0.2661391350064548,-0.2661391350064548,-0.27532469420839334,-0.27532469420839334,oncoming,oncoming,1,1,vehicle
55436.29999998469,36.922747973365404,36.922747973365404,-35.882106375678006,-35.882106375678006,-32.779315840344324,-32.779315840344324,-33.1670402458881,-33.1670402458881,-35.49438197013423,-35.49438197013423,-0.27989816280998525,-0.27989816280998525,-0.25812206533336735,-0.25812206533336735,-0.26084145713130624,-0.26084145713130624,-0.2771787710120748,-0.2771787710120748,oncoming,oncoming,1,1,vehicle
55436.3999999847,36.89076293669413,36.89076293669413,-35.91191132409159,-35.91191132409159,-32.80643192309489,-32.80643192309489,-33.1944921131131,-33.1944921131131,-35.52385113407338,-35.52385113407338,-0.11467609224328612,-0.11467609224328612,-0.09625460099641714,-0.09625460099641714,-0.09855506878423625,-0.09855506878423625,-0.112375624455467,-0.112375624455467,oncoming,oncoming,1,1,vehicle
55436.4999999847,36.87893594352015,36.87893594352015,-35.90504159413334,-35.90504159413334,-32.79856676054982,-32.79856676054982,-33.18675125965122,-33.18675125965122,-35.51685709503194,-35.51685709503194,-0.06601604470861844,-0.06601604470861844,-0.04571319412173125,-0.04571319412173125,-0.04824860070851855,-0.04824860070851855,-0.06348063812177429,-0.06348063812177429,oncoming,oncoming,1,1,vehicle
55436.5999999847,36.84256579234364,36.84256579234364,-35.92511453303312,-35.92511453303312,-32.8155745619191,-32.8155745619191,-33.20414183325466,-33.20414183325466,-35.53654726169756,-35.53654726169756,-0.14957158694457462,-0.14957158694457462,-0.12280912674793854,-0.12280912674793854,-0.12615120170835326,-0.12615120170835326,-0.14622951198413148,-0.14622951198413148,oncoming,oncoming,1,1,vehicle
55436.699999984696,36.81547129159199,36.81547129159199,-35.93495591152182,-35.93495591152182,-32.82312858589905,-32.82312858589905,-33.211981499992525,-33.211981499992525,-35.54610299742834,-35.54610299742834,-0.1988246623191401,-0.1988246623191401,-0.17387435787861705,-0.17387435787861705,-0.1769901266612237,-0.1769901266612237,-0.19570889353656185,-0.19570889353656185,oncoming,oncoming,1,1,vehicle
55436.79999998469,36.783508085709684,36.783508085709684,-35.96487946549346,-35.96487946549346,-32.85034943349162,-32.85034943349162,-33.23953985858367,-33.23953985858367,-35.575689040401414,-35.575689040401414,-0.16582255961233727,-0.16582255961233727,-0.14341086735819886,-0.14341086735819886,-0.1462096132730153,-0.1462096132730153,-0.16302381369752084,-0.16302381369752084,oncoming,oncoming,1,1,vehicle
55436.899999984686,36.76249176308275,36.76249176308275,-35.96812042344065,-35.96812042344065,-32.85181075936735,-32.85181075936735,-33.241223422643756,-33.241223422643756,-35.57870776016425,-35.57870776016425,-0.03521924158076217,-0.03521924158076217,-0.007800495440392297,-0.007800495440392297,-0.011224509548412698,-0.011224509548412698,-0.031795227472798615,-0.031795227472798615,oncoming,oncoming,1,1,vehicle
55436.99999998469,36.71882536028956,36.71882536028956,-35.97192331380981,-35.97192331380981,-32.85190953257964,-32.85190953257964,-33.24178476049332,-33.24178476049332,-35.58204808589613,-35.58204808589613,0.012759158485238231,0.012759158485238231,0.04593033050738882,0.04593033050738882,0.041787967706966356,0.041787967706966356,0.016901521285689114,0.016901521285689114,oncoming,oncoming,1,1,vehicle
55437.09999998469,36.68435670402147,36.68435670402147,-35.96556859174429,-35.96556859174429,-32.84262469326636,-32.84262469326636,-33.23286582910288,-33.23286582910288,-35.57532745590777,-35.57532745590777,-0.06955609211738079,-0.06955609211738079,-0.03941588446082278,-0.03941588446082278,-0.043179737292717846,-0.043179737292717846,-0.06579223928551414,-0.06579223928551414,oncoming,oncoming,1,1,vehicle
55437.19999998469,36.647984293094716,36.647984293094716,-35.985834532233085,-35.985834532233085,-32.85979270947169,-32.85979270947169,-33.25042070795173,-33.25042070795173,-35.59520653375304,-35.59520653375304,-0.20211442968044935,-0.20211442968044935,-0.17113652062965912,-0.17113652062965912,-0.17500497675618476,-0.17500497675618476,-0.1982459735539237,-0.1982459735539237,oncoming,oncoming,1,1,vehicle
55437.29999998469,36.611687006129806,36.611687006129806,-36.005991477679785,-36.005991477679785,-32.876851997391796,-32.876851997391796,-33.267866824453606,-33.267866824453606,-35.614976650617976,-35.614976650617976,-0.08402728898340683,-0.08402728898340683,-0.05831729003637065,-0.05831729003637065,-0.061527895462830884,-0.061527895462830884,-0.08081668355691818,-0.08081668355691818,oncoming,oncoming,1,1,vehicle
55437.399999984686,36.587771434388856,36.587771434388856,-36.00263999002952,-36.00263999002952,-32.8714561674788,-32.8714561674788,-33.262726287044124,-33.262726287044124,-35.611369870464195,-35.611369870464195,-0.03465143656876535,-0.03465143656876535,-0.003183787909563307,-0.003183787909563307,-0.0071133863210093295,-0.0071133863210093295,-0.030721838157319326,-0.030721838157319326,oncoming,oncoming,1,1,vehicle
55437.49999998469,36.53816241230613,36.53816241230613,-36.01292176499468,-36.01292176499468,-32.87748875497456,-32.87748875497456,-33.26928950171869,-33.26928950171869,-35.62112101825055,-35.62112101825055,-0.01974996730956491,-0.01974996730956491,0.022066146526583452,0.022066146526583452,0.016844268689311548,0.016844268689311548,-0.014528089472293004,-0.014528089472293004,oncoming,oncoming,1,1,vehicle
55437.59999998468,36.49025919906255,36.49025919906255,-36.0065899834938,-36.0065899834938,-32.86704293817594,-32.86704293817594,-33.259357433308715,-33.259357433308715,-35.614275488361024,-35.614275488361024,0.06387703934254318,0.06387703934254318,0.09926615080686929,0.09926615080686929,0.09484686882507276,0.09484686882507276,0.06829632132433971,0.06829632132433971,oncoming,oncoming,1,1,vehicle
55437.69999998468,36.4558270120644,36.4558270120644,-36.00014635712681,-36.00014635712681,-32.85763552481427,-32.85763552481427,-33.2503201279547,-33.2503201279547,-35.60746175398638,-35.60746175398638,0.06497428045415177,0.06497428045415177,0.09462029011893947,0.09462029011893947,0.09091819703337478,0.09091819703337478,0.06867637353974487,0.06867637353974487,oncoming,oncoming,1,1,vehicle
55437.79999998468,36.42144083604789,36.42144083604789,-35.993595127403154,-35.993595127403154,-32.84811888015243,-32.84811888015243,-33.241173793902306,-33.241173793902306,-35.600540213653275,-35.600540213653275,0.013890259170835861,0.013890259170835861,0.047566768037000884,0.047566768037000884,0.043361368798315425,0.043361368798315425,0.01809565840952132,0.01809565840952132,oncoming,oncoming,1,1,vehicle
55437.89999998468,36.37781968345404,36.37781968345404,-35.99736830529268,-35.99736830529268,-32.84812217120701,-32.84812217120701,-33.241647854195165,-33.241647854195165,-35.603842622304526,-35.603842622304526,-0.021287128724424065,-0.021287128724424065,0.020976811440192478,0.020976811440192478,0.015699057909728253,0.015699057909728253,-0.016009375194016684,-0.016009375194016684,oncoming,oncoming,1,1,vehicle
55437.99999998468,36.32377927733729,36.32377927733729,-35.99785255314798,-35.99785255314798,-32.843923517864454,-32.843923517864454,-33.2380339823204,-33.2380339823204,-35.60374208869203,-35.60374208869203,0.11363333712276358,0.11363333712276358,0.15515072879398417,0.15515072879398417,0.14996621336749172,0.14996621336749172,0.11881785254922761,0.11881785254922761,oncoming,oncoming,1,1,vehicle
55438.09999998468,36.2821078741708,36.2821078741708,-35.97464163786591,-35.97464163786591,-32.817092025445895,-32.817092025445895,-33.21165461151936,-33.21165461151936,-35.580079051792445,-35.580079051792445,0.09818905939332012,0.09818905939332012,0.13524713807407807,0.13524713807407807,0.13061949508420412,0.13061949508420412,0.10281670238322249,0.10281670238322249,oncoming,oncoming,1,1,vehicle
55438.19999998467,36.23857679783487,36.23857679783487,-35.978214741264466,-35.978214741264466,-32.81687409024521,-32.81687409024521,-33.21191008329908,-33.21191008329908,-35.58317874821059,-35.58317874821059,0.06272178202260648,0.06272178202260648,0.10847934399697579,0.10847934399697579,0.10276536564035155,0.10276536564035155,0.06843576037920229,0.06843576037920229,oncoming,oncoming,1,1,vehicle
55438.299999984665,36.177202321136924,36.177202321136924,-35.96209728145961,-35.96209728145961,-32.7953961566453,-32.7953961566453,-33.191101538390015,-33.191101538390015,-35.5663918997149,-35.5663918997149,0.19691081256610232,0.19691081256610232,0.24197502022101958,0.24197502022101958,0.23634763778952106,0.23634763778952106,0.20253819499762926,0.20253819499762926,oncoming,oncoming,1,1,vehicle
55438.39999998467,36.13550357034289,36.13550357034289,-35.93883257874986,-35.93883257874986,-32.768479086199555,-32.768479086199555,-33.16464055573974,-33.16464055573974,-35.54267110920968,-35.54267110920968,-0.03772357809469895,-0.03772357809469895,0.004472259516433041,0.004472259516433041,-0.0007969189222194473,-0.0007969189222194473,-0.03245439965601804,-0.03245439965601804,oncoming,oncoming,1,1,vehicle
55438.49999998467,36.080998329622275,36.080998329622275,-35.96964199707478,-35.96964199707478,-32.794501704738146,-32.794501704738146,-33.191260922170606,-33.191260922170606,-35.57288277964232,-35.57288277964232,0.0128447513225467,0.0128447513225467,0.05706202963818896,0.05706202963818896,0.051540438589853466,0.051540438589853466,0.018366342370882194,0.018366342370882194,oncoming,oncoming,1,1,vehicle
55438.59999998467,36.03493538124856,36.03493538124856,-35.936263628485385,-35.936263628485385,-32.75706668027208,-32.75706668027208,-33.15433246802191,-33.15433246802191,-35.538997840735554,-35.538997840735554,0.23284163110540135,0.23284163110540135,0.27556548322371555,0.27556548322371555,0.2702303980991587,0.2702303980991587,0.23817671622992975,0.23817671622992975,oncoming,oncoming,1,1,vehicle
55438.69999998467,35.9841100034322,35.9841100034322,-35.92307367085438,-35.92307367085438,-32.7393886080942,-32.7393886080942,-33.13721484255156,-33.13721484255156,-35.525247436397024,-35.525247436397024,-0.005897698652802319,-0.005897698652802319,0.04396392625304202,0.04396392625304202,0.03773754000826557,0.03773754000826557,0.00032868759197413056,0.00032868759197413056,oncoming,oncoming,1,1,vehicle
55438.799999984665,35.922198549145,35.922198549145,-35.93744316821593,-35.93744316821593,-32.748273895021605,-32.748273895021605,-33.14678496002037,-33.14678496002037,-35.538932103217164,-35.538932103217164,-0.00735599782555596,-0.00735599782555596,0.04271572095657916,0.04271572095657916,0.03646311757387366,0.03646311757387366,-0.0011033944428504583,-0.0011033944428504583,oncoming,oncoming,1,1,vehicle
55438.89999998466,35.871218025414365,35.871218025414365,-35.9245448704214,-35.9245448704214,-32.73084546390524,-32.73084546390524,-33.12992221903908,-33.12992221903908,-35.52546811528756,-35.52546811528756,0.18175546650292063,0.18175546650292063,0.22298615449290082,0.22298615449290082,0.21783757185662012,0.21783757185662012,0.18690404913920133,0.18690404913920133,oncoming,oncoming,1,1,vehicle
55438.999999984655,35.82950724535624,35.82950724535624,-35.901092074916434,-35.901092074916434,-32.703676664124586,-32.703676664124586,-33.10321744565055,-33.10321744565055,-35.50155129339047,-35.50155129339047,0.07946309053360778,0.07946309053360778,0.12698781171403084,0.12698781171403084,0.12105329646232121,0.12105329646232121,0.08539760578534583,0.08539760578534583,oncoming,oncoming,1,1,vehicle
55439.09999998466,35.76472128823668,35.76472128823668,-35.908652252316585,-35.908652252316585,-32.705447901563986,-32.705447901563986,-33.105711559748215,-33.105711559748215,-35.508388594132356,-35.508388594132356,0.1314560102657083,0.1314560102657083,0.18101082172927363,0.18101082172927363,0.17482282022456275,0.17482282022456275,0.13764401177041918,0.13764401177041918,oncoming,oncoming,1,1,vehicle
55439.19999998466,35.71873287419927,35.71873287419927,-35.87480087286573,-35.87480087286573,-32.66747449978083,-32.66747449978083,-33.068252881607776,-33.068252881607776,-35.47402249103878,-35.47402249103878,0.23518406547211157,0.23518406547211157,0.28270762146965467,0.28270762146965467,0.2767732878780862,0.2767732878780862,0.24111839906368004,0.24111839906368004,oncoming,oncoming,1,1,vehicle
55439.29999998466,35.65885712604082,35.65885712604082,-35.861615439222845,-35.861615439222845,-32.648906377270876,-32.648906377270876,-33.050356902173405,-33.050356902173405,-35.460164914320316,-35.460164914320316,0.2182607291848342,0.2182607291848342,0.26527455536708544,0.26527455536708544,0.2594038878124252,0.2594038878124252,0.2241313967395513,0.2241313967395513,oncoming,oncoming,1,1,vehicle
55439.39999998466,35.614269435875414,35.614269435875414,-35.831148727029394,-35.831148727029394,-32.61441958870818,-32.61441958870818,-33.01637210404605,-33.01637210404605,-35.429196211691526,-35.429196211691526,0.22142341282744837,0.22142341282744837,0.25833179421755403,0.25833179421755403,0.25372301749487747,0.25372301749487747,0.22603218955012494,0.22603218955012494,oncoming,oncoming,1,1,vehicle
55439.499999984655,35.577070523276326,35.577070523276326,-35.817330756658,-35.817330756658,-32.59724001842812,-32.59724001842812,-32.99961229867517,-32.99961229867517,-35.41495847641095,-35.41495847641095,0.27394342198945765,0.27394342198945765,0.3128735946226868,0.3128735946226868,0.3080123685629417,0.3080123685629417,0.2788046480492028,0.2788046480492028,oncoming,oncoming,1,1,vehicle
55439.599999984646,35.52822864602767,35.52822864602767,-35.77636004263627,-35.77636004263627,-32.55184486978888,-32.55184486978888,-32.95476963033864,-32.95476963033864,-35.37343528208651,-35.37343528208651,0.41193207890049166,0.41193207890049166,0.4500337870324529,0.4500337870324529,0.4452760217231173,0.4452760217231173,0.4166898442097988,0.4166898442097988,oncoming,oncoming,1,1,vehicle
55439.699999984645,35.49303190701244,35.49303190701244,-35.734944340882066,-35.734944340882066,-32.50723326102627,-32.50723326102627,-32.910557094335125,-32.910557094335125,-35.33162050757321,-35.33162050757321,0.1366389933376695,0.1366389933376695,0.18487860598025918,0.18487860598025918,0.17885494035718352,0.17885494035718352,0.14266265896077357,0.14266265896077357,oncoming,oncoming,1,1,vehicle
55439.79999998465,35.422187340342724,35.422187340342724,-35.749032243972174,-35.749032243972174,-32.51486914859583,-32.51486914859583,-32.91899864227025,-32.91899864227025,-35.34490275029775,-35.34490275029775,0.08579986311184484,0.08579986311184484,0.1383174814300503,0.1383174814300503,0.13175963792056677,0.13175963792056677,0.09235770662132836,0.09235770662132836,oncoming,oncoming,1,1,vehicle
55439.89999998465,35.377845137783424,35.377845137783424,-35.71778436826262,-35.71778436826262,-32.479569764742784,-32.479569764742784,-32.88420516675358,-32.88420516675358,-35.31314896625182,-35.31314896625182,0.22588658881545598,0.22588658881545598,0.2673081779378208,0.2673081779378208,0.26213590683389043,0.26213590683389043,0.23105885991938635,0.23105885991938635,oncoming,oncoming,1,1,vehicle
55439.99999998465,35.33163699019121,35.33163699019121,-35.703854926209736,-35.703854926209736,-32.46140751300904,-32.46140751300904,-32.86657146090424,-32.86657146090424,-35.29869097831454,-35.29869097831454,0.17433886219771466,0.17433886219771466,0.21389587855907166,0.21389587855907166,0.20895644711328032,0.20895644711328032,0.179278293643506,0.179278293643506,oncoming,oncoming,1,1,vehicle
55440.099999984646,35.29157687787631,35.29157687787631,-35.682916595823585,-35.682916595823585,-32.43679058903159,-32.43679058903159,-32.84241387733153,-32.84241387733153,-35.27729330752364,-35.27729330752364,0.03527423786076156,0.03527423786076156,0.07590267333722522,0.07590267333722522,0.07082946952439784,0.07082946952439784,0.040347441673588946,0.040347441673588946,oncoming,oncoming,1,1,vehicle
55440.199999984645,35.24326878321314,35.24326878321314,-35.696800078637686,-35.696800078637686,-32.44622697834182,-32.44622697834182,-32.852405566999565,-32.852405566999565,-35.29062148997994,-35.29062148997994,-0.05222027896999748,-0.05222027896999748,-0.010610670203476502,-0.010610670203476502,-0.01580637870239343,-0.01580637870239343,-0.04702457047108055,-0.04702457047108055,oncoming,oncoming,1,1,vehicle
55440.29999998464,35.20128472165487,35.20128472165487,-35.69336065161743,-35.69336065161743,-32.43891272307226,-32.43891272307226,-32.84557515307196,-32.84557515307196,-35.286698221617726,-35.286698221617726,-0.07096158382682916,-0.07096158382682916,-0.023609346245478946,-0.023609346245478946,-0.029522105970727353,-0.029522105970727353,-0.06504882410158075,-0.06504882410158075,oncoming,oncoming,1,1,vehicle
55440.39999998464,35.14083183754591,35.14083183754591,-35.71099239540285,-35.71099239540285,-32.450948847590844,-32.450948847590844,-32.858309988193625,-32.858309988193625,-35.30363125480007,-35.30363125480007,0.016114859594864583,0.016114859594864583,0.056466615577193124,0.056466615577193124,0.05142799953546273,0.05142799953546273,0.021153475636566554,0.021153475636566554,oncoming,oncoming,1,1,vehicle
55440.49999998464,35.11416191873555,35.11416191873555,-35.69013767969851,-35.69013767969851,-32.42761939995698,-32.42761939995698,-32.83528955316502,-32.83528955316502,-35.28246752649047,-35.28246752649047,-0.0006474270769558643,-0.0006474270769558643,0.03704838135465138,0.03704838135465138,0.032341422768297434,0.032341422768297434,0.004059531509369663,0.004059531509369663,oncoming,oncoming,1,1,vehicle
55440.59999998464,35.05970899953911,35.05970899953911,-35.71112188081824,-35.71112188081824,-32.443539171320026,-32.443539171320026,-32.85184170364006,-32.85184170364006,-35.302819348498204,-35.302819348498204,0.0007932865656243848,0.0007932865656243848,0.03849431355624233,0.03849431355624233,0.03378671095958907,0.03378671095958907,0.005500889162277645,0.005500889162277645,oncoming,oncoming,1,1,vehicle
55440.69999998464,35.03315074028328,35.03315074028328,-35.68997902238539,-35.68997902238539,-32.419920537245844,-32.419920537245844,-32.8285322109732,-32.8285322109732,-35.28136734865803,-35.28136734865803,-0.0159433386390333,-0.0159433386390333,0.016962571913381908,0.016962571913381908,0.012853731977344296,0.012853731977344296,-0.011834498702967267,-0.011834498702967267,oncoming,oncoming,1,1,vehicle
55440.79999998464,34.98919952434045,34.98919952434045,-35.71431054854943,-35.71431054854943,-32.44014665694046,-32.44014665694046,-32.84927095724775,-32.84927095724775,-35.305186248242144,-35.305186248242144,0.017863322307050566,0.017863322307050566,0.05853290874910044,0.05853290874910044,0.05345465799845783,0.05345465799845783,0.022941573057636333,0.022941573057636333,oncoming,oncoming,1,1,vehicle
55440.89999998464,34.946178510489226,34.946178510489226,-35.6864063579277,-35.6864063579277,-32.40821395549957,-32.40821395549957,-32.81784127937707,-32.81784127937707,-35.2767790340502,-35.2767790340502,0.15593839801118747,0.15593839801118747,0.19582821045139553,0.19582821045139553,0.1908473401568358,0.1908473401568358,0.1609192683057472,0.1609192683057472,oncoming,oncoming,1,1,vehicle
55440.99999998463,34.904104271858515,34.904104271858515,-35.68312286894699,-35.68312286894699,-32.40098101485038,-32.40098101485038,-32.811101489216526,-32.811101489216526,-35.27300239458084,-35.27300239458084,-0.12393277591411334,-0.12393277591411334,-0.08414630755561348,-0.08414630755561348,-0.08911426061078487,-0.08911426061078487,-0.11896482285894194,-0.11896482285894194,oncoming,oncoming,1,1,vehicle
55441.09999998463,34.86151134947895,34.86151134947895,-35.71119291311154,-35.71119291311154,-32.42504321701211,-32.42504321701211,-32.83566413150059,-32.83566413150059,-35.300571998623056,-35.300571998623056,0.01812225762205344,0.01812225762205344,0.04636651513695256,0.04636651513695256,0.04283979126665827,0.04283979126665827,0.02164898149234773,0.02164898149234773,oncoming,oncoming,1,1,vehicle
55441.19999998463,34.844101647765775,34.844101647765775,-35.67949841742263,-35.67949841742263,-32.39170771182312,-32.39170771182312,-32.802533530963316,-32.802533530963316,-35.268672598282436,-35.268672598282436,0.03727860309663811,0.03727860309663811,0.05982275753873978,0.05982275753873978,0.05700778434425047,0.05700778434425047,0.04009357629112742,0.04009357629112742,oncoming,oncoming,1,1,vehicle
55441.29999998463,34.813718202139725,34.813718202139725,-35.70373719249232,-35.70373719249232,-32.413078665504536,-32.413078665504536,-32.82426257463191,-32.82426257463191,-35.292553283364946,-35.292553283364946,-0.05013862125116475,-0.05013862125116475,-0.02033559721522238,-0.02033559721522238,-0.02405694250839474,-0.02405694250839474,-0.04641727595802081,-0.04641727595802081,oncoming,oncoming,1,1,vehicle
55441.39999998463,34.7810106526948,34.7810106526948,-35.689526141672715,-35.689526141672715,-32.39577483126611,-32.39577483126611,-32.807344919464924,-32.807344919464924,-35.2779560534739,-35.2779560534739,0.03647079374053419,0.03647079374053419,0.06976117728521558,0.06976117728521558,0.0656043927469625,0.0656043927469625,0.04062757827878727,0.04062757827878727,oncoming,oncoming,1,1,vehicle
55441.49999998463,34.74338221647115,34.74338221647115,-35.69644303374559,-35.69644303374559,-32.39912643004869,-32.39912643004869,-32.81114169608374,-32.81114169608374,-35.28442776771054,-35.28442776771054,-0.12037209050970432,-0.12037209050970432,-0.09745608963018526,-0.09745608963018526,-0.10031747898304388,-0.10031747898304388,-0.11751070115681728,-0.11751070115681728,oncoming,oncoming,1,1,vehicle
55441.59999998462,34.732654056675706,34.732654056675706,-35.713600559771194,-35.713600559771194,-32.41526604918836,-32.41526604918836,-32.82740841525779,-32.82740841525779,-35.30145819370176,-35.30145819370176,-0.11990897256924882,-0.11990897256924882,-0.09697173022792072,-0.09697173022792072,-0.09983576513585035,-0.09983576513585035,-0.11704493766131918,-0.11704493766131918,oncoming,oncoming,1,1,vehicle
55441.699999984616,34.695085371670196,34.695085371670196,-35.720424828255844,-35.720424828255844,-32.4185207760907,-32.4185207760907,-32.83110884910734,-32.83110884910734,-35.30783675523921,-35.30783675523921,0.03709888045332832,0.03709888045332832,0.07051735635775458,0.07051735635775458,0.06634459881880161,0.06634459881880161,0.041271637992281285,0.041271637992281285,oncoming,oncoming,1,1,vehicle
55441.79999998462,34.66237581455634,34.66237581455634,-35.70618078367883,-35.70618078367883,-32.401162577915,-32.401162577915,-32.81413949549224,-32.81413949549224,-35.29320386610159,-35.29320386610159,0.027357233682892,0.027357233682892,0.05647494153186017,0.05647494153186017,0.05283920173630463,0.05283920173630463,0.03099297347844754,0.03099297347844754,oncoming,oncoming,1,1,vehicle
55441.89999998462,34.633967808099236,34.633967808099236,-35.714953381517475,-35.714953381517475,-32.40722578778238,-32.40722578778238,-32.82054100875815,-32.82054100875815,-35.30163816054171,-35.30163816054171,-0.10500285598536152,-0.10500285598536152,-0.06828666661675697,-0.06828666661675697,-0.0728711678837044,-0.0728711678837044,-0.10041835471844252,-0.10041835471844252,oncoming,oncoming,1,1,vehicle
55441.99999998462,34.585489447472014,34.585489447472014,-35.7271813548756,-35.7271813548756,-32.414819911238155,-32.414819911238155,-32.82871372906877,-32.82871372906877,-35.313287537044985,-35.313287537044985,-0.039756301267885874,-0.039756301267885874,-0.013862250243477092,-0.013862250243477092,-0.01709546109236726,-0.01709546109236726,-0.03652309041902413,-0.03652309041902413,oncoming,oncoming,1,1,vehicle
55442.09999998462,34.57979709755229,34.57979709755229,-35.72290464177094,-35.72290464177094,-32.40999823783103,-32.40999823783103,-32.82396010097657,-32.82396010097657,-35.3089427786254,-35.3089427786254,0.05587547991066799,0.05587547991066799,0.07512625804702111,0.07512625804702111,0.07272255300827624,0.07272255300827624,0.05827918494944129,0.05827918494944129,oncoming,oncoming,1,1,vehicle
55442.199999984616,34.54531295125056,34.54531295125056,-35.71600625889363,-35.71600625889363,-32.39979465962897,-32.39979465962897,-32.81416921846733,-32.81416921846733,-35.30163170005527,-35.30163170005527,-0.07111488822985734,-0.07111488822985734,-0.04359080277185967,-0.04359080277185967,-0.04702753255935477,-0.04702753255935477,-0.06767815844239067,-0.06767815844239067,oncoming,oncoming,1,1,vehicle
55442.29999998461,34.522401662317,34.522401662317,-35.73712761941415,-35.73712761941415,-32.41871639838284,-32.41871639838284,-32.83336560748585,-32.83336560748585,-35.32247841031114,-35.32247841031114,-0.14099500737975745,-0.14099500737975745,-0.11837182615786901,-0.11837182615786901,-0.12119661085773714,-0.12119661085773714,-0.13817022267988932,-0.13817022267988932,oncoming,oncoming,1,1,vehicle
55442.39999998461,34.49821726920848,34.49821726920848,-35.744205260367124,-35.744205260367124,-32.423469024858136,-32.423469024858136,-32.838408540636465,-32.838408540636465,-35.329265744588795,-35.329265744588795,0.08960286742265566,0.08960286742265566,0.103893047722039,0.103893047722039,0.10210874313492013,0.10210874313492013,0.09138717200974611,0.09138717200974611,oncoming,oncoming,1,1,vehicle
55442.49999998461,34.49267764188615,34.49267764188615,-35.71920704593157,-35.71920704593157,-32.39793778884018,-32.39793778884018,-32.81294385886064,-32.81294385886064,-35.30420097591111,-35.30420097591111,0.1253544889828504,0.1253544889828504,0.13670461842173154,0.13670461842173154,0.13528741722078053,0.13528741722078053,0.126771690183773,0.126771690183773,oncoming,oncoming,1,1,vehicle
55442.59999998461,34.47463749979335,34.47463749979335,-35.71913436257092,-35.71913436257092,-32.39612810117419,-32.39612810117419,-32.8113510571927,-32.8113510571927,-35.30391140655241,-35.30391140655241,0.10784773423156935,0.10784773423156935,0.12933323917081907,0.12933323917081907,0.12665051627811863,0.12665051627811863,0.11053045712426979,0.11053045712426979,oncoming,oncoming,1,1,vehicle
55442.69999998461,34.44808324912189,34.44808324912189,-35.697637499085566,-35.697637499085566,-32.372071141006394,-32.372071141006394,-32.787613755605385,-32.787613755605385,-35.282094884486575,-35.282094884486575,0.32029117568535526,0.32029117568535526,0.332748343896327,0.332748343896327,0.33119291795270556,0.33119291795270556,0.3218466016289767,0.3218466016289767,oncoming,oncoming,1,1,vehicle
55442.79999998461,34.44879491363909,34.44879491363909,-35.65507612743478,-35.65507612743478,-32.32957843239589,-32.32957843239589,-32.74511247360312,-32.74511247360312,-35.23954208622755,-35.23954208622755,0.21294039244972396,0.21294039244972396,0.22783543601664746,0.22783543601664746,0.22597561574607994,0.22597561574607994,0.21480021272023464,0.21480021272023464,oncoming,oncoming,1,1,vehicle
55442.89999998461,34.41723529690636,34.41723529690636,-35.65504942059779,-35.65504942059779,-32.32650405380494,-32.32650405380494,-32.742418632458076,-32.742418632458076,-35.239134841944654,-35.239134841944654,0.31979280976705127,0.31979280976705127,0.3388128849396992,0.3388128849396992,0.33643800680704317,0.33643800680704317,0.3221676878997073,0.3221676878997073,oncoming,oncoming,1,1,vehicle
55442.99999998461,34.40941206651268,34.40941206651268,-35.59111756548462,-35.59111756548462,-32.26181585541096,-32.26181585541096,-32.67782487224475,-32.67782487224475,-35.17510854865083,-35.17510854865083,0.6386857752749506,0.6386857752749506,0.6462647504964423,0.6462647504964423,0.6453184282798929,0.6453184282798929,0.6396320974915284,0.6396320974915284,oncoming,oncoming,1,1,vehicle
55443.0999999846,34.40156025820448,34.40156025820448,-35.5273122655493,-35.5273122655493,-32.19725110371222,-32.19725110371222,-32.61335494680866,-32.61335494680866,-35.111208422452854,-35.111208422452854,0.5507131163891756,0.5507131163891756,0.5613218573818699,0.5613218573818699,0.5599972350009068,0.5599972350009068,0.5520377387701387,0.5520377387701387,oncoming,oncoming,1,1,vehicle
55443.1999999846,34.38748473633698,34.38748473633698,-35.48097494221367,-35.48097494221367,-32.14955148394153,-32.14955148394153,-32.565825425251504,-32.565825425251504,-35.064701000903696,-35.064701000903696,0.6406451237058661,0.6406451237058661,0.6437230340096392,0.6437230340096392,0.6433387217844029,0.6433387217844029,0.6410294359311308,0.6410294359311308,oncoming,oncoming,1,1,vehicle
55443.2999999846,34.395198514505815,34.395198514505815,-35.39918324080999,-35.39918324080999,-32.068506496912164,-32.068506496912164,-32.48468720245366,-32.48468720245366,-34.9830025352685,-34.9830025352685,0.9056626765231783,0.9056626765231783,0.9082009266149953,0.9082009266149953,0.9078839974020525,0.9078839974020525,0.9059796057360643,0.9059796057360643,oncoming,oncoming,1,1,vehicle
55443.3999999846,34.38224253668301,34.38224253668301,-35.29984240691167,-35.29984240691167,-31.96791129862118,-31.96791129862118,-32.384248625773736,-32.384248625773736,-34.88350507975912,-34.88350507975912,0.9063818140433,0.9063818140433,0.9263276700387735,0.9263276700387735,0.9238372061281268,0.9238372061281268,0.9088722779539467,0.9088722779539467,oncoming,oncoming,1,1,vehicle
55443.4999999846,34.35402926626766,34.35402926626766,-35.217906878003966,-35.217906878003966,-31.883240962907106,-31.883240962907106,-32.29991976123072,-32.29991976123072,-34.80122807968035,-34.80122807968035,1.0303818342841566,1.0303818342841566,1.0441534946259026,1.0441534946259026,1.0424339490467673,1.0424339490467673,1.0321013798632919,1.0321013798632919,oncoming,oncoming,1,1,vehicle
55443.5999999846,34.353828002829474,34.353828002829474,-35.09376604004728,-35.09376604004728,-31.759080599688566,-31.759080599688566,-32.17576183595693,-32.17576183595693,-34.67708480377891,-34.67708480377891,1.153709927982959,1.153709927982959,1.1613369344075863,1.1613369344075863,1.160384618833774,1.160384618833774,1.1546622435567713,1.1546622435567713,oncoming,oncoming,1,1,vehicle
55443.69999998459,34.3383127564054,34.3383127564054,-34.987164892415294,-34.987164892415294,-31.650973576033916,-31.650973576033916,-32.06784283747224,-32.06784283747224,-34.57029563097697,-34.57029563097697,1.3522541517493778,1.3522541517493778,1.3671801106537487,1.3671801106537487,1.365316441579239,1.365316441579239,1.354117820823916,1.354117820823916,oncoming,oncoming,1,1,vehicle
55443.79999998459,34.32308479215191,34.32308479215191,-34.823315209698684,-34.823315209698684,-31.48564457755925,-31.48564457755925,-31.902698547642505,-31.902698547642505,-34.406261239615425,-34.406261239615425,1.7068080213963412,1.7068080213963412,1.7133137588508873,1.7133137588508873,1.7125014467975177,1.7125014467975177,1.7076203334496824,1.7076203334496824,oncoming,oncoming,1,1,vehicle
55443.89999998459,34.324918127967045,34.324918127967045,-34.64580328812957,-34.64580328812957,-31.308310824257134,-31.308310824257134,-31.725342548106152,-31.725342548106152,-34.22877156428056,-34.22877156428056,1.8655971625774157,1.8655971625774157,1.8670054226467698,1.8670054226467698,1.8668295861800175,1.8668295861800175,1.865772999044168,1.865772999044168,oncoming,oncoming,1,1,vehicle
55443.99999998459,34.320187016798336,34.320187016798336,-34.45019577718863,-34.45019577718863,-31.11224349303533,-31.11224349303533,-31.52933263041194,-31.52933263041194,-34.03310663981202,-34.03310663981202,2.062250065097942,2.062250065097942,2.06411723136344,2.06411723136344,2.0638840954852355,2.0638840954852355,2.0624832009761747,2.0624832009761747,oncoming,oncoming,1,1,vehicle
55444.09999998459,34.321075757327314,34.321075757327314,-34.23335327511598,-34.23335327511598,-30.895487377990456,-30.895487377990456,-31.312565729015112,-31.312565729015112,-33.816274924091324,-33.816274924091324,2.0981679939498576,2.0981679939498576,2.10099722571249,2.10099722571249,2.100643965695525,2.100643965695525,2.098521253966794,2.098521253966794,oncoming,oncoming,1,1,vehicle
55444.19999998459,34.314366786844744,34.314366786844744,-34.030562178404764,-34.030562178404764,-30.692044047898946,-30.692044047898946,-31.109203837278944,-31.109203837278944,-33.61340238902477,-33.61340238902477,2.3133503345181907,2.3133503345181907,2.3193232650479843,2.3193232650479843,2.318577480539801,2.318577480539801,2.3140961190264306,2.3140961190264306,oncoming,oncoming,1,1,vehicle
55444.29999998458,34.30879006056005,34.30879006056005,-33.77068320824006,-33.77068320824006,-30.431622725008626,-30.431622725008626,-30.848850232934918,-30.848850232934918,-33.353455700313766,-33.353455700313766,2.4693614467624627,2.4693614467624627,2.465466642182264,2.465466642182264,2.4659529504614284,2.4659529504614284,2.46887513848327,2.46887513848327,preceding,preceding,1,1,vehicle
55444.39999998458,34.3223795999226,34.3223795999226,-33.53668988907931,-33.53668988907931,-30.198950719489627,-30.198950719489627,-30.616013247213772,-30.616013247213772,-33.11962736135517,-33.11962736135517,2.5716180587712074,2.5716180587712074,2.5600741161102007,2.5600741161102007,2.561515501835629,2.561515501835629,2.5701766730457507,2.5701766730457507,preceding,preceding,1,1,vehicle
55444.49999998458,34.33254267630218,34.33254267630218,-33.25635959647122,-33.25635959647122,-29.919607901772018,-29.919607901772018,-30.336547132553218,-30.336547132553218,-32.839420365690025,-32.839420365690025,2.564540449872908,2.564540449872908,2.5692219463654737,2.5692219463654737,2.5686374111630528,2.5686374111630528,2.5651249850753857,2.5651249850753857,oncoming,oncoming,1,1,vehicle
55444.59999998458,34.31274877294612,34.31274877294612,-33.02378179909006,-33.02378179909006,-29.685106330202057,-29.685106330202057,-30.102285764966663,-30.102285764966663,-32.60660236432545,-32.60660236432545,2.6902033455070864,2.6902033455070864,2.694238362423249,2.694238362423249,2.693734546796861,2.693734546796861,2.6907071611334743,2.6907071611334743,oncoming,oncoming,1,1,vehicle
55444.69999998458,34.32423656091406,34.32423656091406,-32.71831892737764,-32.71831892737764,-29.380760229295213,-29.380760229295213,-29.797800223201687,-29.797800223201687,-32.30127893347116,-32.30127893347116,2.8427679608773246,2.8427679608773246,2.8366886959735496,2.8366886959735496,2.8374477576707307,2.8374477576707307,2.842008899180115,2.842008899180115,preceding,preceding,1,1,vehicle
55444.79999998458,34.325256152007654,34.325256152007654,-32.45522820692287,-32.45522820692287,-29.117768591015604,-29.117768591015604,-29.534796213440774,-29.534796213440774,-32.038200584497694,-32.038200584497694,2.864884530392999,2.864884530392999,2.8651887446348496,2.8651887446348496,2.8651507601982473,2.8651507601982473,2.8649225148296296,2.8649225148296296,oncoming,oncoming,1,1,vehicle
55444.89999998458,34.32361049618952,34.32361049618952,-32.14534202130737,-32.14534202130737,-28.807722480376576,-28.807722480376576,-29.224770071170376,-29.224770071170376,-31.72829443051357,-31.72829443051357,3.11273175640477,3.11273175640477,3.110118879667482,3.110118879667482,3.110445125658373,3.110445125658373,3.1124055104138506,3.1124055104138506,preceding,preceding,1,1,vehicle
55444.99999998458,34.33063464114595,34.33063464114595,-31.832681855628124,-31.832681855628124,-28.49574481506839,-28.49574481506839,-28.91270718829537,-28.91270718829537,-31.415719482401144,-31.415719482401144,3.1633592429789417,3.1633592429789417,3.1572764266878437,3.1572764266878437,3.1580359323499465,3.1580359323499465,3.1625997373168673,3.1625997373168673,preceding,preceding,1,1,vehicle
55445.09999998457,34.336133103518826,34.336133103518826,-31.512670172721858,-31.512670172721858,-28.176267195049288,-28.176267195049288,-28.59316288471067,-28.59316288471067,-31.095774483060477,-31.095774483060477,3.2690284786947927,3.2690284786947927,3.2612539025017213,3.2612539025017213,3.2622246433091107,3.2622246433091107,3.2680577378874034,3.2680577378874034,preceding,preceding,1,1,vehicle
55445.19999998457,34.3466482215069,34.3466482215069,-31.178876159921465,-31.178876159921465,-27.843494034600305,-27.843494034600305,-28.26026225966581,-28.26026225966581,-30.76210793485596,-30.76210793485596,3.29612844363686,3.29612844363686,3.2944136669644593,3.2944136669644593,3.294627775562816,3.294627775562816,3.2959143350385034,3.2959143350385034,preceding,preceding,1,1,vehicle
55445.29999998457,34.33966493965088,34.33966493965088,-30.85344448400408,-30.85344448400408,-27.517384461665984,-27.517384461665984,-27.934237329607694,-27.934237329607694,-30.43659161606237,-30.43659161606237,3.39130957146088,3.39130957146088,3.3937086825324343,3.3937086825324343,3.39340912718734,3.39340912718734,3.3916091268059745,3.3916091268059745,oncoming,oncoming,1,1,vehicle
55445.39999998457,34.341705092121146,34.341705092121146,-30.50061424563916,-30.50061424563916,-27.164752298103696,-27.164752298103696,-27.581580434238223,-27.581580434238223,-30.083786109504633,-30.083786109504633,3.5546228151193304,3.5546228151193304,3.55692211301934,3.55692211301934,3.5566350205720596,3.5566350205720596,3.554909907566582,3.554909907566582,oncoming,oncoming,1,1,vehicle
55445.49999998457,34.33492936149669,34.33492936149669,-30.142519920990562,-30.142519920990562,-26.80600003907247,-26.80600003907247,-27.22291032550363,-27.22291032550363,-29.7256096345594,-29.7256096345594,3.547102544523028,3.547102544523028,3.543817135994402,3.543817135994402,3.544227355327564,3.544227355327564,3.546692325189923,3.546692325189923,preceding,preceding,1,1,vehicle
55445.59999998457,34.34847470880502,34.34847470880502,-29.791193736719556,-29.791193736719556,-26.455988870889975,-26.455988870889975,-26.872734963157857,-26.872734963157857,-29.374447644451674,-29.374447644451674,3.588862607418548,3.588862607418548,3.5876601819176983,3.5876601819176983,3.5878103178589527,3.5878103178589527,3.588712471477322,3.588712471477322,preceding,preceding,1,1,vehicle
55445.69999998457,34.337405685085535,34.337405685085535,-29.424747399492286,-29.424747399492286,-26.088468002674542,-26.088468002674542,-26.505348261917433,-26.505348261917433,-29.007867140249395,-29.007867140249395,3.588934079775271,3.588934079775271,3.5863913834640186,3.5863913834640186,3.5867088671442957,3.5867088671442957,3.588616596094937,3.588616596094937,preceding,preceding,1,1,vehicle
55445.79999998456,34.353715790462694,34.353715790462694,-29.073406920799965,-29.073406920799965,-25.738710594232412,-25.738710594232412,-26.15539318976426,-26.15539318976426,-28.656724325268115,-28.656724325268115,3.479804789921303,3.479804789921303,3.4747162300104293,3.4747162300104293,3.4753515924941496,3.4753515924941496,3.4791694274376255,3.4791694274376255,preceding,preceding,1,1,vehicle
55445.89999998456,34.347889222867266,34.347889222867266,-28.72878644154396,-28.72878644154396,-25.39352475670818,-25.39352475670818,-25.81027794345436,-25.81027794345436,-28.312033254797782,-28.312033254797782,3.5773687260060285,3.5773687260060285,3.5760544233655764,3.5760544233655764,3.5762185285891803,3.5762185285891803,3.5772046207824246,3.5772046207824246,preceding,preceding,1,1,vehicle
55445.99999998456,34.35642549691234,34.35642549691234,-28.35793317560917,-28.35793317560917,-25.023499709569705,-25.023499709569705,-25.440149484056832,-25.440149484056832,-27.941283401122043,-27.941283401122043,3.559765901995519,3.559765901995519,3.556606915759602,3.556606915759602,3.557001350035904,3.557001350035904,3.5593714677192168,3.5593714677192168,preceding,preceding,1,1,vehicle
55446.09999998456,34.354400638544135,34.354400638544135,-28.016833261155217,-28.016833261155217,-24.68220337356661,-24.68220337356661,-25.09887767345753,-25.09887767345753,-27.6001589612643,-27.6001589612643,3.4924909692914525,3.4924909692914525,3.4982632616675176,3.4982632616675176,3.4975425273251233,3.4975425273251233,3.493211703633847,3.493211703633847,oncoming,oncoming,1,1,vehicle
55446.19999998456,34.34452790369137,34.34452790369137,-27.659434981761045,-27.659434981761045,-24.323847057246383,-24.323847057246383,-24.740640978601988,-24.740640978601988,-27.24264106040544,-27.24264106040544,3.5687317543136317,3.5687317543136317,3.56737563087529,3.56737563087529,3.567544957896118,3.567544957896118,3.5685624272927896,3.5685624272927896,preceding,preceding,1,1,vehicle
55446.29999998456,34.357196685608976,34.357196685608976,-27.303086910276985,-27.303086910276985,-23.968728247376216,-23.968728247376216,-24.385368681862946,-24.385368681862946,-26.886446475790255,-26.886446475790255,3.195921468354072,3.195921468354072,3.1950591338633103,3.1950591338633103,3.19516680579639,3.19516680579639,3.1958137964209925,3.1958137964209925,preceding,preceding,1,1,vehicle
55446.39999998456,34.34630478618273,34.34630478618273,-27.02025068807093,-27.02025068807093,-23.68483523045459,-23.68483523045459,-24.101607617423557,-24.101607617423557,-26.603478301101962,-26.603478301101962,3.172342456680923,3.172342456680923,3.1757940876215116,3.1757940876215116,3.1753631133562408,3.1753631133562408,3.1727734309461937,3.1727734309461937,oncoming,oncoming,1,1,vehicle
55446.49999998455,34.35008102796729,34.35008102796729,-26.66861841897812,-26.66861841897812,-23.333569429889167,-23.333569429889167,-23.75029605922896,-23.75029605922896,-26.25189178963833,-26.25189178963833,3.318254983305735,3.318254983305735,3.320629514156792,3.320629514156792,3.320333027928058,3.320333027928058,3.3185514695344978,3.3185514695344978,oncoming,oncoming,1,1,vehicle
55446.59999998455,34.34141239243489,34.34141239243489,-26.356599691446462,-26.356599691446462,-23.02070932765985,-23.02070932765985,-23.437541011874572,-23.437541011874572,-25.93976800723174,-25.93976800723174,2.9697895883997205,2.9697895883997205,2.975827533927884,2.975827533927884,2.9750736301838003,2.9750736301838003,2.9705434921438325,2.9705434921438325,oncoming,oncoming,1,1,vehicle
55446.69999998455,34.33764067159023,34.33764067159023,-26.074660501306816,-26.074660501306816,-22.73840392311225,-22.73840392311225,-23.155281333200858,-23.155281333200858,-25.65778309121821,-25.65778309121821,3.015592376276345,3.015592376276345,3.0239347418459204,3.0239347418459204,3.022893106722435,3.022893106722435,3.0166340113998302,3.0166340113998302,oncoming,oncoming,1,1,vehicle
55446.79999998455,34.32423513246873,34.32423513246873,-25.75348121619997,-25.75348121619997,-22.41592237929947,-22.41592237929947,-22.83296239053888,-22.83296239053888,-25.336441204960558,-25.336441204960558,3.038254496295565,3.038254496295565,3.046129368169275,3.046129368169275,3.0451461049308364,3.0451461049308364,3.0392377595340037,3.0392377595340037,oncoming,oncoming,1,1,vehicle
55446.89999998455,34.321429103235936,34.321429103235936,-25.467009602056546,-25.467009602056546,-22.129178049487262,-22.129178049487262,-22.546252112223552,-22.546252112223552,-25.049935539320256,-25.049935539320256,3.028096860232395,3.028096860232395,3.0306289064891274,3.0306289064891274,3.030312753189733,3.030312753189733,3.0284130135317753,3.0284130135317753,oncoming,oncoming,1,1,vehicle
55446.99999998455,34.31902494518744,34.31902494518744,-25.147861844137896,-25.147861844137896,-21.80979659798604,-21.80979659798604,-22.22689983988533,-22.22689983988533,-24.730758602238605,-24.730758602238605,3.133260606540645,3.133260606540645,3.1335762608394617,3.1335762608394617,3.1335368479952592,3.1335368479952592,3.133300019384862,3.133300019384862,oncoming,oncoming,1,1,vehicle
55447.099999984544,34.320779601796886,34.320779601796886,-24.84035748075584,-24.84035748075584,-21.502462797326736,-21.502462797326736,-21.919544742631874,-21.919544742631874,-24.423275535450703,-24.423275535450703,3.275337701897243,3.275337701897243,3.268345567284456,3.268345567284456,3.269218611005627,3.269218611005627,3.2744646581760435,3.2744646581760435,preceding,preceding,1,1,vehicle
55447.19999998454,34.333416493993774,34.333416493993774,-24.492794303788898,-24.492794303788898,-21.156127484559605,-21.156127484559605,-21.573056117714657,-21.573056117714657,-24.075865670633846,-24.075865670633846,3.262482357393367,3.262482357393367,3.2561224920400207,3.2561224920400207,3.256916590154532,3.256916590154532,3.2616882592788414,3.2616882592788414,preceding,preceding,1,1,vehicle
55447.29999998454,34.33387062522018,34.33387062522018,-24.187861009286664,-24.187861009286664,-20.85123829892821,-20.85123829892821,-21.268161424610447,-21.268161424610447,-23.770937883604425,-23.770937883604425,3.0510990417481736,3.0510990417481736,3.0561870776594873,3.0561870776594873,3.0555517811990285,3.0555517811990285,3.0517343382086324,3.0517343382086324,oncoming,oncoming,1,1,vehicle
55447.39999998454,34.32294285846503,34.32294285846503,-23.882574495448143,-23.882574495448143,-20.5448900690366,-20.5448900690366,-20.961945761483744,-20.961945761483744,-23.465518803001,-23.465518803001,3.194325471294391,3.194325471294391,3.198009034547752,3.198009034547752,3.1975491016726636,3.1975491016726636,3.194785404169494,3.194785404169494,oncoming,oncoming,1,1,vehicle
55447.49999998454,34.32628723438413,34.32628723438413,-23.548995915037082,-23.548995915037082,-20.211636492027964,-20.211636492027964,-20.62865160428522,-20.62865160428522,-23.131980802779825,-23.131980802779825,3.2778411978443103,3.2778411978443103,3.272519451291572,3.272519451291572,3.2731839290704556,3.2731839290704556,3.277176720065441,3.277176720065441,preceding,preceding,1,1,vehicle
55447.599999984544,34.33389773680093,34.33389773680093,-23.227006255865813,-23.227006255865813,-19.890386178764874,-19.890386178764874,-20.307308975656234,-20.307308975656234,-22.810083458974454,-22.810083458974454,3.222874667850789,3.222874667850789,3.211178050668593,3.211178050668593,3.2126385011287084,3.2126385011287084,3.221414217390688,3.221414217390688,preceding,preceding,1,1,vehicle
55447.69999998453,34.3503787526512,34.3503787526512,-22.904420981499882,-22.904420981499882,-19.569400881926896,-19.569400881926896,-19.98612390409217,-19.98612390409217,-22.487697959334607,-22.487697959334607,3.4006969376401344,3.4006969376401344,3.3920155596800186,3.3920155596800186,3.393099524893671,3.393099524893671,3.399612972426496,3.399612972426496,preceding,preceding,1,1,vehicle
55447.79999998453,34.351783459723215,34.351783459723215,-22.54686686839208,-22.54686686839208,-19.2119830668828,-19.2119830668828,-19.628689070731475,-19.628689070731475,-22.130160864543406,-22.130160864543406,3.3847073393589966,3.3847073393589966,3.3803595002485594,3.3803595002485594,3.380902376050372,3.380902376050372,3.384164463557198,3.384164463557198,preceding,preceding,1,1,vehicle
55447.89999998453,34.35934261170049,34.35934261170049,-22.227479513616082,-22.227479513616082,-18.893328981865245,-18.893328981865245,-19.309943428870152,-19.309943428870152,-21.810865066611175,-21.810865066611175,3.2632640383771587,3.2632640383771587,3.241599005964318,3.241599005964318,3.244304128256559,3.244304128256559,3.2605589160849036,3.2605589160849036,preceding,preceding,1,1,vehicle
55447.99999998453,34.39649994404076,34.39649994404076,-21.894214060703412,-21.894214060703412,-18.56366326567659,-18.56366326567659,-18.979828245066827,-18.979828245066827,-21.478049081313173,-21.478049081313173,3.2826384514499125,3.2826384514499125,3.2566092579424293,3.2566092579424293,3.2598592972311735,3.2598592972311735,3.2793884121611967,3.2793884121611967,preceding,preceding,1,1,vehicle
55448.09999998453,34.41310442626587,34.41310442626587,-21.57095182333565,-21.57095182333565,-18.242007130286236,-18.242007130286236,-18.657971569433407,-18.657971569433407,-21.15498738418848,-21.15498738418848,3.2389733975246173,3.2389733975246173,3.2282463577883647,3.2282463577883647,3.2295857519071234,3.2295857519071234,3.237634003405873,3.237634003405873,preceding,preceding,1,1,vehicle
55448.19999998453,34.41868356569547,34.41868356569547,-21.246419381207915,-21.246419381207915,-17.91801399412831,-17.91801399412831,-18.333911094694802,-18.333911094694802,-20.83052228064142,-20.83052228064142,3.311166552418385,3.311166552418385,3.291377035209692,3.291377035209692,3.293847987865206,3.293847987865206,3.3086955997628706,3.3086955997628706,preceding,preceding,1,1,vehicle
55448.29999998453,34.45409116362468,34.45409116362468,-20.90871851286161,-20.90871851286161,-17.583731723253877,-17.583731723253877,-17.99920197186995,-17.99920197186995,-20.493248264245537,-20.493248264245537,3.2360759732408866,3.2360759732408866,3.219507430402473,3.219507430402473,3.221576207038936,3.221576207038936,3.2340071966044093,3.2340071966044093,preceding,preceding,1,1,vehicle
55448.39999998453,34.45300371056991,34.45300371056991,-20.599204186547663,-20.599204186547663,-17.274112508035554,-17.274112508035554,-17.689595853274778,-17.689595853274778,-20.18372084130844,-20.18372084130844,3.159859771278917,3.159859771278917,3.14647426467576,3.14647426467576,3.1481456054049914,3.1481456054049914,3.1581884305496857,3.1581884305496857,preceding,preceding,1,1,vehicle
55448.49999998453,34.48186968892387,34.48186968892387,-20.276746558592976,-20.276746558592976,-16.95443687030572,-16.95443687030572,-17.369572850775967,-17.369572850775967,-19.86161057812273,-19.86161057812273,3.191295037597939,3.191295037597939,3.164292601788702,3.164292601788702,3.1676641819472167,3.1676641819472167,3.1879234574394246,3.1879234574394246,preceding,preceding,1,1,vehicle
55448.59999998452,34.50908344528282,34.50908344528282,-19.960945179060097,-19.960945179060097,-16.641253987709575,-16.641253987709575,-17.05606301691713,-17.05606301691713,-19.546136149852543,-19.546136149852543,3.2462662084198115,3.2462662084198115,3.230770982982264,3.230770982982264,3.2327057510778303,3.2327057510778303,3.2443314403242454,3.2443314403242454,preceding,preceding,1,1,vehicle
55448.69999998452,34.51408239210705,34.51408239210705,-19.627493316940797,-19.627493316940797,-16.308282673740738,-16.308282673740738,-16.72303170059191,-16.72303170059191,-19.212744290089624,-19.212744290089624,3.364143134854828,3.364143134854828,3.3499230227342167,3.3499230227342167,3.3516985803015302,3.3516985803015302,3.3623675772875288,3.3623675772875288,preceding,preceding,1,1,vehicle
55448.79999998452,34.53868972856354,34.53868972856354,-19.288116552098924,-19.288116552098924,-15.971269383172482,-15.971269383172482,-16.38572330086658,-16.38572330086658,-18.873662634404823,-18.873662634404823,3.1183246176694723,3.1183246176694723,3.0947663345225322,3.0947663345225322,3.09770788145552,3.09770788145552,3.1153830707364705,3.1153830707364705,preceding,preceding,1,1,vehicle
55448.89999998452,34.56317259706733,34.56317259706733,-19.00382839341598,-19.00382839341598,-15.689329406845241,-15.689329406845241,-16.103490124309822,-16.103490124309822,-18.589667675951397,-18.589667675951397,3.2068887223069,3.2068887223069,3.1895841686651636,3.1895841686651636,3.1917448615773196,3.1917448615773196,3.2047280293947296,3.2047280293947296,preceding,preceding,1,1,vehicle
55448.99999998453,34.57478635873047,34.57478635873047,-18.646738807589617,-18.646738807589617,-15.333352549391545,-15.333352549391545,-15.74737432850321,-15.74737432850321,-18.232717028477953,-18.232717028477953,3.4069161448189647,3.4069161448189647,3.3884522665422736,3.3884522665422736,3.3907577196013534,3.3907577196013534,3.4046106917598706,3.4046106917598706,preceding,preceding,1,1,vehicle
55449.09999998452,34.6017448390388,34.6017448390388,-18.322445164430153,-18.322445164430153,-15.011638953514517,-15.011638953514517,-15.425338580367312,-15.425338580367312,-17.90874553757736,-17.90874553757736,3.2810875974555387,3.2810875974555387,3.255505148457388,3.255505148457388,3.258699450637323,3.258699450637323,3.2778932952756037,3.2778932952756037,preceding,preceding,1,1,vehicle
55449.199999984514,34.628288677749126,34.628288677749126,-17.990521288155804,-17.990521288155804,-14.682251519756916,-14.682251519756916,-15.095634438432649,-15.095634438432649,-17.57713836948007,-17.57713836948007,3.267766076326126,3.267766076326126,3.24672176482008,3.24672176482008,3.2493494250889086,3.2493494250889086,3.265138416057326,3.265138416057326,preceding,preceding,1,1,vehicle
55449.29999998451,34.645812800895804,34.645812800895804,-17.66889194919896,-17.66889194919896,-14.36229460058426,-14.36229460058426,-14.775468695383324,-14.775468695383324,-17.255717854399897,-17.255717854399897,3.32802502770825,3.32802502770825,3.297854967940353,3.297854967940353,3.301622107022652,3.301622107022652,3.324257888625951,3.324257888625951,preceding,preceding,1,1,vehicle
55449.39999998451,34.69159837615079,34.69159837615079,-17.32491628262384,-17.32491628262384,-14.022680526178444,-14.022680526178444,-14.435310017037729,-14.435310017037729,-16.912286791764554,-16.912286791764554,3.4201595993896348,3.4201595993896348,3.396001258261421,3.396001258261421,3.39901775528611,3.39901775528611,3.417143102364932,3.417143102364932,preceding,preceding,1,1,vehicle
55449.49999998451,34.696540192928076,34.696540192928076,-16.98486002933099,-16.98486002933099,-13.68309434894186,-13.68309434894186,-14.095665144335992,-14.095665144335992,-16.572289233936857,-16.572289233936857,3.0729125252500182,3.0729125252500182,3.062477519165853,3.062477519165853,3.0637804739857017,3.0637804739857017,3.071609570430212,3.071609570430212,preceding,preceding,1,1,vehicle
55449.59999998452,34.7135493546874,34.7135493546874,-16.710333777547596,-16.710333777547596,-13.410185022319322,-13.410185022319322,-13.822553922214604,-13.822553922214604,-16.297964877652312,-16.297964877652312,2.8689153040305655,2.8689153040305655,2.8451172220899252,2.8451172220899252,2.848088745279526,2.848088745279526,2.865943780840965,2.865943780840965,preceding,preceding,1,1,vehicle
55449.699999984514,34.7466564466648,34.7466564466648,-16.411076968517747,-16.411076968517747,-13.11407090451652,-13.11407090451652,-13.526047395272759,-13.526047395272759,-15.999100477761509,-15.999100477761509,2.927834677139188,2.927834677139188,2.8951202421572475,2.8951202421572475,2.8992051034243786,2.8992051034243786,2.9237498158720427,2.9237498158720427,preceding,preceding,1,1,vehicle
55449.799999984505,34.78254739183669,34.78254739183669,-16.124766842170885,-16.124766842170885,-12.83116097393843,-12.83116097393843,-13.242712901580356,-13.242712901580356,-15.71321491452896,-15.71321491452896,2.687943052138266,2.687943052138266,2.6710318045044517,2.6710318045044517,2.6731434158374725,2.6731434158374725,2.6858314408052593,2.6858314408052593,preceding,preceding,1,1,vehicle
55449.89999998449,34.78235776485786,34.78235776485786,-15.873488358154038,-15.873488358154038,-12.579864543679406,-12.579864543679406,-12.991418712169061,-12.991418712169061,-15.461934189664383,-15.461934189664383,2.3678368214862218,2.3678368214862218,2.365727710137456,2.365727710137456,2.365991063212398,2.365991063212398,2.367573468411294,2.367573468411294,preceding,preceding,1,1,vehicle
55449.9999999845,34.787005125135366,34.787005125135366,-15.65119947788897,-15.65119947788897,-12.358015431926393,-12.358015431926393,-12.769514688953317,-12.769514688953317,-15.239700220862046,-15.239700220862046,2.2221693250474885,2.2221693250474885,2.2083829483271558,2.2083829483271558,2.2101043782814074,2.2101043782814074,2.2204478950932156,2.2204478950932156,preceding,preceding,1,1,vehicle
55450.0999999845,34.81151645410629,34.81151645410629,-15.429054493118652,-15.429054493118652,-12.138187953987973,-12.138187953987973,-12.54939783648679,-12.54939783648679,-15.017844610619836,-15.017844610619836,2.2653385270942863,2.2653385270942863,2.2462497275645106,2.2462497275645106,2.248633243768026,2.248633243768026,2.262955010890778,2.262955010890778,preceding,preceding,1,1,vehicle
55450.1999999845,34.82740243326143,34.82740243326143,-15.198131772476705,-15.198131772476705,-11.908765486420029,-11.908765486420029,-12.319788040206255,-12.319788040206255,-14.787109218690478,-14.787109218690478,2.0142513108394837,2.0142513108394837,2.0058334765262202,2.0058334765262202,2.0068845672969786,2.0068845672969786,2.0132002200687253,2.0132002200687253,preceding,preceding,1,1,vehicle
55450.299999984505,34.82934451172278,34.82934451172278,-15.026204230946256,-15.026204230946256,-11.737021258678169,-11.737021258678169,-12.148020923022841,-12.148020923022841,-14.615204566601584,-14.615204566601584,1.721696714713218,1.721696714713218,1.7288139514755656,1.7288139514755656,1.7279252595230474,1.7279252595230474,1.722585406665715,1.722585406665715,oncoming,oncoming,1,1,vehicle
55450.39999998449,34.812329387930426,34.812329387930426,-14.853792429551707,-14.853792429551707,-11.563002696143023,-11.563002696143023,-11.974202988319695,-11.974202988319695,-14.442592137375035,-14.442592137375035,1.7007002169727343,1.7007002169727343,1.7073114318822178,1.7073114318822178,1.7064859240920924,1.7064859240920924,1.7015257247628597,1.7015257247628597,oncoming,oncoming,1,1,vehicle
55450.499999984495,34.81534114044274,34.81534114044274,-14.686064187570055,-14.686064187570055,-11.395558972320552,-11.395558972320552,-11.806723738223189,-11.806723738223189,-14.274899421667419,-14.274899421667419,1.719435220823911,1.719435220823911,1.7169098230038031,1.7169098230038031,1.717225156062959,1.717225156062959,1.7191198877647622,1.7191198877647622,preceding,preceding,1,1,vehicle
55450.59999998449,34.817676240282154,34.817676240282154,-14.50990538538003,-14.50990538538003,-11.219620731535386,-11.219620731535386,-11.630757957100224,-11.630757957100224,-14.098768159815192,-14.098768159815192,1.638948213720397,1.638948213720397,1.649537540141317,1.649537540141317,1.64821530789375,1.64821530789375,1.640270445967957,1.640270445967957,oncoming,oncoming,1,1,vehicle
55450.69999998449,34.79293506444518,34.79293506444518,-14.358274544830746,-14.358274544830746,-11.06565146429709,-11.06565146429709,-11.477080676649237,-11.477080676649237,-13.946845332478599,-13.946845332478599,1.3720196743902875,1.3720196743902875,1.3987484691404148,1.3987484691404148,1.3954109913354174,1.3954109913354174,1.375357152195292,1.375357152195292,oncoming,oncoming,1,1,vehicle
55450.79999998449,34.761168287474995,34.761168287474995,-14.235501450505964,-14.235501450505964,-10.939871037711374,-10.939871037711374,-11.351675758837201,-11.351675758837201,-13.823696729380137,-13.823696729380137,1.3290365061434954,1.3290365061434954,1.3458591676856173,1.3458591676856173,1.3437586161956006,1.3437586161956006,1.3311370576335264,1.3311370576335264,oncoming,oncoming,1,1,vehicle
55450.89999998449,34.75739899516704,34.75739899516704,-14.092467243605913,-14.092467243605913,-10.796479630763884,-10.796479630763884,-11.208328953414027,-11.208328953414027,-13.68061792095577,-13.68061792095577,1.3149397485637735,1.3149397485637735,1.3351998822390883,1.3351998822390883,1.3326701184566474,1.3326701184566474,1.3174695123462214,1.3174695123462214,oncoming,oncoming,1,1,vehicle
55450.999999984495,34.71845783502873,34.71845783502873,-13.97251350078915,-13.97251350078915,-10.672831061259162,-10.672831061259162,-11.085141735141521,-11.085141735141521,-13.56020282690679,-13.56020282690679,1.0508730895913203,1.0508730895913203,1.076743399314772,1.076743399314772,1.0735131277897878,1.0735131277897878,1.0541033611162902,1.0541033611162902,oncoming,oncoming,1,1,vehicle
55451.09999998449,34.702892050007314,34.702892050007314,-13.8822926256809,-13.8822926256809,-10.581130950893904,-10.581130950893904,-10.993626327849078,-10.993626327849078,-13.469797248725726,-13.469797248725726,0.8593941587259906,0.8593941587259906,0.8845097691961357,0.8845097691961357,0.8813737399709183,0.8813737399709183,0.862530187951208,0.862530187951208,oncoming,oncoming,1,1,vehicle
55451.19999998449,34.66565689370771,34.66565689370771,-13.800634669046453,-13.800634669046453,-10.495929107422509,-10.495929107422509,-10.908866987149903,-10.908866987149903,-13.387696789319058,-13.387696789319058,0.7825801481034205,0.7825801481034205,0.8211984410292885,0.8211984410292885,0.8163764253048313,0.8163764253048313,0.7874021638278776,0.7874021638278776,oncoming,oncoming,1,1,vehicle
55451.29999998448,34.62184305952275,34.62184305952275,-13.725776596067693,-13.725776596067693,-10.416891262695962,-10.416891262695962,-10.830351042795973,-10.830351042795973,-13.312316815967682,-13.312316815967682,0.8471084938617253,0.8471084938617253,0.8810912574420087,0.8810912574420087,0.8768480588467469,0.8768480588467469,0.8513516924570013,0.8513516924570013,oncoming,oncoming,1,1,vehicle
55451.39999998448,34.59446932511412,34.59446932511412,-13.6312129702813,-13.6312129702813,-10.31971085594176,-10.31971085594176,-10.73349737538815,-10.73349737538815,-13.21742645083491,-13.21742645083491,0.7585865926383235,0.7585865926383235,0.7824115502482485,0.7824115502482485,0.7794366946409994,0.7794366946409994,0.7615614482455726,0.7615614482455726,oncoming,oncoming,1,1,vehicle
55451.49999998448,34.57202953778068,34.57202953778068,-13.574059277542236,-13.574059277542236,-10.26040895264859,-10.26040895264859,-10.674463703870043,-10.674463703870043,-13.160004526320783,-13.160004526320783,0.5780198607476592,0.5780198607476592,0.6141959553333223,0.6141959553333223,0.6096789112883485,0.6096789112883485,0.5825369047926188,0.5825369047926188,oncoming,oncoming,1,1,vehicle
55451.59999998448,34.51900745755003,34.51900745755003,-13.515608998133452,-13.515608998133452,-10.196871664876884,-10.196871664876884,-10.611561593132256,-10.611561593132256,-13.10091906987808,-13.10091906987808,0.683422807354674,0.683422807354674,0.7209132226962538,0.7209132226962538,0.7162320761257064,0.7162320761257064,0.6881039539252072,0.6881039539252072,oncoming,oncoming,1,1,vehicle
55451.69999998449,34.49393345609863,34.49393345609863,-13.437374716060468,-13.437374716060468,-10.116226308098458,-10.116226308098458,-10.531217288634025,-10.531217288634025,-13.022383735524901,-13.022383735524901,0.6574474628424554,0.6574474628424554,0.685487242901246,0.685487242901246,0.6819861358084793,0.6819861358084793,0.6609485699352149,0.6609485699352149,oncoming,oncoming,1,1,vehicle
55451.79999998448,34.46074351728352,34.46074351728352,-13.384119505556638,-13.384119505556638,-10.059774216288362,-10.059774216288362,-10.47516436596228,-10.47516436596228,-12.96872935588272,-12.96872935588272,0.5333836961005147,0.5333836961005147,0.5598283646729598,0.5598283646729598,0.5565264315668017,0.5565264315668017,0.5366856292066586,0.5366856292066586,oncoming,oncoming,1,1,vehicle
55451.89999998448,34.439058407314306,34.439058407314306,-13.330697976845787,-13.330697976845787,-10.004260635169636,-10.004260635169636,-10.419912002326392,-10.419912002326392,-12.915046609689032,-12.915046609689032,0.4779208053286794,0.4779208053286794,0.5129625538547486,0.5129625538547486,0.5085871843257692,0.5085871843257692,0.48229617485766596,0.48229617485766596,oncoming,oncoming,1,1,vehicle
55451.99999998447,34.38820584363532,34.38820584363532,-13.288535344494951,-13.288535344494951,-9.957181705522023,-9.957181705522023,-10.373446929101668,-10.373446929101668,-12.872270120915307,-12.872270120915307,0.4146856866046278,0.4146856866046278,0.4490846793470169,0.4490846793470169,0.44478957115038753,0.44478957115038753,0.41898079480125716,0.41898079480125716,oncoming,oncoming,1,1,vehicle
55452.09999998447,34.36793793856062,34.36793793856062,-13.247760839529185,-13.247760839529185,-9.914443699305124,-9.914443699305124,-10.330954088101134,-10.330954088101134,-12.831250450733176,-12.831250450733176,0.47847593636782904,0.47847593636782904,0.5137588977812442,0.5137588977812442,0.5093534306789707,0.5093534306789707,0.48288140347010255,0.48288140347010255,oncoming,oncoming,1,1,vehicle
55452.19999998447,34.315476473819665,34.315476473819665,-13.192840157222777,-13.192840157222777,-9.854429925967269,-9.854429925967269,-10.271576242967356,-10.271576242967356,-12.77569384022269,-12.77569384022269,0.4589341027798355,0.4589341027798355,0.49949052661234816,0.49949052661234816,0.49442661795458775,0.49442661795458775,0.4639980114375959,0.4639980114375959,oncoming,oncoming,1,1,vehicle
55452.29999998448,34.28446296831046,34.28446296831046,-13.155974018970504,-13.155974018970504,-9.81454559397977,-9.81454559397977,-10.232068764507352,-10.232068764507352,-12.738450848442922,-12.738450848442922,0.18521963400911545,0.18521963400911545,0.21705083746236653,0.21705083746236653,0.21307637825703551,0.21307637825703551,0.18919409321444647,0.18919409321444647,oncoming,oncoming,1,1,vehicle
55452.39999998448,34.2501255117816,34.2501255117816,-13.15579623041346,-13.15579623041346,-9.811019758466978,-9.811019758466978,-10.228960967308172,-10.228960967308172,-12.737855021572265,-12.737855021572265,0.15085134257202526,0.15085134257202526,0.19163700614319623,0.19163700614319623,0.18654450212751073,0.18654450212751073,0.15594384658770366,0.15594384658770366,oncoming,oncoming,1,1,vehicle
55452.49999998447,34.200923768318745,34.200923768318745,-13.125803750459808,-13.125803750459808,-9.776218192755357,-9.776218192755357,-10.194759864086013,-10.194759864086013,-12.707262079129151,-12.707262079129151,0.32084483695889787,0.32084483695889787,0.36368186056237306,0.36368186056237306,0.35833323616174084,0.35833323616174084,0.3261934613595372,0.3261934613595372,oncoming,oncoming,1,1,vehicle
55452.599999984464,34.1625706279235,34.1625706279235,-13.091627263027283,-13.091627263027283,-9.738283386360854,-9.738283386360854,-10.157294320082082,-10.157294320082082,-12.672616329306054,-12.672616329306054,0.08749271032924355,0.08749271032924355,0.12776296025773348,0.12776296025773348,0.12273483819149078,0.12273483819149078,0.09252083239548625,0.09252083239548625,oncoming,oncoming,1,1,vehicle
55452.69999998446,34.118838393327614,34.118838393327614,-13.10830520839855,-13.10830520839855,-9.750665600708773,-9.750665600708773,-10.17021289645263,-10.17021289645263,-12.688757912654692,-12.688757912654692,-0.13839918235360926,-0.13839918235360926,-0.08564020299886721,-0.08564020299886721,-0.09222763904229225,-0.09222763904229225,-0.13181174631018422,-0.13181174631018422,oncoming,oncoming,1,1,vehicle
55452.79999998446,34.055348909743884,34.055348909743884,-13.1193070994976,-13.1193070994976,-9.755411426960379,-9.755411426960379,-10.175739847890272,-10.175739847890272,-12.698978678567707,-12.698978678567707,0.0516937370848467,0.0516937370848467,0.10127583099568227,0.10127583099568227,0.09508507441645264,0.09508507441645264,0.057884493664083436,0.057884493664083436,oncoming,oncoming,1,1,vehicle
55452.89999998446,34.018311274429834,34.018311274429834,-13.09796646098173,-13.09796646098173,-9.730410434509931,-9.730410434509931,-10.151195881569617,-10.151195881569617,-12.677181013922045,-12.677181013922045,-0.09809371944405143,-0.09809371944405143,-0.05574436669215288,-0.05574436669215288,-0.06103203279108271,-0.06103203279108271,-0.09280605334510739,-0.09280605334510739,oncoming,oncoming,1,1,vehicle
55452.99999998447,33.969767919399395,33.969767919399395,-13.138925843396617,-13.138925843396617,-9.766560300308356,-9.766560300308356,-10.187946254458119,-10.187946254458119,-12.717539889246854,-12.717539889246854,-0.2893870502229987,-0.2893870502229987,-0.2435779462742076,-0.2435779462742076,-0.2492975753963691,-0.2492975753963691,-0.2836674211008372,-0.2836674211008372,oncoming,oncoming,1,1,vehicle
55453.099999984464,33.9259584496858,33.9259584496858,-13.155843871032841,-13.155843871032841,-9.779126023770983,-9.779126023770983,-10.20105539665514,-10.20105539665514,-12.733914498148685,-12.733914498148685,-0.07708808430504632,-0.07708808430504632,-0.028565326931079937,-0.028565326931079937,-0.034623756362805125,-0.034623756362805125,-0.07102965487332824,-0.07102965487332824,oncoming,oncoming,1,1,vehicle
55453.199999984456,33.87223828582225,33.87223828582225,-13.154343460256282,-13.154343460256282,-9.772273365694073,-9.772273365694073,-10.194871005730075,-10.194871005730075,-12.73174582022028,-12.73174582022028,-0.15512887919888385,-0.15512887919888385,-0.10367326731387294,-0.10367326731387294,-0.11009786539157318,-0.11009786539157318,-0.1487042811211765,-0.1487042811211765,oncoming,oncoming,1,1,vehicle
55453.29999998445,33.822817686429126,33.822817686429126,-13.186869646869908,-13.186869646869908,-9.799860677231948,-9.799860677231948,-10.223074969731531,-10.223074969731531,-12.763655354370325,-12.763655354370325,-0.2838049713138133,-0.2838049713138133,-0.22799422654791357,-0.22799422654791357,-0.23496256652666858,-0.23496256652666858,-0.2768366313350583,-0.2768366313350583,oncoming,oncoming,1,1,vehicle
55453.39999998445,33.76074960557665,33.76074960557665,-13.211104454517011,-13.211104454517011,-9.817872211001598,-9.817872211001598,-10.241863519033355,-10.241863519033355,-12.787113146485254,-12.787113146485254,-0.3495443846388895,-0.3495443846388895,-0.2943177171750193,-0.2943177171750193,-0.30121310840956284,-0.30121310840956284,-0.34264899340433175,-0.34264899340433175,oncoming,oncoming,1,1,vehicle
55453.49999998445,33.712812873574066,33.712812873574066,-13.256778523797653,-13.256778523797653,-9.858724220666574,-9.858724220666574,-10.28331759141311,-10.28331759141311,-12.832185153051116,-12.832185153051116,-0.329066415797854,-0.329066415797854,-0.27915933378189806,-0.27915933378189806,-0.2853905177478637,-0.2853905177478637,-0.32283523183188834,-0.32283523183188834,oncoming,oncoming,1,1,vehicle
55453.59999998445,33.66167341174154,33.66167341174154,-13.276917737675623,-13.276917737675623,-9.873704077757166,-9.873704077757166,-10.298941622582097,-10.298941622582097,-12.851680192850692,-12.851680192850692,-0.2368911878020441,-0.2368911878020441,-0.17607505143592306,-0.17607505143592306,-0.18366826251491375,-0.18366826251491375,-0.22929797672307473,-0.22929797672307473,oncoming,oncoming,1,1,vehicle
55453.699999984456,33.592498695416324,33.592498695416324,-13.304156761359614,-13.304156761359614,-9.89393923095491,-9.89393923095491,-10.320051243917293,-10.320051243917293,-12.878044748397231,-12.878044748397231,-0.1510156088754684,-0.1510156088754684,-0.09480502355276599,-0.09480502355276599,-0.10182318513380295,-0.10182318513380295,-0.14399744729443853,-0.14399744729443853,oncoming,oncoming,1,1,vehicle
55453.79999998445,33.55077683685222,33.55077683685222,-13.307120859453812,-13.307120859453812,-9.892665082470574,-9.892665082470574,-10.319306259611741,-10.319306259611741,-12.880479682312645,-12.880479682312645,-0.15201644748252363,-0.15201644748252363,-0.09555351824763392,-0.09555351824763392,-0.10260315233028194,-0.10260315233028194,-0.1449668133998614,-0.1449668133998614,oncoming,oncoming,1,1,vehicle
55453.899999984445,33.48156211973056,33.48156211973056,-13.334560050856348,-13.334560050856348,-9.91304993460504,-9.91304993460504,-10.340571874383906,-10.340571874383906,-12.907038111077481,-12.907038111077481,-0.10166719991602235,-0.10166719991602235,-0.040560513132760434,-0.040560513132760434,-0.048189915316577014,-0.048189915316577014,-0.09403779773221288,-0.09403779773221288,oncoming,oncoming,1,1,vehicle
55453.99999998445,33.43104609400016,33.43104609400016,-13.32745429943495,-13.32745429943495,-9.900777185094926,-9.900777185094926,-10.328944242672874,-10.328944242672874,-12.899287241857001,-12.899287241857001,-0.01473647388418442,-0.01473647388418442,0.041732972095445575,0.041732972095445575,0.034682578903463934,0.034682578903463934,-0.007686080692195674,-0.007686080692195674,oncoming,oncoming,1,1,vehicle
55454.09999998444,33.37134252638343,33.37134252638343,-13.337507345630646,-13.337507345630646,-9.904703340183714,-9.904703340183714,-10.33363535860094,-10.33363535860094,-12.90857532721342,-12.90857532721342,-0.10075849276991278,-0.10075849276991278,-0.03937537831495774,-0.03937537831495774,-0.04703922915152958,-0.04703922915152958,-0.09309464193334804,-0.09309464193334804,oncoming,oncoming,1,1,vehicle
55454.199999984434,33.31163025224115,33.31163025224115,-13.347605997987174,-13.347605997987174,-9.90865226075723,-9.90865226075723,-10.338352088502358,-10.338352088502358,-12.917906170242045,-12.917906170242045,-0.18026681566558977,-0.18026681566558977,-0.11577539065071818,-0.11577539065071818,-0.12382728696339029,-0.12382728696339029,-0.17221491935291056,-0.17221491935291056,oncoming,oncoming,1,1,vehicle
55454.29999998443,33.24634879208766,33.24634879208766,-13.373560708763081,-13.373560708763081,-9.927858418313788,-9.927858418313788,-10.358400815993473,-10.358400815993473,-12.943018311083396,-12.943018311083396,0.015924998595011175,0.015924998595011175,0.07709208255651845,0.07709208255651845,0.06945526814938319,0.06945526814938319,0.023561813002132226,0.023561813002132226,oncoming,oncoming,1,1,vehicle
55454.39999998443,33.19347952386127,33.19347952386127,-13.34442099826822,-13.34442099826822,-9.89323384424615,-9.89323384424615,-10.324461034872684,-10.324461034872684,-12.913193807641687,-12.913193807641687,0.12438118206551962,0.12438118206551962,0.1871698227727805,0.1871698227727805,0.17933059164848686,0.17933059164848686,0.13222041318979905,0.13222041318979905,oncoming,oncoming,1,1,vehicle
55454.49999998444,33.125550809110734,33.125550809110734,-13.348684472351867,-13.348684472351867,-9.89042445376073,-9.89042445376073,-10.322534697665322,-10.322534697665322,-12.916574228447274,-12.916574228447274,0.14731130239265156,0.14731130239265156,0.2045609717964041,0.2045609717964041,0.19741331172643584,0.19741331172643584,0.15445896246262691,0.15445896246262691,oncoming,oncoming,1,1,vehicle
55454.59999998444,33.083651829109215,33.083651829109215,-13.314958737787974,-13.314958737787974,-9.85232164988449,-9.85232164988449,-10.284978372525098,-10.284978372525098,-12.882302015147365,-12.882302015147365,0.3011557493974806,0.3011557493974806,0.35451700997816005,0.35451700997816005,0.34785485123243376,0.34785485123243376,0.30781790814320686,0.30781790814320686,oncoming,oncoming,1,1,vehicle
55454.699999984434,33.023577268466134,33.023577268466134,-13.288453322472197,-13.288453322472197,-9.819521051765356,-9.819521051765356,-10.252963727419042,-10.252963727419042,-12.855010646818512,-12.855010646818512,0.4105695932572928,0.4105695932572928,0.46552342019186455,0.46552342019186455,0.45866245097109015,0.45866245097109015,0.4174305624780814,0.4174305624780814,oncoming,oncoming,1,1,vehicle
55454.79999998443,32.97890933623201,32.97890933623201,-13.232844819138577,-13.232844819138577,-9.759216965848857,-9.759216965848857,-10.193245882333537,-10.193245882333537,-12.798815902653898,-12.798815902653898,0.4119421710504696,0.4119421710504696,0.4670629191111928,0.4670629191111928,0.4601811400209783,0.4601811400209783,0.41882395014067697,0.41882395014067697,oncoming,oncoming,1,1,vehicle
55454.89999998443,32.918897876981255,32.918897876981255,-13.206064888263302,-13.206064888263302,-9.726108467944478,-9.726108467944478,-10.160927499416186,-10.160927499416186,-12.771245856791595,-12.771245856791595,0.31190280420402416,0.31190280420402416,0.37588398188808014,0.37588398188808014,0.36789601664145977,0.36789601664145977,0.31989076945064454,0.31989076945064454,oncoming,oncoming,1,1,vehicle
55454.99999998444,32.857792402395745,32.857792402395745,-13.17046425829577,-13.17046425829577,-9.684040169468947,-9.684040169468947,-10.119666679002988,-10.119666679002988,-12.734837748761729,-12.734837748761729,0.3780205925543356,0.3780205925543356,0.43704820345978135,0.43704820345978135,0.4296787144323062,0.4296787144323062,0.38539008158181076,0.38539008158181076,oncoming,oncoming,1,1,vehicle
55455.09999998444,32.807531687097416,32.807531687097416,-13.130460769748034,-13.130460769748034,-9.638698827247435,-9.638698827247435,-10.074991756524723,-10.074991756524723,-12.694167840470746,-12.694167840470746,0.40104291980109963,0.40104291980109963,0.4544541851424668,0.4544541851424668,0.4477859140686462,0.4477859140686462,0.40771119087493446,0.40771119087493446,oncoming,oncoming,1,1,vehicle
55455.199999984434,32.75736300495375,32.75736300495375,-13.090255674336744,-13.090255674336744,-9.593149332441806,-9.593149332441806,-10.03010949619059,-10.03010949619059,-12.65329551058796,-12.65329551058796,0.3278092887692736,0.3278092887692736,0.37028845802358035,0.37028845802358035,0.364985049222021,0.364985049222021,0.33311269757083295,0.33311269757083295,oncoming,oncoming,1,1,vehicle
55455.299999984425,32.72785179665896,32.72785179665896,-13.064898911999903,-13.064898911999903,-9.564641135649184,-9.564641135649184,-10.001994746686691,-10.001994746686691,-12.627545300962396,-12.627545300962396,0.4692634348958791,0.4692634348958791,0.5238535956115058,0.5238535956115058,0.5170381937505653,0.5170381937505653,0.4760788367568196,0.4760788367568196,oncoming,oncoming,1,1,vehicle
55455.399999984416,32.65534876287168,32.65534876287168,-12.996402987365762,-12.996402987365762,-9.488378613328653,-9.488378613328653,-9.926701857449507,-9.926701857449507,-12.558079743244908,-12.558079743244908,0.49977094381374343,0.49977094381374343,0.5589300654089939,0.5589300654089939,0.5515442625203377,0.5515442625203377,0.5071567467024067,0.5071567467024067,oncoming,oncoming,1,1,vehicle
55455.499999984415,32.61752671569781,32.61752671569781,-12.96494472324494,-12.96494472324494,-9.452855122576043,-9.452855122576043,-9.891685894191173,-9.891685894191173,-12.52611395162981,-12.52611395162981,0.47112107034010364,0.47112107034010364,0.5198761845623778,0.5198761845623778,0.5137893132195472,0.5137893132195472,0.47720794168294134,0.47720794168294134,oncoming,oncoming,1,1,vehicle
55455.59999998441,32.56477380437319,32.56477380437319,-12.902178773299111,-12.902178773299111,-9.384403376417689,-9.384403376417689,-9.823943994807092,-9.823943994807092,-12.462638154909708,-12.462638154909708,0.29464397294761113,0.29464397294761113,0.3412702891889836,0.3412702891889836,0.3354492051162339,0.3354492051162339,0.30046505702034665,0.30046505702034665,oncoming,oncoming,1,1,vehicle
55455.69999998441,32.53109616140779,32.53109616140779,-12.906015928656277,-12.906015928656277,-9.38460106473924,-9.38460106473924,-9.824596053168902,-9.824596053168902,-12.466020940226615,-12.466020940226615,0.21457822282236805,0.21457822282236805,0.26448881017282133,0.26448881017282133,0.25825772615725384,0.25825772615725384,0.22080930683792843,0.22080930683792843,oncoming,oncoming,1,1,vehicle
55455.79999998441,32.472570754218616,32.472570754218616,-12.859263128735263,-12.859263128735263,-9.331505614383895,-9.331505614383895,-9.772292449576392,-9.772292449576392,-12.418476293542765,-12.418476293542765,0.37993006780791916,0.37993006780791916,0.44858702789177585,0.44858702789177585,0.44001558756215786,0.44001558756215786,0.38850150813753004,0.38850150813753004,oncoming,oncoming,1,1,vehicle
55455.899999984416,32.404657508623536,32.404657508623536,-12.83002991509431,-12.83002991509431,-9.294883659160126,-9.294883659160126,-9.736592935655757,-9.736592935655757,-12.388320638598678,-12.388320638598678,0.41708583625437257,0.41708583625437257,0.4760398860919821,0.4760398860919821,0.4686798281902682,0.4686798281902682,0.42444589415607936,0.42444589415607936,oncoming,oncoming,1,1,vehicle
55455.999999984415,32.3643308598704,32.3643308598704,-12.775845961484384,-12.775845961484384,-9.236297637165018,-9.236297637165018,-9.678556483937918,-9.678556483937918,-12.333587114711484,-12.333587114711484,0.22486543161660677,0.22486543161660677,0.28586084926750743,0.28586084926750743,0.2782459798411878,0.2782459798411878,0.23248030104292638,0.23248030104292638,oncoming,oncoming,1,1,vehicle
55456.09999998441,32.29314919888673,32.29314919888673,-12.785056828771642,-12.785056828771642,-9.237711489307456,-9.237711489307456,-9.68094373968833,-9.68094373968833,-12.341824578390769,-12.341824578390769,0.21131423181923026,0.21131423181923026,0.2765031597419778,0.2765031597419778,0.26836478647918227,0.26836478647918227,0.2194526050820187,0.2194526050820187,oncoming,oncoming,1,1,vehicle
55456.19999998441,32.245479915933345,32.245479915933345,-12.733583115121153,-12.733583115121153,-9.180997005217428,-9.180997005217428,-9.624883526642861,-9.624883526642861,-12.28969659369572,-12.28969659369572,0.4939196010895017,0.4939196010895017,0.5524414013248276,0.5524414013248276,0.5451354084764262,0.5451354084764262,0.5012255939379031,0.5012255939379031,oncoming,oncoming,1,1,vehicle
55456.29999998441,32.18688133054045,32.18688133054045,-12.68627290855518,-12.68627290855518,-9.127223209044098,-9.127223209044098,-9.571916657994631,-9.571916657994631,-12.241579459604647,-12.241579459604647,0.4726269048781404,0.4726269048781404,0.531055857522901,0.531055857522901,0.5237614831412216,0.5237614831412216,0.47992127925981976,0.47992127925981976,oncoming,oncoming,1,1,vehicle
55456.399999984416,32.139692286408014,32.139692286408014,-12.639057734143469,-12.639057734143469,-9.074785833710626,-9.074785833710626,-9.520131230012417,-9.520131230012417,-12.193712337841678,-12.193712337841678,0.3254572949051635,0.3254572949051635,0.38639666430346153,0.38639666430346153,0.3787889214553175,0.3787889214553175,0.33306503775330754,0.33306503775330754,oncoming,oncoming,1,1,vehicle
55456.499999984415,32.07696355959818,32.07696355959818,-12.621181449570592,-12.621181449570592,-9.04994387617971,-9.04994387617971,-9.49615887369989,-9.49615887369989,-12.174966452050413,-12.174966452050413,0.14601555658600773,0.14601555658600773,0.20491610004632577,0.20491610004632577,0.19756291299177775,0.19756291299177775,0.15336874364056996,0.15336874364056996,oncoming,oncoming,1,1,vehicle
55456.599999984406,32.03375037721439,32.03375037721439,-12.609854622827278,-12.609854622827278,-9.033802613702814,-9.033802613702814,-9.480618647415461,-9.480618647415461,-12.163038589114631,-12.163038589114631,0.21196685367676338,0.21196685367676338,0.2656625065142535,0.2656625065142535,0.2589591327303893,0.2589591327303893,0.2186702274606276,0.2186702274606276,oncoming,oncoming,1,1,vehicle
55456.699999984405,31.980731167354968,31.980731167354968,-12.578788078835963,-12.578788078835963,-8.99681137487805,-8.99681137487805,-9.444367047154945,-9.444367047154945,-12.131232406559068,-12.131232406559068,0.17650599819968704,0.17650599819968704,0.24059824790513318,0.24059824790513318,0.23259699489605623,0.23259699489605623,0.184507251208764,0.184507251208764,oncoming,oncoming,1,1,vehicle
55456.7999999844,31.919260253880086,31.919260253880086,-12.574553423187854,-12.574553423187854,-8.98568296412249,-8.98568296412249,-9.434099248436928,-9.434099248436928,-12.126137138873416,-12.126137138873416,-0.039375017121784595,-0.039375017121784595,0.032902641768025376,0.032902641768025376,0.0238795689540936,0.0238795689540936,-0.030351944307845713,-0.030351944307845713,oncoming,oncoming,1,1,vehicle
55456.8999999844,31.852103590664978,31.852103590664978,-12.586663082260205,-12.586663082260205,-8.99023084652454,-8.99023084652454,-9.439591133364196,-9.439591133364196,-12.137302795420549,-12.137302795420549,-0.018476214350386044,-0.018476214350386044,0.0479576035786593,0.0479576035786593,0.03966410783228014,0.03966410783228014,-0.010182718603999774,-0.010182718603999774,oncoming,oncoming,1,1,vehicle
55456.999999984415,31.801447064269126,31.801447064269126,-12.57824866605516,-12.57824866605516,-8.97609144340348,-8.97609144340348,-9.426166426867258,-9.426166426867258,-12.128173682591381,-12.128173682591381,0.21996334612294532,0.21996334612294532,0.2724661837029885,0.2724661837029885,0.26591183926245066,0.26591183926245066,0.22651769056348314,0.22651769056348314,oncoming,oncoming,1,1,vehicle
55457.099999984406,31.759314166050515,31.759314166050515,-12.542670413040586,-12.542670413040586,-8.935737609788475,-8.935737609788475,-9.386408765516293,-9.386408765516293,-12.091999257312768,-12.091999257312768,-0.01998008065356771,-0.01998008065356771,0.04044813414567727,0.04044813414567727,0.032904437675206566,0.032904437675206566,-0.012436384183097005,-0.012436384183097005,oncoming,oncoming,1,1,vehicle
55457.199999984405,31.695036211339364,31.695036211339364,-12.582244682191138,-12.582244682191138,-8.968001816580038,-8.968001816580038,-9.41958553933786,-9.41958553933786,-12.130660959433317,-12.130660959433317,-0.1230833792786612,-0.1230833792786612,-0.05301728559317809,-0.05301728559317809,-0.06176411275004057,-0.06176411275004057,-0.11433655212179161,-0.11433655212179161,oncoming,oncoming,1,1,vehicle
55457.2999999844,31.636322858999254,31.636322858999254,-12.56728708889596,-12.56728708889596,-8.946341066906957,-8.946341066906957,-9.398761588066122,-9.398761588066122,-12.114866567736794,-12.114866567736794,0.1494577706113489,0.1494577706113489,0.2166545457419673,0.2166545457419673,0.20826595780845736,0.20826595780845736,0.15784635854485884,0.15784635854485884,oncoming,oncoming,1,1,vehicle
55457.3999999844,31.577538600422006,31.577538600422006,-12.552353128069303,-12.552353128069303,-8.924670907432276,-8.924670907432276,-9.377932347776774,-9.377932347776774,-12.099091687724805,-12.099091687724805,0.05632321688218411,0.05632321688218411,0.11611777693632064,0.11611777693632064,0.10865328546243092,0.10865328546243092,0.06378770835607384,0.06378770835607384,oncoming,oncoming,1,1,vehicle
55457.49999998439,31.532111936287706,31.532111936287706,-12.556022445518742,-12.556022445518742,-8.923117511519411,-8.923117511519411,-9.377030930973293,-9.377030930973293,-12.102109026064861,-12.102109026064861,-0.11699467125954044,-0.11699467125954044,-0.04819931403645228,-0.04819931403645228,-0.05678737800512579,-0.05678737800512579,-0.10840660729085982,-0.10840660729085982,oncoming,oncoming,1,1,vehicle
55457.599999984384,31.458143957023353,31.458143957023353,-12.575752062319168,-12.575752062319168,-8.934310770238724,-8.934310770238724,-9.389289823376808,-9.389289823376808,-12.120773009181084,-12.120773009181084,0.019375619548007705,0.019375619548007705,0.08348491462847818,0.08348491462847818,0.07548186262712164,0.07548186262712164,0.027378671549364242,0.027378671549364242,oncoming,oncoming,1,1,vehicle
55457.69999998438,31.42114042736322,31.42114042736322,-12.552147321606185,-12.552147321606185,-8.906420528591724,-8.906420528591724,-9.361934558445755,-9.361934558445755,-12.096633291752154,-12.096633291752154,-0.020498498462778514,-0.020498498462778514,0.04129257250580309,0.04129257250580309,0.03357896158745177,0.03357896158745177,-0.012784887544427193,-0.012784887544427193,oncoming,oncoming,1,1,vehicle
55457.79999998438,31.351671565879727,31.351671565879727,-12.579851762011664,-12.579851762011664,-8.926052255737684,-8.926052255737684,-9.382574031059416,-9.382574031059416,-12.123329986689932,-12.123329986689932,-0.28538643834950506,-0.28538643834950506,-0.2091182411088468,-0.2091182411088468,-0.21863904604378348,-0.21863904604378348,-0.2758656334145684,-0.2758656334145684,oncoming,oncoming,1,1,vehicle
55457.89999998439,31.29013426491122,31.29013426491122,-12.609224609277453,-12.609224609277453,-8.948244176814592,-8.948244176814592,-9.405662367655644,-9.405662367655644,-12.1518064184364,-12.1518064184364,-0.14806914669152604,-0.14806914669152604,-0.07651529011884861,-0.07651529011884861,-0.08544753899698065,-0.08544753899698065,-0.139136897813394,-0.139136897813394,oncoming,oncoming,1,1,vehicle
55457.99999998439,31.229272998595885,31.229272998595885,-12.609465591351693,-12.609465591351693,-8.941355313762344,-8.941355313762344,-9.399663538859807,-9.399663538859807,-12.15115736625423,-12.15115736625423,0.030446462073498992,0.030446462073498992,0.11351015528358488,0.11351015528358488,0.10314116779266413,0.10314116779266413,0.04081544956441974,0.04081544956441974,oncoming,oncoming,1,1,vehicle
55458.099999984384,31.148691348370424,31.148691348370424,-12.6031353168638,-12.6031353168638,-8.925542145759504,-8.925542145759504,-9.385034134098667,-9.385034134098667,-12.143643328524636,-12.143643328524636,-0.03902272987843958,-0.03902272987843958,0.04345915948371726,0.04345915948371726,0.03316285313765377,0.03316285313765377,-0.028726423532383194,-0.028726423532383194,oncoming,oncoming,1,1,vehicle
55458.19999998438,31.089360434711708,31.089360434711708,-12.617270137328473,-12.617270137328473,-8.932663481867712,-8.932663481867712,-9.39303096823426,-9.39303096823426,-12.156902650961925,-12.156902650961925,-0.14503204144738646,-0.14503204144738646,-0.052244531961299856,-0.052244531961299856,-0.0638272106037121,-0.0638272106037121,-0.13344936280497421,-0.13344936280497421,oncoming,oncoming,1,1,vehicle
55458.29999998438,30.99219339921032,30.99219339921032,-12.632141725152854,-12.632141725152854,-8.935991052151612,-8.935991052151612,-9.397799576219224,-9.397799576219224,-12.170333201085242,-12.170333201085242,-0.11468042875458906,-0.11468042875458906,-0.016483417164010916,-0.016483417164010916,-0.028741296328860244,-0.028741296328860244,-0.10242254958975394,-0.10242254958975394,oncoming,oncoming,1,1,vehicle
55458.39999998439,30.9244149580975,30.9244149580975,-12.640206223079398,-12.640206223079398,-8.935960165300342,-8.935960165300342,-9.398779227499881,-9.398779227499881,-12.177387160879858,-12.177387160879858,-0.16466094341264892,-0.16466094341264892,-0.07319174934436745,-0.07319174934436745,-0.08460970678488167,-0.08460970678488167,-0.1532429859721347,-0.1532429859721347,oncoming,oncoming,1,1,vehicle
55458.49999998439,30.83944899940966,30.83944899940966,-12.6650739138373,-12.6650739138373,-8.950629402021338,-8.950629402021338,-9.414721517577187,-9.414721517577187,-12.200981798281452,-12.200981798281452,-0.29832397131051636,-0.29832397131051636,-0.20347521987370243,-0.20347521987370243,-0.2153149680482116,-0.2153149680482116,-0.2864842231360072,-0.2864842231360072,oncoming,oncoming,1,1,vehicle
55458.599999984384,30.76674525259449,30.76674525259449,-12.699871017339188,-12.699871017339188,-8.976655209272838,-8.976655209272838,-9.44184222110727,-9.44184222110727,-12.234684005504755,-12.234684005504755,-0.017423198612284807,-0.017423198612284807,0.07454422201260513,0.07454422201260513,0.06306422834465053,0.06306422834465053,-0.005943204944330205,-0.005943204944330205,oncoming,oncoming,1,1,vehicle
55458.699999984376,30.687381474587678,30.687381474587678,-12.668558553559453,-12.668558553559453,-8.935720557620119,-8.935720557620119,-9.402108671909359,-9.402108671909359,-12.202170439270214,-12.202170439270214,0.10959613349270114,0.10959613349270114,0.20813364689911396,0.20813364689911396,0.19583361651977071,0.19583361651977071,0.12189616387204438,0.12189616387204438,oncoming,oncoming,1,1,vehicle
55458.79999998437,30.604635656810213,30.604635656810213,-12.677951790642561,-12.677951790642561,-8.93502847989665,-8.93502847989665,-9.402675497806737,-9.402675497806737,-12.210304772732474,-12.210304772732474,-0.08453424778122809,-0.08453424778122809,0.028406254777671336,0.028406254777671336,0.014308475574182467,0.014308475574182467,-0.07043646857773922,-0.07043646857773922,oncoming,oncoming,1,1,vehicle
55458.899999984365,30.502672274038968,30.502672274038968,-12.685465403114701,-12.685465403114701,-8.930039306664561,-8.930039306664561,-9.399246976794377,-9.399246976794377,-12.216257732984886,-12.216257732984886,0.019829695994900476,0.019829695994900476,0.13929651392979991,0.13929651392979991,0.12438420873554179,0.12438420873554179,0.0347420011891586,0.0347420011891586,oncoming,oncoming,1,1,vehicle
55458.99999998437,30.410368248943634,30.410368248943634,-12.673985851442112,-12.673985851442112,-8.90716917710878,-8.90716917710878,-9.377798656057774,-9.377798656057774,-12.203356372493118,-12.203356372493118,0.042729676553875606,0.042729676553875606,0.1561534413424681,0.1561534413424681,0.1419955800064585,0.1419955800064585,0.05688753788988521,0.05688753788988521,oncoming,oncoming,1,1,vehicle
55459.09999998436,30.3193947573497,30.3193947573497,-12.676919467801953,-12.676919467801953,-8.89880861839441,-8.89880861839441,-9.370847860791388,-9.370847860791388,-12.204880225404976,-12.204880225404976,-0.22071098265307398,-0.22071098265307398,-0.1099153273969975,-0.1099153273969975,-0.1237450247455314,-0.1237450247455314,-0.20688128530453298,-0.20688128530453298,oncoming,oncoming,1,1,vehicle
55459.19999998437,30.23239022160943,30.23239022160943,-12.718128047977654,-12.718128047977654,-8.929152242593492,-8.929152242593492,-9.402547661012145,-9.402547661012145,-12.244732629559001,-12.244732629559001,-0.23674151970486434,-0.23674151970486434,-0.12068983149040946,-0.12068983149040946,-0.13517546585505613,-0.13517546585505613,-0.22225588534019636,-0.22225588534019636,oncoming,oncoming,1,1,vehicle
55459.29999998437,30.134134116797842,30.134134116797842,-12.72426777174651,-12.72426777174651,-8.922946584695678,-8.922946584695678,-9.397882953965636,-9.397882953965636,-12.249331402476551,-12.249331402476551,0.03352351203535875,0.03352351203535875,0.15140316096587725,0.15140316096587725,0.1366894830936758,0.1366894830936758,0.04823718990756021,0.04823718990756021,oncoming,oncoming,1,1,vehicle
55459.399999984365,30.045303423878508,30.045303423878508,-12.71142334557068,-12.71142334557068,-8.898871610400757,-8.898871610400757,-9.375209764393807,-9.375209764393807,-12.23508519157763,-12.23508519157763,0.10448055814372736,0.10448055814372736,0.21682425420240037,0.21682425420240037,0.2028016971876383,0.2028016971876383,0.11850311515848233,0.11850311515848233,oncoming,oncoming,1,1,vehicle
55459.49999998437,29.956934412717683,29.956934412717683,-12.703371660117657,-12.703371660117657,-8.8795817338546,-8.8795817338546,-9.357322614527572,-9.357322614527572,-12.225630779444685,-12.225630779444685,0.03947830786723472,0.03947830786723472,0.1492849346660705,0.1492849346660705,0.13557916552025517,0.13557916552025517,0.05318407701305006,0.05318407701305006,oncoming,oncoming,1,1,vehicle
55459.59999998436,29.873098175690647,29.873098175690647,-12.703527683996153,-12.703527683996153,-8.869014623466708,-8.869014623466708,-9.34809393128889,-9.34809393128889,-12.22444837617397,-12.22444837617397,-0.024303234849504918,-0.024303234849504918,0.09023035833201476,0.09023035833201476,0.07593471028094712,0.07593471028094712,-0.010007586798444379,-0.010007586798444379,oncoming,oncoming,1,1,vehicle
55459.69999998437,29.778410782019392,29.778410782019392,-12.70823230708815,-12.70823230708815,-8.86153566218891,-8.86153566218891,-9.342135672472079,-9.342135672472079,-12.22763229680498,-12.22763229680498,-0.0013067042846657273,-0.0013067042846657273,0.10680097765499141,0.10680097765499141,0.09330749203204647,0.09330749203204647,0.012186781338279218,0.012186781338279218,oncoming,oncoming,1,1,vehicle
55459.79999998437,29.70547278942011,29.70547278942011,-12.703789024853759,-12.703789024853759,-8.847654427935709,-8.847654427935709,-9.329432432882564,-9.329432432882564,-12.222011019906903,-12.222011019906903,-0.09155968005319437,-0.09155968005319437,0.021173491348186246,0.021173491348186246,0.00710281142392688,0.00710281142392688,-0.077489000128935,-0.077489000128935,oncoming,oncoming,1,1,vehicle
55459.899999984365,29.604756912480838,29.604756912480838,-12.726544243098521,-12.726544243098521,-8.857300963919334,-8.857300963919334,-9.340715110187315,-9.340715110187315,-12.24313009683054,-12.24313009683054,-0.2511169526626418,-0.2511169526626418,-0.1201058617772901,-0.1201058617772901,-0.13645773969567898,-0.13645773969567898,-0.2347650747442529,-0.2347650747442529,oncoming,oncoming,1,1,vehicle
55459.99999998437,29.50483610443163,29.50483610443163,-12.754012415387725,-12.754012415387725,-8.871675600292035,-8.871675600292035,-9.35672398082264,-9.35672398082264,-12.26896403485712,-12.26896403485712,-0.008887640707271771,-0.008887640707271771,0.11116227085195618,0.11116227085195618,0.09617862949109224,0.09617862949109224,0.006096000653592171,0.006096000653592171,oncoming,oncoming,1,1,vehicle
55460.09999998436,29.422042900606673,29.422042900606673,-12.728321771247685,-12.728321771247685,-8.835068509756685,-8.835068509756685,-9.321479384296834,-9.321479384296834,-12.241910896707536,-12.241910896707536,-0.04224765473005476,-0.04224765473005476,0.0884298045801657,0.0884298045801657,0.07211990002440416,0.07211990002440416,-0.025937750174279017,-0.025937750174279017,oncoming,oncoming,1,1,vehicle
55460.199999984354,29.30738919135101,29.30738919135101,-12.762461946332998,-12.762461946332998,-8.853989639377545,-8.853989639377545,-9.34230000081902,-9.34230000081902,-12.274151584891523,-12.274151584891523,-0.16965632755945848,-0.16965632755945848,-0.022299381123957573,-0.022299381123957573,-0.04069087809062211,-0.04069087809062211,-0.15126483059280105,-0.15126483059280105,oncoming,oncoming,1,1,vehicle
55460.299999984345,29.200824559930094,29.200824559930094,-12.762253036756615,-12.762253036756615,-8.839528385981087,-8.839528385981087,-9.329617559914247,-9.329617559914247,-12.272163862823454,-12.272163862823454,0.012792998634928665,0.012792998634928665,0.1687444006448473,0.1687444006448473,0.14928048232462743,0.14928048232462743,0.03225691695513433,0.03225691695513433,oncoming,oncoming,1,1,vehicle
55460.399999984336,29.075182034023836,29.075182034023836,-12.759903346606237,-12.759903346606237,-8.820240759251522,-8.820240759251522,-9.3124439043567,-9.3124439043567,-12.267700201501059,-12.267700201501059,0.23593081513735825,0.23593081513735825,0.3804012773636245,0.3804012773636245,0.3623704534155934,0.3623704534155934,0.2539616390853894,0.2539616390853894,oncoming,oncoming,1,1,vehicle
55460.499999984335,28.987141682606392,28.987141682606392,-12.715066873728455,-12.715066873728455,-8.763448130509508,-8.763448130509508,-9.257143469232046,-9.257143469232046,-12.221371535005916,-12.221371535005916,0.14524113954824713,0.14524113954824713,0.29503315305183264,0.29503315305183264,0.27633842407520604,0.27633842407520604,0.16393586852488795,0.16393586852488795,oncoming,oncoming,1,1,vehicle
55460.59999998435,28.855580368809825,28.855580368809825,-12.730855118703717,-12.730855118703717,-8.761234128645663,-8.761234128645663,-9.257176219546494,-9.257176219546494,-12.234913027802886,-12.234913027802886,0.05078192456829811,0.05078192456829811,0.23182914142351763,0.23182914142351763,0.20923389047919017,0.20923389047919017,0.07337717551263268,0.07337717551263268,oncoming,oncoming,1,1,vehicle
55460.69999998435,28.72372896671034,28.72372896671034,-12.704910488820277,-12.704910488820277,-8.717082302228208,-8.717082302228208,-9.215296691139873,-9.215296691139873,-12.206696099908612,-12.206696099908612,0.16189408357126922,0.16189408357126922,0.3512761296116551,0.3512761296116551,0.3276410210834726,0.3276410210834726,0.18552919209945173,0.18552919209945173,oncoming,oncoming,1,1,vehicle
55460.799999984345,28.582635758742974,28.582635758742974,-12.698476301989935,-12.698476301989935,-8.690978902724353,-8.690978902724353,-9.191648015330752,-9.191648015330752,-12.197807189383536,-12.197807189383536,0.07534846482878521,0.07534846482878521,0.24388898733377573,0.24388898733377573,0.22285519756100314,0.22285519756100314,0.0963822546015578,0.0963822546015578,oncoming,oncoming,1,1,vehicle
55460.899999984336,28.482774302415937,28.482774302415937,-12.689840795855448,-12.689840795855448,-8.668304504763688,-8.668304504763688,-9.170725651629745,-9.170725651629745,-12.18741964898939,-12.18741964898939,0.23520530044952892,0.23520530044952892,0.3968575792949167,0.3968575792949167,0.37668374740147215,0.37668374740147215,0.2553791323429806,0.2553791323429806,oncoming,oncoming,1,1,vehicle
55460.999999984335,28.35370358308018,28.35370358308018,-12.651435241900257,-12.651435241900257,-8.611607386866938,-8.611607386866938,-9.11631126585186,-9.11631126585186,-12.146731362915336,-12.146731362915336,0.18121589001388827,0.18121589001388827,0.3621133881106431,0.3621133881106431,0.3395380882480552,0.3395380882480552,0.20379118987646905,0.20379118987646905,oncoming,oncoming,1,1,vehicle
55461.09999998433,28.228605949590154,28.228605949590154,-12.653597617853197,-12.653597617853197,-8.595881827142613,-8.595881827142613,-9.102818033981121,-9.102818033981121,-12.146661411014689,-12.146661411014689,0.10614394407932792,0.10614394407932792,0.28767755909412074,0.28767755909412074,0.26502321153246555,0.26502321153246555,0.1287982916409831,0.1287982916409831,oncoming,oncoming,1,1,vehicle
55461.19999998434,28.10094270667208,28.10094270667208,-12.630206453082069,-12.630206453082069,-8.55407187504496,-8.55407187504496,-9.063306623542315,-9.063306623542315,-12.120971704584713,-12.120971704584713,0.1658769610961457,0.1658769610961457,0.3471334850071557,0.3471334850071557,0.3245140458892024,0.3245140458892024,0.18849640021411318,0.18849640021411318,oncoming,oncoming,1,1,vehicle
55461.29999998434,27.978436976497935,27.978436976497935,-12.620422225632254,-12.620422225632254,-8.526455130138633,-8.526455130138633,-9.037915224800837,-9.037915224800837,-12.108962130970049,-12.108962130970049,0.2905591481670129,0.2905591481670129,0.47779024245650703,0.47779024245650703,0.4544255858613795,0.4544255858613795,0.31392380476214043,0.31392380476214043,oncoming,oncoming,1,1,vehicle
55461.399999984336,27.844920925954373,27.844920925954373,-12.572094623449512,-12.572094623449512,-8.458513826555048,-8.458513826555048,-8.972421506371361,-8.972421506371361,-12.0581869436332,-12.0581869436332,0.43129320592788645,0.43129320592788645,0.6192010935735794,0.6192010935735794,0.5957523246346454,0.5957523246346454,0.45474197486682755,0.45474197486682755,oncoming,oncoming,1,1,vehicle
55461.499999984335,27.72372058499173,27.72372058499173,-12.534163584447931,-12.534163584447931,-8.402614911425719,-8.402614911425719,-8.918764759875643,-8.918764759875643,-12.018013735998007,-12.018013735998007,0.30280560587956273,0.30280560587956273,0.48212222338049315,0.48212222338049315,0.4597458937965868,0.4597458937965868,0.3251819354634691,0.3251819354634691,oncoming,oncoming,1,1,vehicle
55461.59999998433,27.60405165667539,27.60405165667539,-12.511533502274482,-12.511533502274482,-8.362089381880352,-8.362089381880352,-8.880472327613383,-8.880472327613383,-11.993150556541451,-11.993150556541451,0.2896142591235602,0.2896142591235602,0.47598058817318645,0.47598058817318645,0.4527249085242815,0.4527249085242815,0.31286993877247227,0.31286993877247227,oncoming,oncoming,1,1,vehicle
55461.69999998434,27.475628021970863,27.475628021970863,-12.476240732621033,-12.476240732621033,-8.307418793787974,-8.307418793787974,-8.828219778167796,-8.828219778167796,-11.955439748241211,-11.955439748241211,0.1959463577850542,0.1959463577850542,0.38841883893525875,0.38841883893525875,0.3644015748290883,0.3644015748290883,0.21996362189123175,0.21996362189123175,oncoming,oncoming,1,1,vehicle
55461.79999998434,27.350099077389572,27.350099077389572,-12.47234423071433,-12.47234423071433,-8.284405614089302,-8.284405614089302,-8.807592012643674,-8.807592012643674,-11.949157832159958,-11.949157832159958,0.2849568990730802,0.2849568990730802,0.46866601065406854,0.46866601065406854,0.4457426196631076,0.4457426196631076,0.30788029006404116,0.30788029006404116,oncoming,oncoming,1,1,vehicle
55461.899999984336,27.235374896816513,27.235374896816513,-12.419249352807245,-12.419249352807245,-8.213685591658525,-8.213685591658525,-8.739071254236471,-8.739071254236471,-11.8938636902293,-11.8938636902293,0.3476675870052546,0.3476675870052546,0.5310204169387021,0.5310204169387021,0.5081418500885846,0.5081418500885846,0.37054615385537915,0.37054615385537915,oncoming,oncoming,1,1,vehicle
55461.999999984335,27.112481560540093,27.112481560540093,-12.402810713314292,-12.402810713314292,-8.178201530703106,-8.178201530703106,-8.705963642627436,-8.705963642627436,-11.875048601389961,-11.875048601389961,0.144222004654452,0.144222004654452,0.3234068543535358,0.3234068543535358,0.3010486883851584,0.3010486883851584,0.16658017062282227,0.16658017062282227,oncoming,oncoming,1,1,vehicle
55462.099999984326,27.005046736121862,27.005046736121862,-12.390404951877532,-12.390404951877532,-8.149004220790655,-8.149004220790655,-8.678861516562069,-8.678861516562069,-11.860547656106117,-11.860547656106117,0.19501383185884436,0.19501383185884436,0.35857306404756883,0.35857306404756883,0.33816491977818686,0.33816491977818686,0.21542197612821923,0.21542197612821923,oncoming,oncoming,1,1,vehicle
55462.199999984325,26.90396860792621,26.90396860792621,-12.363807946943478,-12.363807946943478,-8.106486917896277,-8.106486917896277,-8.638330658674267,-8.638330658674267,-11.831964206165487,-11.831964206165487,0.4353410929120187,0.4353410929120187,0.5853738823591286,0.5853738823591286,0.5666537493419312,0.5666537493419312,0.45406122592922316,0.45406122592922316,oncoming,oncoming,1,1,vehicle
55462.29999998432,26.81516278803115,26.81516278803115,-12.303336733296394,-12.303336733296394,-8.031929444320532,-8.031929444320532,-8.565530766695332,-8.565530766695332,-11.769735410921594,-11.769735410921594,0.3241174773730364,0.3241174773730364,0.48573806171112466,0.48573806171112466,0.46557237195932544,0.46557237195932544,0.34428316712483564,0.34428316712483564,oncoming,oncoming,1,1,vehicle
55462.39999998432,26.701049533995686,26.701049533995686,-12.298984451469813,-12.298984451469813,-8.009339305555464,-8.009339305555464,-8.545216184283756,-8.545216184283756,-11.763107572741522,-11.763107572741522,0.06793088384583257,0.06793088384583257,0.24234518779474,0.24234518779474,0.22058348955017237,0.22058348955017237,0.0896925820903931,0.0896925820903931,oncoming,oncoming,1,1,vehicle
55462.49999998431,26.597745916281212,26.597745916281212,-12.289750556528274,-12.289750556528274,-7.9834604067642925,-7.9834604067642925,-8.521414068787797,-8.521414068787797,-11.75179689450477,-11.75179689450477,0.035189640409349465,0.035189640409349465,0.19231841516714354,0.19231841516714354,0.17271371351935016,0.17271371351935016,0.05479434205714284,0.05479434205714284,oncoming,oncoming,1,1,vehicle
55462.59999998432,26.50667921574685,26.50667921574685,-12.29194652338971,-12.29194652338971,-7.970875622524529,-7.970875622524529,-8.51067344158229,-8.51067344158229,-11.75214870433195,-11.75214870433195,0.10844109649220712,0.10844109649220712,0.2306206837493292,0.2306206837493292,0.2153767084949152,0.2153767084949152,0.12368507174660692,0.12368507174660692,oncoming,oncoming,1,1,vehicle
55462.69999998432,26.44752760200504,26.44752760200504,-12.268062337231257,-12.268062337231257,-7.937336270014945,-7.937336270014945,-8.478338727089444,-8.478338727089444,-11.727059880156759,-11.727059880156759,-0.03567481316188292,-0.03567481316188292,0.0573526175848329,0.0573526175848329,0.04574598746462044,0.04574598746462044,-0.02406818304167757,-0.02406818304167757,oncoming,oncoming,1,1,vehicle
55462.79999998432,26.392929150533547,26.392929150533547,-12.299081486026235,-12.299081486026235,-7.959405099011359,-7.959405099011359,-8.501524244093204,-8.501524244093204,-11.75696234094439,-11.75696234094439,-0.17301871750887443,-0.17301871750887443,-0.0814563533194459,-0.0814563533194459,-0.09288009908259909,-0.09288009908259909,-0.16159497174570703,-0.16159497174570703,oncoming,oncoming,1,1,vehicle
55462.89999998432,26.33605880822834,26.33605880822834,-12.302666080735783,-12.302666080735783,-7.9536275406812145,-7.9536275406812145,-8.496914746908391,-8.496914746908391,-11.759378874508606,-11.759378874508606,-0.16838563335844015,-0.16838563335844015,-0.08881933351852922,-0.08881933351852922,-0.0987463276339966,-0.0987463276339966,-0.15845863924297277,-0.15845863924297277,oncoming,oncoming,1,1,vehicle
55462.99999998431,26.29640946977566,26.29640946977566,-12.33275861269428,-12.33275861269428,-7.977168965712027,-7.977168965712027,-8.52127350961689,-8.52127350961689,-11.788654068789416,-11.788654068789416,-0.30048548316377577,-0.30048548316377577,-0.23499623197022146,-0.23499623197022146,-0.24316686331244597,-0.24316686331244597,-0.29231485182155126,-0.29231485182155126,oncoming,oncoming,1,1,vehicle
55463.09999998432,26.256905456785418,26.256905456785418,-12.36276317736765,-12.36276317736765,-8.000626787074562,-8.000626787074562,-8.54554811957016,-8.54554811957016,-11.817841844872053,-11.817841844872053,-0.27561375914304165,-0.27561375914304165,-0.21905885525234936,-0.21905885525234936,-0.22611477632661803,-0.22611477632661803,-0.268557838068773,-0.268557838068773,oncoming,oncoming,1,1,vehicle
55463.19999998432,26.22823177283519,26.22823177283519,-12.387881364524446,-12.387881364524446,-8.02098073676368,-8.02098073676368,-8.566496464883443,-8.566496464883443,-11.842365636404683,-11.842365636404683,-0.3922526944250606,-0.3922526944250606,-0.355925483135934,-0.355925483135934,-0.3604577324105236,-0.3604577324105236,-0.387720445150471,-0.387720445150471,oncoming,oncoming,1,1,vehicle
55463.29999998432,26.213203227376887,26.213203227376887,-12.441213716256428,-12.441213716256428,-8.071811883705521,-8.071811883705521,-8.617639666056036,-8.617639666056036,-11.895385933905914,-11.895385933905914,-0.42430609010079223,-0.42430609010079223,-0.40730922102228817,-0.40730922102228817,-0.40942977622093224,-0.40942977622093224,-0.42218553490214816,-0.42218553490214816,oncoming,oncoming,1,1,vehicle
55463.39999998432,26.207810754191566,26.207810754191566,-12.472742582548044,-12.472742582548044,-8.102442580971385,-8.102442580971385,-8.6483824201309,-8.6483824201309,-11.926802743388528,-11.926802743388528,-0.23100781922146751,-0.23100781922146751,-0.22103879368856383,-0.22103879368856383,-0.22228254249553459,-0.22228254249553459,-0.22976407041449676,-0.22976407041449676,oncoming,oncoming,1,1,vehicle
55463.49999998431,26.20123571699597,26.20123571699597,-12.487415280099595,-12.487415280099595,-8.116019642442224,-8.116019642442224,-8.662096174554117,-8.662096174554117,-11.941338747987702,-11.941338747987702,-0.4580093354898551,-0.4580093354898551,-0.47956907960271167,-0.47956907960271167,-0.4768792521113383,-0.4768792521113383,-0.46069916298121427,-0.46069916298121427,preceding,preceding,1,1,vehicle
55463.599999984304,26.233719285642383,26.233719285642383,-12.564344449638016,-12.564344449638016,-8.198356396883552,-8.198356396883552,-8.743758270544841,-8.743758270544841,-12.018942575976727,-12.018942575976727,-0.6553615906875905,-0.6553615906875905,-0.6985226326262648,-0.6985226326262648,-0.6931377883238028,-0.6931377883238028,-0.6607464349900596,-0.6607464349900596,preceding,preceding,1,1,vehicle
55463.699999984296,26.25312802980549,26.25312802980549,-12.61848759822567,-12.61848759822567,-8.255724168955279,-8.255724168955279,-8.800723732206773,-8.800723732206773,-12.073488034974176,-12.073488034974176,-0.4888026349169792,-0.4888026349169792,-0.5391441537457524,-0.5391441537457524,-0.5328634274135879,-0.5328634274135879,-0.49508336124915076,-0.49508336124915076,preceding,preceding,1,1,vehicle
55463.79999998429,26.294414744276153,26.294414744276153,-12.662104976612877,-12.662104976612877,-8.306185227623288,-8.306185227623288,-8.850330956018254,-8.850330956018254,-12.117959248217911,-12.117959248217911,-0.6819522567069356,-0.6819522567069356,-0.7444002038325266,-0.7444002038325266,-0.7366090208495848,-0.7366090208495848,-0.6897434396898845,-0.6897434396898845,preceding,preceding,1,1,vehicle
55463.8999999843,26.328573257953025,26.328573257953025,-12.754878049580764,-12.754878049580764,-8.404604209735503,-8.404604209735503,-8.948045536390406,-8.948045536390406,-12.21143672292586,-12.21143672292586,-0.7364977000070994,-0.7364977000070994,-0.8089355405443328,-0.8089355405443328,-0.7998979283248602,-0.7998979283248602,-0.7455353122265649,-0.7455353122265649,preceding,preceding,1,1,vehicle
55463.9999999843,26.38224491373021,26.38224491373021,-12.809404516628437,-12.809404516628437,-8.467972335746673,-8.467972335746673,-9.010310541697699,-9.010310541697699,-12.26706631067741,-12.26706631067741,-0.5285439609055587,-0.5285439609055587,-0.6414155049295758,-0.6414155049295758,-0.6273331159880726,-0.6273331159880726,-0.5426263498470547,-0.5426263498470547,preceding,preceding,1,1,vehicle
55464.0999999843,26.466041050164268,26.466041050164268,-12.860586841760336,-12.860586841760336,-8.53288731071955,-8.53288731071955,-9.073512159586194,-9.073512159586194,-12.319961992893692,-12.319961992893692,-0.6631077155730196,-0.6631077155730196,-0.7774655970324744,-0.7774655970324744,-0.7631976541988195,-0.7631976541988195,-0.6773756584066604,-0.6773756584066604,preceding,preceding,1,1,vehicle
55464.199999984296,26.52210165023086,26.52210165023086,-12.942026059741108,-12.942026059741108,-8.623465455150905,-8.623465455150905,-9.162950072535242,-9.162950072535242,-12.402541442356771,-12.402541442356771,-0.5793020274648484,-0.5793020274648484,-0.7009640201305842,-0.7009640201305842,-0.6857845845242991,-0.6857845845242991,-0.5944814630711406,-0.5944814630711406,preceding,preceding,1,1,vehicle
55464.29999998429,26.61582917226908,26.61582917226908,-12.976447247250826,-12.976447247250826,-8.673080114741508,-8.673080114741508,-9.210669076487104,-9.210669076487104,-12.43885828550523,-12.43885828550523,-0.614104841475708,-0.614104841475708,-0.7694244661946783,-0.7694244661946783,-0.7500454503266312,-0.7500454503266312,-0.633483857343748,-0.633483857343748,preceding,preceding,1,1,vehicle
55464.399999984285,26.71444194511815,26.71444194511815,-13.06484702803392,-13.06484702803392,-8.77735034838598,-8.77735034838598,-9.312959162596899,-9.312959162596899,-12.529238213823001,-12.529238213823001,-0.7898149842187507,-0.7898149842187507,-0.9315747185051961,-0.9315747185051961,-0.9138873408424928,-0.9138873408424928,-0.8075023618814399,-0.8075023618814399,preceding,preceding,1,1,vehicle
55464.49999998429,26.792511161462617,26.792511161462617,-13.134410244096653,-13.134410244096653,-8.859395058444996,-8.859395058444996,-9.393446544658007,-9.393446544658007,-12.600358757883642,-12.600358757883642,-0.6224668131336557,-0.6224668131336557,-0.7700040407630198,-0.7700040407630198,-0.7515955449595708,-0.7515955449595708,-0.6408753089371189,-0.6408753089371189,preceding,preceding,1,1,vehicle
55464.59999998429,26.89974268769267,26.89974268769267,-13.189340390664436,-13.189340390664436,-8.93135115654268,-8.93135115654268,-9.46327827159287,-9.46327827159287,-12.657413275614246,-12.657413275614246,-0.5202556078996423,-0.5202556078996423,-0.6984522352333684,-0.6984522352333684,-0.6762180135187492,-0.6762180135187492,-0.5424898296142615,-0.5424898296142615,preceding,preceding,1,1,vehicle
55464.69999998429,27.017957055227342,27.017957055227342,-13.238461365675066,-13.238461365675066,-8.999085505489637,-8.999085505489637,-9.528690147359788,-9.528690147359788,-12.708856723804915,-12.708856723804915,-0.7026452671582177,-0.7026452671582177,-0.8910609854503448,-0.8910609854503448,-0.8675513306624438,-0.8675513306624438,-0.7261549219461187,-0.7261549219461187,preceding,preceding,1,1,vehicle
55464.79999998429,27.140150935633688,27.140150935633688,-13.329869444094035,-13.329869444094035,-9.109563353630156,-9.109563353630156,-9.636788537722834,-9.636788537722834,-12.802644260001356,-12.802644260001356,-0.9625851909375029,-0.9625851909375029,-1.1533210999078136,-1.1533210999078136,-1.1295215622858663,-1.1295215622858663,-0.9863847285594431,-0.9863847285594431,preceding,preceding,1,1,vehicle
55464.899999984285,27.26350324779854,27.26350324779854,-13.430978403859767,-13.430978403859767,-9.229749725467842,-9.229749725467842,-9.754594459813674,-9.754594459813674,-12.906133669513935,-12.906133669513935,-0.8300078143755059,-0.8300078143755059,-1.0319001659028828,-1.0319001659028828,-1.0067081271619998,-1.0067081271619998,-0.8551998531163889,-0.8551998531163889,preceding,preceding,1,1,vehicle
55464.99999998429,27.40256328214394,27.40256328214394,-13.495871006970123,-13.495871006970123,-9.315943386812766,-9.315943386812766,-9.838130163157135,-9.838130163157135,-12.973684230625754,-12.973684230625754,-1.0320443684919383,-1.0320443684919383,-1.2352857406572895,-1.2352857406572895,-1.209924962728799,-1.209924962728799,-1.057405146420436,-1.057405146420436,preceding,preceding,1,1,vehicle
55465.09999998428,27.530101447766786,27.530101447766786,-13.637387277543999,-13.637387277543999,-9.47680687358484,-9.47680687358484,-9.996579452345012,-9.996579452345012,-13.117614698783827,-13.117614698783827,-1.1999510231723178,-1.1999510231723178,-1.3895196843057178,-1.3895196843057178,-1.3658646147593316,-1.3658646147593316,-1.223606092718697,-1.223606092718697,preceding,preceding,1,1,vehicle
55465.19999998427,27.653612997194053,27.653612997194053,-13.735861211578033,-13.735861211578033,-9.593847323642724,-9.593847323642724,-10.111303086078394,-10.111303086078394,-13.218405449142363,-13.218405449142363,-1.0382016233629088,-1.0382016233629088,-1.246558543209268,-1.246558543209268,-1.2205585474288654,-1.2205585474288654,-1.0642016191433044,-1.0642016191433044,preceding,preceding,1,1,vehicle
55465.29999998428,27.808869736485253,27.808869736485253,-13.845027602216673,-13.845027602216673,-9.726118582227498,-9.726118582227498,-10.240691161831501,-10.240691161831501,-13.33045502261267,-13.33045502261267,-1.0849133857984299,-1.0849133857984299,-1.3148438301939933,-1.3148438301939933,-1.2861512720435258,-1.2861512720435258,-1.1136059439488974,-1.1136059439488974,preceding,preceding,1,1,vehicle
55465.39999998428,27.96434909196377,27.96434909196377,-13.952843888750547,-13.952843888750547,-9.856816089697059,-9.856816089697059,-10.368533340502298,-10.368533340502298,-13.441126637945308,-13.441126637945308,-1.1235613765188077,-1.1235613765188077,-1.351959949755667,-1.351959949755667,-1.3234580125264586,-1.3234580125264586,-1.152063313748016,-1.152063313748016,preceding,preceding,1,1,vehicle
55465.49999998428,28.12100290414218,28.12100290414218,-14.069739877517165,-14.069739877517165,-9.996510572174696,-9.996510572174696,-10.505382764332941,-10.505382764332941,-13.56086768535892,-13.56086768535892,-1.2447045535622578,-1.2447045535622578,-1.4863972273070232,-1.4863972273070232,-1.4562357174133709,-1.4562357174133709,-1.274866063455903,-1.274866063455903,preceding,preceding,1,1,vehicle
55465.59999998428,28.298589410779247,28.298589410779247,-14.201784799469534,-14.201784799469534,-10.154095535166254,-10.154095535166254,-10.659780483992606,-10.659780483992606,-13.696099850643183,-13.696099850643183,-1.3578162285444506,-1.3578162285444506,-1.5989506160787954,-1.5989506160787954,-1.568858219713782,-1.568858219713782,-1.387908624909457,-1.387908624909457,preceding,preceding,1,1,vehicle
55465.69999998427,28.458226159742296,28.458226159742296,-14.341303123210594,-14.341303123210594,-10.316300695373158,-10.316300695373158,-10.819154408258632,-10.819154408258632,-13.83844941032512,-13.83844941032512,-1.5635204276787107,-1.5635204276787107,-1.7919700904573688,-1.7919700904573688,-1.7634601263759961,-1.7634601263759961,-1.5920303917601046,-1.5920303917601046,preceding,preceding,1,1,vehicle
55465.799999984265,28.621935460387817,28.621935460387817,-14.514488884982875,-14.514488884982875,-10.512489553231383,-10.512489553231383,-11.012472509241949,-11.012472509241949,-14.014505928972309,-14.014505928972309,-1.751302104260148,-1.751302104260148,-1.9938169190194301,-1.9938169190194301,-1.9635510720956049,-1.9635510720956049,-1.7815679511839733,-1.7815679511839733,preceding,preceding,1,1,vehicle
55465.89999998427,28.80562653335076,28.80562653335076,-14.69156354407055,-14.69156354407055,-10.715064079186213,-10.715064079186213,-11.211864622686766,-11.211864622686766,-14.194763000569997,-14.194763000569997,-1.734066685362734,-1.734066685362734,-1.9873312369927945,-1.9873312369927945,-1.9557232150943094,-1.9557232150943094,-1.7656747072612262,-1.7656747072612262,preceding,preceding,1,1,vehicle
55465.99999998427,28.989141024335257,28.989141024335257,-14.861302222063525,-14.861302222063525,-10.909955800639178,-10.909955800639178,-11.403617152269904,-11.403617152269904,-14.3676408704328,-14.3676408704328,-1.7358810465973562,-1.7358810465973562,-1.986803263759903,-1.986803263759903,-1.9554869426638746,-1.9554869426638746,-1.7671973676933845,-1.7671973676933845,preceding,preceding,1,1,vehicle
55466.09999998427,29.17410134195365,29.17410134195365,-15.03873975338497,-15.03873975338497,-11.11242473193241,-11.11242473193241,-11.60296201121385,-11.60296201121385,-14.548202474103531,-14.548202474103531,-1.5935962982053695,-1.5935962982053695,-1.8526181673098563,-1.8526181673098563,-1.8202903080487118,-1.8202903080487118,-1.6259241574665282,-1.6259241574665282,preceding,preceding,1,1,vehicle
55466.19999998427,29.37455744955434,29.37455744955434,-15.180021481699963,-15.180021481699963,-11.280479434095756,-11.280479434095756,-11.767675213874348,-11.767675213874348,-14.692825701921372,-14.692825701921372,-1.4517653362640743,-1.4517653362640743,-1.7185894256747218,-1.7185894256747218,-1.6852871177286772,-1.6852871177286772,-1.485067644210119,-1.485067644210119,preceding,preceding,1,1,vehicle
55466.299999984265,29.576399694708993,29.576399694708993,-15.32909282063356,-15.32909282063356,-11.456142617062353,-11.456142617062353,-11.94001943475468,-11.94001943475468,-14.845216002941234,-14.845216002941234,-1.3894822647520044,-1.3894822647520044,-1.6572437476898756,-1.6572437476898756,-1.6238237449303696,-1.6238237449303696,-1.4229022675115033,-1.4229022675115033,preceding,preceding,1,1,vehicle
55466.399999984256,29.7838881749199,29.7838881749199,-15.457917934637685,-15.457917934637685,-11.611928183618296,-11.611928183618296,-12.092439962845331,-12.092439962845331,-14.97740615541065,-14.97740615541065,-1.3708092996371732,-1.3708092996371732,-1.6474411536155742,-1.6474411536155742,-1.6129132837868596,-1.6129132837868596,-1.4053371694658807,-1.4053371694658807,preceding,preceding,1,1,vehicle
55466.499999984255,30.00535572038815,30.00535572038815,-15.603254680548233,-15.603254680548233,-11.78563084776999,-11.78563084776999,-12.262602091496912,-12.262602091496912,-15.12628343682131,-15.12628343682131,-1.2813063378285818,-1.2813063378285818,-1.553185140896467,-1.553185140896467,-1.5192498345306618,-1.5192498345306618,-1.3152416441943728,-1.3152416441943728,preceding,preceding,1,1,vehicle
55466.59999998426,30.211339338677135,30.211339338677135,-15.71417920220649,-15.71417920220649,-11.922565211801695,-11.922565211801695,-12.396289929755444,-12.396289929755444,-15.24045448425274,-15.24045448425274,-1.1013118028153315,-1.1013118028153315,-1.3716667498192834,-1.3716667498192834,-1.3379209224162025,-1.3379209224162025,-1.1350576302184265,-1.1350576302184265,preceding,preceding,1,1,vehicle
55466.69999998426,30.436759749157744,30.436759749157744,-15.823517041116222,-15.823517041116222,-12.059964197739802,-12.059964197739802,-12.53018627598598,-12.53018627598598,-15.353294962870045,-15.353294962870045,-1.2021094960178687,-1.2021094960178687,-1.4826279203149824,-1.4826279203149824,-1.4476127674156132,-1.4476127674156132,-1.237124648917245,-1.237124648917245,preceding,preceding,1,1,vehicle
55466.79999998426,30.665412790113134,30.665412790113134,-15.954601101406565,-15.954601101406565,-12.219090795860376,-12.219090795860376,-12.685812483234354,-12.685812483234354,-15.487879414032587,-15.487879414032587,-1.0969047472104734,-1.0969047472104734,-1.3766859247447911,-1.3766859247447911,-1.3417620633708083,-1.3417620633708083,-1.1318286085844704,-1.1318286085844704,preceding,preceding,1,1,vehicle
55466.899999984256,30.896449119077197,30.896449119077197,-16.042897990555126,-16.042897990555126,-12.335301382684754,-12.335301382684754,-12.798538688656237,-12.798538688656237,-15.579660684583644,-15.579660684583644,-0.7609364538786565,-0.7609364538786565,-1.0475298662614492,-1.0475298662614492,-1.011754897801623,-1.011754897801623,-0.7967114223384755,-0.7967114223384755,preceding,preceding,1,1,vehicle
55466.999999984255,31.143619888154486,31.143619888154486,-16.106788392180082,-16.106788392180082,-12.428596769109618,-12.428596769109618,-12.888163462791734,-12.888163462791734,-15.647221698497965,-15.647221698497965,-0.7941658897029384,-0.7941658897029384,-1.077358885961985,-1.077358885961985,-1.0420076648816945,-1.0420076648816945,-0.8295171107832431,-0.8295171107832431,preceding,preceding,1,1,vehicle
55467.099999984246,31.376088742741448,31.376088742741448,-16.201731168485367,-16.201731168485367,-12.550773159864075,-12.550773159864075,-13.006940221619839,-13.006940221619839,-15.745564106729603,-15.745564106729603,-0.6687198765279447,-0.6687198765279447,-0.9567428207495823,-0.9567428207495823,-0.9207878848186226,-0.9207878848186226,-0.7046748124589044,-0.7046748124589044,preceding,preceding,1,1,vehicle
55467.199999984245,31.63946174658163,31.63946174658163,-16.240532367474774,-16.240532367474774,-12.619945333245932,-12.619945333245932,-13.072321039742196,-13.072321039742196,-15.788156660978512,-15.788156660978512,-0.34514113235451305,-0.34514113235451305,-0.6392313266346221,-0.6392313266346221,-0.60251825024244,-0.60251825024244,-0.3818542087467023,-0.3818542087467023,preceding,preceding,1,1,vehicle
55467.29999998425,31.890188817748367,31.890188817748367,-16.270759394957153,-16.270759394957153,-12.678619425193027,-12.678619425193027,-13.127443871670211,-13.127443871670211,-15.821934948479969,-15.821934948479969,-0.2984961743736676,-0.2984961743736676,-0.591414893278241,-0.591414893278241,-0.5548472605279358,-0.5548472605279358,-0.3350638071239729,-0.3350638071239729,preceding,preceding,1,1,vehicle
55467.39999998425,32.16017499069602,32.16017499069602,-16.300231602350866,-16.300231602350866,-12.738228311904095,-12.738228311904095,-13.183290491850151,-13.183290491850151,-15.85516942240481,-15.85516942240481,-0.22789264668631404,-0.22789264668631404,-0.5152090844854555,-0.5152090844854555,-0.47934011758428596,-0.47934011758428596,-0.2637616135874765,-0.2637616135874765,preceding,preceding,1,1,vehicle
55467.49999998425,32.408965125804734,32.408965125804734,-16.31633792429375,-16.31633792429375,-12.781661242088619,-12.781661242088619,-13.223311895185672,-13.223311895185672,-15.874687271196697,-15.874687271196697,-0.16269185278169118,-0.16269185278169118,-0.44834772873065987,-0.44834772873065987,-0.4126853093040097,-0.4126853093040097,-0.19835427220832003,-0.19835427220832003,preceding,preceding,1,1,vehicle
55467.599999984246,32.68473711701689,32.68473711701689,-16.33276997290673,-16.33276997290673,-12.827897857648923,-12.827897857648923,-13.265827553709753,-13.265827553709753,-15.894840276845896,-15.894840276845896,0.029266490300315695,0.029266490300315695,-0.2674393631676608,-0.2674393631676608,-0.23039667855138646,-0.23039667855138646,-0.007776194315965768,-0.007776194315965768,preceding,preceding,1,1,vehicle
55467.699999984245,32.962694721020085,32.962694721020085,-16.310484626233773,-16.310484626233773,-12.835149114721371,-12.835149114721371,-13.269391230895279,-13.269391230895279,-15.876242510059866,-15.876242510059866,0.13271201859907933,0.13271201859907933,-0.15146638343586005,-0.15146638343586005,-0.11598699920479305,-0.11598699920479305,0.09723263436799812,0.09723263436799812,preceding,preceding,1,1,vehicle
55467.79999998424,33.22382913696958,33.22382913696958,-16.3062275691873,-16.3062275691873,-12.858191134335652,-12.858191134335652,-13.289024953550372,-13.289024953550372,-15.875393749972579,-15.875393749972579,0.14675367426923458,0.14675367426923458,-0.136300125987745,-0.136300125987745,-0.1009604265532289,-0.1009604265532289,0.11141397483471849,0.11141397483471849,preceding,preceding,1,1,vehicle
55467.89999998424,33.508857032077074,33.508857032077074,-16.281133891380353,-16.281133891380353,-12.862409139918524,-12.862409139918524,-13.289583316205631,-13.289583316205631,-15.853959715093248,-15.853959715093248,0.3547040466346516,0.3547040466346516,0.06565552687757759,0.06565552687757759,0.10174436807277232,0.10174436807277232,0.31861520543945687,0.31861520543945687,preceding,preceding,1,1,vehicle
55467.99999998424,33.79069676823554,33.79069676823554,-16.235286759861403,-16.235286759861403,-12.84506002896033,-12.84506002896033,-13.268676079936116,-13.268676079936116,-15.811670708885616,-15.811670708885616,0.5603377041877025,0.5603377041877025,0.26982175161167277,0.26982175161167277,0.30609453571106826,0.30609453571106826,0.524064920088307,0.524064920088307,preceding,preceding,1,1,vehicle
55468.09999998424,34.088546656714314,34.088546656714314,-16.169066350544444,-16.169066350544444,-12.808444789596976,-12.808444789596976,-13.228364409064309,-13.228364409064309,-15.749146731077111,-15.749146731077111,0.5893838688512716,0.5893838688512716,0.3004885801467836,0.3004885801467836,0.3365597045604005,0.3365597045604005,0.5533127444376476,0.5533127444376476,preceding,preceding,1,1,vehicle
55468.19999998424,34.37690991765728,34.37690991765728,-16.117409986092863,-16.117409986092863,-12.784962312931846,-12.784962312931846,-13.201364139025014,-13.201364139025014,-15.701008159999695,-15.701008159999695,0.570366525518125,0.570366525518125,0.2881396688343685,0.2881396688343685,0.3233788639081183,0.3233788639081183,0.5351273304443538,0.5351273304443538,preceding,preceding,1,1,vehicle
55468.29999998424,34.67121386330839,34.67121386330839,-16.05499304543755,-16.05499304543755,-12.750816855828068,-12.750816855828068,-13.163688636280495,-13.163688636280495,-15.64212126498512,-15.64212126498512,0.6555262462714495,0.6555262462714495,0.381117689794948,0.381117689794948,0.4153813057142628,0.4153813057142628,0.6212626303521205,0.6212626303521205,preceding,preceding,1,1,vehicle
55468.39999998424,34.95286141222226,34.95286141222226,-15.986304736836168,-15.986304736836168,-12.70873877497177,-12.70873877497177,-13.118287877880908,-13.118287877880908,-15.57675563392703,-15.57675563392703,0.7222953710202376,0.7222953710202376,0.4500147209733214,0.4500147209733214,0.4840132674104609,0.4840132674104609,0.6882968245830767,0.6882968245830767,preceding,preceding,1,1,vehicle
55468.49999998423,35.25252498786933,35.25252498786933,-15.910533971241374,-15.910533971241374,-12.660813911638414,-12.660813911638414,-13.066885982803768,-13.066885982803768,-15.50446190007602,-15.50446190007602,0.7270772833169019,0.7270772833169019,0.45583888343624324,0.45583888343624324,0.4897078748838197,0.4897078748838197,0.6932082918693396,0.6932082918693396,preceding,preceding,1,1,vehicle
55468.59999998423,35.5414280458631,35.5414280458631,-15.840889280180638,-15.840889280180638,-12.617570998289507,-12.617570998289507,-13.020346302909486,-13.020346302909486,-15.43811397556066,-15.43811397556066,0.730498584692512,0.730498584692512,0.46058868736690073,0.46058868736690073,0.49429239644759093,0.49429239644759093,0.6967948756118147,0.6967948756118147,preceding,preceding,1,1,vehicle
55468.69999998423,35.84832265692059,35.84832265692059,-15.764434254305,-15.764434254305,-12.568696174166375,-12.568696174166375,-12.968027503515687,-12.968027503515687,-15.365102924955687,-15.365102924955687,0.8971613935062379,0.8971613935062379,0.6171014588019261,0.6171014588019261,0.6520732210563267,0.6520732210563267,0.8621896312518516,0.8621896312518516,preceding,preceding,1,1,vehicle
55468.79999998423,36.17028650316412,36.17028650316412,-15.661457001482,-15.661457001482,-12.494150706530919,-12.494150706530919,-12.889931658700121,-12.889931658700121,-15.265676049312798,-15.265676049312798,0.9340961391331604,0.9340961391331604,0.661086482490532,0.661086482490532,0.6951784429611934,0.6951784429611934,0.9000041786625133,0.9000041786625133,preceding,preceding,1,1,vehicle
55468.89999998423,36.47178950177323,36.47178950177323,-15.577615026481086,-15.577615026481086,-12.436478877670192,-12.436478877670192,-12.828991814925473,-12.828991814925473,-15.185102089225804,-15.185102089225804,0.9304619674068704,0.9304619674068704,0.6720716345159303,0.6720716345159303,0.7043385629420413,0.7043385629420413,0.8981950389807878,0.8981950389807878,preceding,preceding,1,1,vehicle
55468.99999998423,36.77053624939224,36.77053624939224,-15.475364607995223,-15.475364607995223,-12.359736379623412,-12.359736379623412,-12.749063946107258,-12.749063946107258,-15.086037041511377,-15.086037041511377,1.1252258821190537,1.1252258821190537,0.8705041340927195,0.8705041340927195,0.902313455730031,0.902313455730031,1.093416560481728,1.093416560481728,preceding,preceding,1,1,vehicle
55469.09999998423,37.073355758613175,37.073355758613175,-15.35256985005386,-15.35256985005386,-12.262378050849348,-12.262378050849348,-12.648529123777026,-12.648529123777026,-14.966418777126181,-14.966418777126181,1.0789776004359624,1.0789776004359624,0.8216895115120266,0.8216895115120266,0.853819828495638,0.853819828495638,1.0468472834523652,1.0468472834523652,preceding,preceding,1,1,vehicle
55469.199999984216,37.38833778463717,37.38833778463717,-15.259569087922534,-15.259569087922534,-12.195398477330935,-12.195398477330935,-12.578299980418631,-12.578299980418631,-14.876667584834838,-14.876667584834838,0.8286047706228601,0.8286047706228601,0.5770723656724854,0.5770723656724854,0.608484389789119,0.608484389789119,0.7971927465062265,0.7971927465062265,preceding,preceding,1,1,vehicle
55469.29999998422,37.68717075671408,37.68717075671408,-15.186848895942154,-15.186848895942154,-12.146963577724778,-12.146963577724778,-12.526832245829496,-12.526832245829496,-14.806980227837435,-14.806980227837435,0.8071971073615885,0.8071971073615885,0.5612170609310851,0.5612170609310851,0.5919361698767318,0.5919361698767318,0.7764779984159276,0.7764779984159276,preceding,preceding,1,1,vehicle
55469.39999998422,37.99870015789251,37.99870015789251,-15.098129666447857,-15.098129666447857,-12.083155065143387,-12.083155065143387,-12.459912746441825,-12.459912746441825,-14.72137198514942,-14.72137198514942,0.8234865547658359,0.8234865547658359,0.5756955540566722,0.5756955540566722,0.6066412818986677,0.6066412818986677,0.7925408269238403,0.7925408269238403,preceding,preceding,1,1,vehicle
55469.49999998422,38.31204478110854,38.31204478110854,-15.022151584991384,-15.022151584991384,-12.031824466915118,-12.031824466915118,-12.405503989451528,-12.405503989451528,-14.648472062454974,-14.648472062454974,0.7691257494580981,0.7691257494580981,0.5292999609388502,0.5292999609388502,0.5592513761233135,0.5592513761233135,0.7391743342736419,0.7391743342736419,preceding,preceding,1,1,vehicle
55469.59999998422,38.61327466206245,38.61327466206245,-14.944304516558475,-14.944304516558475,-11.977295072957158,-11.977295072957158,-12.34806247121879,-12.34806247121879,-14.573537118296843,-14.573537118296843,0.9185280037846724,0.9185280037846724,0.6816068546617089,0.6816068546617089,0.7111959442259774,0.7111959442259774,0.8889389142203896,0.8889389142203896,preceding,preceding,1,1,vehicle
55469.699999984216,38.92918370975114,38.92918370975114,-14.838445984237122,-14.838445984237122,-11.895503095984761,-11.895503095984761,-12.263264800608402,-12.263264800608402,-14.470684279613481,-14.470684279613481,0.8075355166193674,0.8075355166193674,0.5744138788428046,0.5744138788428046,0.603528842255983,0.603528842255983,0.7784205532061748,0.7784205532061748,preceding,preceding,1,1,vehicle
55469.79999998421,39.23001404415982,39.23001404415982,-14.782797413239175,-14.782797413239175,-11.862412297190906,-11.862412297190906,-12.227356702770184,-12.227356702770184,-14.417853007659897,-14.417853007659897,0.6977087864944593,0.6977087864944593,0.4755742952782356,0.4755742952782356,0.5033174289277369,0.5033174289277369,0.6699656528449651,0.6699656528449651,preceding,preceding,1,1,vehicle
55469.899999984205,39.5261298234196,39.5261298234196,-14.698904226943283,-14.698904226943283,-11.800388236931854,-11.800388236931854,-12.162601314825883,-12.162601314825883,-14.336691149049253,-14.336691149049253,0.846518551621017,0.846518551621017,0.6267810510727045,0.6267810510727045,0.6542251729990056,0.6542251729990056,0.819074429694723,0.819074429694723,preceding,preceding,1,1,vehicle
55469.99999998421,39.82964539197396,39.82964539197396,-14.613493702911166,-14.613493702911166,-11.737056086973533,-11.737056086973533,-12.09651166816743,-12.09651166816743,-14.254038121717269,-14.254038121717269,0.703508802493019,0.703508802493019,0.48276550435011956,0.48276550435011956,0.5103355953506252,0.5103355953506252,0.6759387114925062,0.6759387114925062,preceding,preceding,1,1,vehicle
55470.09999998421,40.137741545389794,40.137741545389794,-14.558202466439418,-14.558202466439418,-11.703835136057531,-11.703835136057531,-12.06053419575134,-12.06053419575134,-14.20150340674561,-14.20150340674561,0.6851478291654871,0.6851478291654871,0.46896950656110903,0.46896950656110903,0.4959697823282383,0.4959697823282383,0.6581475533983507,0.6581475533983507,preceding,preceding,1,1,vehicle
55470.19999998421,40.437713352504716,40.437713352504716,-14.476464137080063,-14.476464137080063,-11.643262185662676,-11.643262185662676,-11.997317711703225,-11.997317711703225,-14.122408611039514,-14.122408611039514,0.7580550779713207,0.7580550779713207,0.5473614307278396,0.5473614307278396,0.5736770029271625,0.5736770029271625,0.7317395057719978,0.7317395057719978,preceding,preceding,1,1,vehicle
55470.29999998421,40.73941670072303,40.73941670072303,-14.40659145084736,-14.40659145084736,-11.594362849913557,-11.594362849913557,-11.945798795167576,-11.945798795167576,-14.05515550559334,-14.05515550559334,0.7588839128206075,0.7588839128206075,0.5488066999007799,0.5488066999007799,0.5750455923948365,0.5750455923948365,0.7326450203265438,0.7326450203265438,preceding,preceding,1,1,vehicle
55470.399999984205,41.04666437556342,41.04666437556342,-14.324687354518149,-14.324687354518149,-11.533500845684118,-11.533500845684118,-11.882308593225932,-11.882308593225932,-13.975879606976335,-13.975879606976335,0.7231393113667224,0.7231393113667224,0.5209594057220954,0.5209594057220954,0.5462122009845061,0.5462122009845061,0.6978865161043046,0.6978865161043046,preceding,preceding,1,1,vehicle
55470.49999998421,41.33397602572183,41.33397602572183,-14.261963588572254,-14.261963588572254,-11.49017096876814,-11.49017096876814,-11.83655635496958,-11.83655635496958,-13.915578202370813,-13.915578202370813,0.8114553813998953,0.8114553813998953,0.6107367875086638,0.6107367875086638,0.6358073527018888,0.6358073527018888,0.7863848162066631,0.7863848162066631,preceding,preceding,1,1,vehicle
55470.5999999842,41.645860066929686,41.645860066929686,-14.162396278245893,-14.162396278245893,-11.411353488189327,-11.411353488189327,-11.755147122692595,-11.755147122692595,-13.818602643742626,-13.818602643742626,0.9351356821301238,0.9351356821301238,0.7323525463085403,0.7323525463085403,0.7576812554246644,0.7576812554246644,0.9098069730140139,0.9098069730140139,preceding,preceding,1,1,vehicle
55470.6999999842,41.94798958075384,41.94798958075384,-14.074936452156635,-14.074936452156635,-11.343700459514704,-11.343700459514704,-11.685020103893187,-11.685020103893187,-13.733616807778152,-13.733616807778152,0.8634338071222487,0.8634338071222487,0.6642428299720962,0.6642428299720962,0.6891231373335103,0.6891231373335103,0.8385534997608346,0.8385534997608346,preceding,preceding,1,1,vehicle
55470.7999999842,42.25803406288549,42.25803406288549,-13.989709516823954,-13.989709516823954,-11.278504922196841,-11.278504922196841,-11.617322495227898,-11.617322495227898,-13.650891943792898,-13.650891943792898,0.7134223502309283,0.7134223502309283,0.5228533433099329,0.5228533433099329,0.5466569535536223,0.5466569535536223,0.6896187399872389,0.6896187399872389,preceding,preceding,1,1,vehicle
55470.8999999842,42.54187231811678,42.54187231811678,-13.932251982112525,-13.932251982112525,-11.23912979085424,-11.23912979085424,-11.575688713184054,-11.575688713184054,-13.595693059782711,-13.595693059782711,0.7469548839013527,0.7469548839013527,0.5607726863324345,0.5607726863324345,0.5840285949778519,0.5840285949778519,0.7236989752559282,0.7236989752559282,preceding,preceding,1,1,vehicle
55470.9999999842,42.846717990125306,42.846717990125306,-13.840318540045859,-13.840318540045859,-11.166350384931986,-11.166350384931986,-11.500516776234027,-11.500516776234027,-13.506152148743817,-13.506152148743817,0.9129276285859191,0.9129276285859191,0.7227072495964322,0.7227072495964322,0.7464678009042913,0.7464678009042913,0.8891670772780458,0.8891670772780458,preceding,preceding,1,1,vehicle
55471.0999999842,43.151669111339665,43.151669111339665,-13.74966645639145,-13.74966645639145,-11.094588340931873,-11.094588340931873,-11.426395153000012,-11.426395153000012,-13.417859644323311,-13.417859644323311,0.8663312626416513,0.8663312626416513,0.6853008346427245,0.6853008346427245,0.7079136830732438,0.7079136830732438,0.8437184142111249,0.8437184142111249,preceding,preceding,1,1,vehicle
55471.19999998419,43.43504679525923,43.43504679525923,-13.6670522875246,-13.6670522875246,-11.029290218009011,-11.029290218009011,-11.358934039625137,-11.358934039625137,-13.337408465908474,-13.337408465908474,0.881816971738175,0.881816971738175,0.7046677059467257,0.7046677059467257,0.7267959679617633,0.7267959679617633,0.8596887097231303,0.8596887097231303,preceding,preceding,1,1,vehicle
55471.29999998419,43.7354883135054,43.7354883135054,-13.57330306205037,-13.57330306205037,-10.953654799747449,-10.953654799747449,-11.281035959412785,-11.281035959412785,-13.245921902385033,-13.245921902385033,0.9310375291620829,0.9310375291620829,0.7544695315020107,0.7544695315020107,0.7765253857044172,0.7765253857044172,0.9089816749596906,0.9089816749596906,preceding,preceding,1,1,vehicle
55471.39999998419,44.02464009330113,44.02464009330113,-13.480844781688024,-13.480844781688024,-10.878396311705288,-10.878396311705288,-11.203628962480828,-11.203628962480828,-13.155612130912484,-13.155612130912484,1.010357517831082,1.010357517831082,0.8348544311811992,0.8348544311811992,0.8567774690788141,0.8567774690788141,0.9884344799334457,0.9884344799334457,preceding,preceding,1,1,vehicle
55471.49999998419,44.32966348587885,44.32966348587885,-13.371231558487095,-13.371231558487095,-10.78668391351364,-10.78668391351364,-11.109680465599515,-11.109680465599515,-13.04823500640122,-13.04823500640122,0.9598046577284691,0.9598046577284691,0.7839780411166828,0.7839780411166828,0.8059416892630153,0.8059416892630153,0.9378410095821295,0.9378410095821295,preceding,preceding,1,1,vehicle
55471.59999998419,44.62787295522712,44.62787295522712,-13.288883850145124,-13.288883850145124,-10.721600703484233,-10.721600703484233,-11.04244062463057,-11.04244062463057,-12.968043928998787,-12.968043928998787,0.9143819798579642,0.9143819798579642,0.747039439099467,0.747039439099467,0.7679434698076193,0.7679434698076193,0.8934779491498261,0.8934779491498261,preceding,preceding,1,1,vehicle
55471.69999998419,44.91143599915233,44.91143599915233,-13.188355162518162,-13.188355162518162,-10.63727602569592,-10.63727602569592,-10.956091771640226,-10.956091771640226,-12.869539416573856,-12.869539416573856,0.9612539332117507,0.9612539332117507,0.7945141759804102,0.7945141759804102,0.8153430918783613,0.8153430918783613,0.9404250173137925,0.9404250173137925,preceding,preceding,1,1,vehicle
55471.79999998418,45.215395091108476,45.215395091108476,-13.096633063511925,-13.096633063511925,-10.562697868295535,-10.562697868295535,-10.879372006262503,-10.879372006262503,-12.779958925544957,-12.779958925544957,0.9813110910339589,0.9813110910339589,0.8200242649636778,0.8200242649636778,0.8401721682182455,0.8401721682182455,0.9611631877793911,0.9611631877793911,preceding,preceding,1,1,vehicle
55471.899999984176,45.48678450692379,45.48678450692379,-12.992092944320433,-12.992092944320433,-10.473271172710458,-10.473271172710458,-10.788057338004073,-10.788057338004073,-12.677306779026818,-12.677306779026818,1.0495456318958816,1.0495456318958816,0.8972762629166695,0.8972762629166695,0.9162978642552702,0.9162978642552702,1.030524030557281,1.030524030557281,preceding,preceding,1,1,vehicle
55471.99999998418,45.76560099876757,45.76560099876757,-12.886723937128107,-12.886723937128107,-10.383242615708241,-10.383242615708241,-10.696112433407404,-10.696112433407404,-12.573854119428944,-12.573854119428944,1.1046034757352743,1.1046034757352743,0.9505456178933898,0.9505456178933898,0.9697907864095683,0.9697907864095683,1.0853583072191029,1.0853583072191029,preceding,preceding,1,1,vehicle
55472.09999998418,46.0502741957083,46.0502741957083,-12.771172249169295,-12.771172249169295,-10.283162049128363,-10.283162049128363,-10.594099180718658,-10.594099180718658,-12.460235117579,-12.460235117579,1.210286894006579,1.210286894006579,1.0539765898773794,1.0539765898773794,1.0735032895387988,1.0735032895387988,1.1907601943451596,1.1907601943451596,preceding,preceding,1,1,vehicle
55472.19999998418,46.34450576336402,46.34450576336402,-12.644666558330314,-12.644666558330314,-10.172447297735832,-10.172447297735832,-10.48141177550277,-10.48141177550277,-12.335702080563378,-12.335702080563378,1.1809363124242864,1.1809363124242864,1.0293412242089417,1.0293412242089417,1.0482790274909703,1.0482790274909703,1.1619985091422578,1.1619985091422578,preceding,preceding,1,1,vehicle
55472.29999998418,46.61854546439974,46.61854546439974,-12.534984986687876,-12.534984986687876,-10.07729380428957,-10.07729380428957,-10.384443375223515,-10.384443375223515,-12.22783541575393,-12.22783541575393,1.137107246859884,1.137107246859884,0.993009331629132,0.993009331629132,1.0110106946629145,1.0110106946629145,1.1191058838261014,1.1191058838261014,preceding,preceding,1,1,vehicle
55472.399999984176,46.89130187701767,46.89130187701767,-12.417245108961646,-12.417245108961646,-9.973845431412895,-9.973845431412895,-10.279209636573128,-10.279209636573128,-12.111880903801413,-12.111880903801413,1.2566660356006238,1.2566660356006238,1.113320804183381,1.113320804183381,1.1312282654298755,1.1312282654298755,1.2387585743541365,1.2387585743541365,preceding,preceding,1,1,vehicle
55472.49999998418,47.168938467942965,47.168938467942965,-12.283651779561112,-12.283651779561112,-9.854629643446884,-9.854629643446884,-10.158197722131455,-10.158197722131455,-11.980083700876541,-11.980083700876541,1.2914428753553722,1.2914428753553722,1.155834677623858,1.155834677623858,1.1727756984296391,1.1727756984296391,1.2745018545495839,1.2745018545495839,preceding,preceding,1,1,vehicle
55472.59999998417,47.4177944362582,47.4177944362582,-12.158956533893036,-12.158956533893036,-9.74267849589043,-9.74267849589043,-10.044654496889526,-10.044654496889526,-11.85698053289394,-11.85698053289394,1.2632316848101937,1.2632316848101937,1.1318229070494112,1.1318229070494112,1.1482394212140647,1.1482394212140647,1.246815170645526,1.246815170645526,preceding,preceding,1,1,vehicle
55472.69999998417,47.685037474364314,47.685037474364314,-12.031005442611704,-12.031005442611704,-9.628265062048353,-9.628265062048353,-9.928549837900151,-9.928549837900151,-11.730720666759906,-11.730720666759906,1.2911029255049868,1.2911029255049868,1.162221139491571,1.162221139491571,1.1783220609191645,1.1783220609191645,1.2750020040773933,1.2750020040773933,preceding,preceding,1,1,vehicle
55472.79999998417,47.92924291265243,47.92924291265243,-11.900735948795797,-11.900735948795797,-9.510234267995498,-9.510234267995498,-9.808990084709123,-9.808990084709123,-11.601980132082172,-11.601980132082172,1.3548490932086708,1.3548490932086708,1.2306666779187339,1.2306666779187339,1.2461806143832135,1.2461806143832135,1.3393351567441982,1.3393351567441982,preceding,preceding,1,1,vehicle
55472.89999998417,48.183238444957965,48.183238444957965,-11.760035623973913,-11.760035623973913,-9.382131726468188,-9.382131726468188,-9.679313715027137,-9.679313715027137,-11.462853635414964,-11.462853635414964,1.3499259801779715,1.3499259801779715,1.225114721871364,1.225114721871364,1.2407073102985322,1.2407073102985322,1.3343333917508033,1.3343333917508033,preceding,preceding,1,1,vehicle
55472.99999998417,48.43516015733023,48.43516015733023,-11.630750752764131,-11.630750752764131,-9.265211323624792,-9.265211323624792,-9.560848622653028,-9.560848622653028,-11.335113453735895,-11.335113453735895,1.2648384844273863,1.2648384844273863,1.1461848661012368,1.1461848661012368,1.1610082688981862,1.1610082688981862,1.2500150816304298,1.2500150816304298,preceding,preceding,1,1,vehicle
55473.09999998417,48.669077720858276,48.669077720858276,-11.507067927083321,-11.507067927083321,-9.152894753243272,-9.152894753243272,-9.447112061242775,-9.447112061242775,-11.212850619083818,-11.212850619083818,1.2842425400443673,1.2842425400443673,1.1696403321450148,1.1696403321450148,1.1839576728622916,1.1839576728622916,1.2699251993270906,1.2699251993270906,preceding,preceding,1,1,vehicle
55473.19999998417,48.909189091945656,48.909189091945656,-11.37390224475034,-11.37390224475034,-9.031283257191358,-9.031283257191358,-9.324057088076078,-9.324057088076078,-11.08112841386562,-11.08112841386562,1.2954280790789383,1.2954280790789383,1.1801869622725434,1.1801869622725434,1.1945841996663304,1.1945841996663304,1.2810308416851512,1.2810308416851512,preceding,preceding,1,1,vehicle
55473.29999998416,49.15041181454803,49.15041181454803,-11.247982311280204,-11.247982311280204,-8.916857360800261,-8.916857360800261,-9.208195221321153,-9.208195221321153,-10.956644450759311,-10.956644450759311,1.2581590889044492,1.2581590889044492,1.1490838898649116,1.1490838898649116,1.1627108800283068,1.1627108800283068,1.244532098741054,1.244532098741054,preceding,preceding,1,1,vehicle
55473.39999998416,49.36905208594005,49.36905208594005,-11.122270426982281,-11.122270426982281,-8.80146647923001,-8.80146647923001,-9.0915149120822,-9.0915149120822,-10.83222199413009,-10.83222199413009,1.226546587449313,1.226546587449313,1.1192526981608069,1.1192526981608069,1.1326572161910349,1.1326572161910349,1.2131420694190922,1.2131420694190922,preceding,preceding,1,1,vehicle
55473.49999998416,49.607186685370145,49.607186685370145,-11.00267299379391,-11.00267299379391,-8.693006821171357,-8.693006821171357,-8.981663778086244,-8.981663778086244,-10.714016036879023,-10.714016036879023,1.4847897665813363,1.4847897665813363,1.3757786627573054,1.3757786627573054,1.3893977832555109,1.3893977832555109,1.4711706460831309,1.4711706460831309,preceding,preceding,1,1,vehicle
55473.59999998416,49.837363163846746,49.837363163846746,-10.825312473670335,-10.825312473670335,-8.526310746682553,-8.526310746682553,-8.813635355435142,-8.813635355435142,-10.537987864917746,-10.537987864917746,1.4317703973293376,1.4317703973293376,1.3259713989536124,1.3259713989536124,1.3391892863211439,1.3391892863211439,1.4185525099618062,1.4185525099618062,preceding,preceding,1,1,vehicle
55473.69999998416,50.065984259229566,50.065984259229566,-10.71631891433221,-10.71631891433221,-8.427812541384494,-8.427812541384494,-8.713825920825911,-8.713825920825911,-10.430305534890792,-10.430305534890792,1.1426359037767355,1.1426359037767355,1.0452539954652096,1.0452539954652096,1.0574203573244532,1.0574203573244532,1.1304695419174777,1.1304695419174777,preceding,preceding,1,1,vehicle
55473.79999998416,50.263289954257196,50.263289954257196,-10.596785292909233,-10.596785292909233,-8.317259947584072,-8.317259947584072,-8.602151283964771,-8.602151283964771,-10.311893956528534,-10.311893956528534,1.2261223268078822,1.2261223268078822,1.1352338262558845,1.1352338262558845,1.1465889884314677,1.1465889884314677,1.2147671646323133,1.2147671646323133,preceding,preceding,1,1,vehicle
55473.89999998416,50.46695066016141,50.46695066016141,-10.471094448965728,-10.471094448965728,-8.200765776128792,-8.200765776128792,-8.484508123135047,-8.484508123135047,-10.187352101959473,-10.187352101959473,1.2424704654372931,1.2424704654372931,1.1464896129179891,1.1464896129179891,1.1584810402738412,1.1584810402738412,1.230479038081441,1.230479038081441,preceding,preceding,1,1,vehicle
55473.99999998415,50.69027032983514,50.69027032983514,-10.348291199834222,-10.348291199834222,-8.087962025011883,-8.087962025011883,-8.370455075921543,-8.370455075921543,-10.065798148924562,-10.065798148924562,1.2838228914799927,1.2838228914799927,1.1870792921570228,1.1870792921570228,1.1991660645421547,1.1991660645421547,1.2717361190948537,1.2717361190948537,preceding,preceding,1,1,vehicle
55474.09999998415,50.900861844521316,50.900861844521316,-10.214329870681995,-10.214329870681995,-7.963349917708621,-7.963349917708621,-8.244674910237977,-8.244674910237977,-9.933004878152639,-9.933004878152639,1.3659350532998147,1.3659350532998147,1.2754753687521685,1.2754753687521685,1.2867771008433309,1.2867771008433309,1.3546333212086523,1.3546333212086523,preceding,preceding,1,1,vehicle
55474.19999998415,51.09938053787621,51.09938053787621,-10.075104189178235,-10.075104189178235,-7.832866951265162,-7.832866951265162,-8.113099655756622,-8.113099655756622,-9.794871484686775,-9.794871484686775,1.1838137257340549,1.1838137257340549,1.0995367747179117,1.0995367747179117,1.110066097967831,1.110066097967831,1.1732844024841356,1.1732844024841356,preceding,preceding,1,1,vehicle
55474.29999998415,51.28498268531933,51.28498268531933,-9.977567125538629,-9.977567125538629,-7.743442562768239,-7.743442562768239,-8.022661690647642,-8.022661690647642,-9.698347997659226,-9.698347997659226,1.1537069056145697,1.1537069056145697,1.0747060128733281,1.0747060128733281,1.08457619667265,1.08457619667265,1.143836721815262,1.143836721815262,preceding,preceding,1,1,vehicle
55474.39999998415,51.4621056943337,51.4621056943337,-9.844362808058678,-9.844362808058678,-7.617925748693624,-7.617925748693624,-7.896184416425249,-7.896184416425249,-9.566104140327052,-9.566104140327052,1.1679646491439755,1.1679646491439755,1.094456023085229,1.094456023085229,1.1036400471310586,1.1036400471310586,1.1587806250981671,1.1587806250981671,preceding,preceding,1,1,vehicle
55474.49999998415,51.62478642993739,51.62478642993739,-9.743974195707121,-9.743974195707121,-7.524551358148753,-7.524551358148753,-7.801933681218957,-7.801933681218957,-9.466591872636917,-9.466591872636917,1.1066074741451288,1.1066074741451288,1.0356486603413089,1.0356486603413089,1.044514145129014,1.044514145129014,1.0977419893574165,1.0977419893574165,preceding,preceding,1,1,vehicle
55474.599999984144,51.792322801755105,51.792322801755105,-9.623041313235863,-9.623041313235863,-7.410796016631341,-7.410796016631341,-7.6872815874054545,-7.6872815874054545,-9.34655574246175,-9.34655574246175,1.257348590493514,1.257348590493514,1.1836868015257807,1.1836868015257807,1.1928900215729499,1.1928900215729499,1.2481453704463448,1.2481453704463448,preceding,preceding,1,1,vehicle
55474.69999998414,51.96984367723746,51.96984367723746,-9.492504477620528,-9.492504477620528,-7.2878139978549825,-7.2878139978549825,-7.563355676915843,-7.563355676915843,-9.216962798559667,-9.216962798559667,1.2489096597128153,1.2489096597128153,1.1756592539545778,1.1756592539545778,1.1848111051025327,1.1848111051025327,1.2397578085648604,1.2397578085648604,preceding,preceding,1,1,vehicle
55474.79999998414,52.137677425273864,52.137677425273864,-9.373259381296934,-9.373259381296934,-7.1756641658438465,-7.1756641658438465,-7.4503193663883955,-7.4503193663883955,-9.098604180752385,-9.098604180752385,1.224116801817111,1.224116801817111,1.1621502250688138,1.1621502250688138,1.1698923049375693,1.1698923049375693,1.2163747219483625,1.2163747219483625,preceding,preceding,1,1,vehicle
55474.89999998414,52.26370766339943,52.26370766339943,-9.247681117260669,-9.247681117260669,-7.055383952844601,-7.055383952844601,-7.329377215931735,-7.329377215931735,-8.973687854173534,-8.973687854173534,1.2142356898994535,1.2142356898994535,1.1533049660000358,1.1533049660000358,1.1609176501870735,1.1609176501870735,1.2066230057124088,1.2066230057124088,preceding,preceding,1,1,vehicle
55474.99999998414,52.4284754596916,52.4284754596916,-9.130412243320578,-9.130412243320578,-6.945003172647197,-6.945003172647197,-7.218135836354359,-7.218135836354359,-8.857279579613415,-8.857279579613415,0.9828406247305779,0.9828406247305779,0.9248169489886138,0.9248169489886138,0.9320664424952056,0.9320664424952056,0.9755911312239647,0.9755911312239647,preceding,preceding,1,1,vehicle
55475.099999984144,52.5419010035047,52.5419010035047,-9.051112992313026,-9.051112992313026,-6.870420563045447,-6.870420563045447,-7.142963927431248,-7.142963927431248,-8.778569627927226,-8.778569627927226,1.0219604059238776,1.0219604059238776,0.9706446578439696,0.9706446578439696,0.9770560784908824,0.9770560784908824,1.015548985276979,1.015548985276979,preceding,preceding,1,1,vehicle
55475.19999998414,52.67591241099918,52.67591241099918,-8.926020162134673,-8.926020162134673,-6.750874241077438,-6.750874241077438,-7.022724620655198,-7.022724620655198,-8.654169782556911,-8.654169782556911,1.2018038792356052,1.2018038792356052,1.1508243981760486,1.1508243981760486,1.1571938184115282,1.1571938184115282,1.1954344590001327,1.1954344590001327,preceding,preceding,1,1,vehicle
55475.29999998413,52.78877577056539,52.78877577056539,-8.810752216485461,-8.810752216485461,-6.640255683429034,-6.640255683429034,-6.911525163767834,-6.911525163767834,-8.539482736146661,-8.539482736146661,1.2064848563773296,1.2064848563773296,1.1602737108301966,1.1602737108301966,1.1660473838463972,1.1660473838463972,1.200711183361122,1.200711183361122,preceding,preceding,1,1,vehicle
55475.39999998413,52.90074215093835,52.90074215093835,-8.684723190869148,-8.684723190869148,-6.518819498920855,-6.518819498920855,-6.789515143895436,-6.789515143895436,-8.414027545894568,-8.414027545894568,1.1871116716895358,1.1871116716895358,1.1447424231386094,1.1447424231386094,1.1500360949731885,1.1500360949731885,1.1818179998549567,1.1818179998549567,preceding,preceding,1,1,vehicle
55475.49999998413,52.995725935769435,52.995725935769435,-8.573329882141307,-8.573329882141307,-6.411307198795301,-6.411307198795301,-6.6815179447671555,-6.6815179447671555,-8.303119136169451,-8.303119136169451,1.0208043101661914,1.0208043101661914,0.9838229554533129,0.9838229554533129,0.9884434645754681,0.9884434645754681,1.0161838010440292,1.0161838010440292,preceding,preceding,1,1,vehicle
55475.59999998413,53.08205320958966,53.08205320958966,-8.48056232883888,-8.48056232883888,-6.322054907833056,-6.322054907833056,-6.591826450983219,-6.591826450983219,-8.210790785688719,-8.210790785688719,1.1060018146263104,1.1060018146263104,1.067965711147444,1.067965711147444,1.0727180104390328,1.0727180104390328,1.1012495153347146,1.1012495153347146,preceding,preceding,1,1,vehicle
55475.69999998413,53.18289768187178,53.18289768187178,-8.352129519219265,-8.352129519219265,-6.197714056568921,-6.197714056568921,-6.466974342682471,-6.466974342682471,-8.082869233105713,-8.082869233105713,1.4336527898149143,1.4336527898149143,1.3972438483531953,1.3972438483531953,1.4017928536693738,1.4017928536693738,1.4291037844987429,1.4291037844987429,preceding,preceding,1,1,vehicle
55475.79999998413,53.261775671144555,53.261775671144555,-8.19383177088007,-8.19383177088007,-6.042606138166484,-6.042606138166484,-6.311467880253424,-6.311467880253424,-7.92497002879313,-7.92497002879313,1.4736023998653565,1.4736023998653565,1.4441685036084522,1.4441685036084522,1.447846038327377,1.447846038327377,1.4699248651464245,1.4699248651464245,preceding,preceding,1,1,vehicle
55475.89999998413,53.32864843115242,53.32864843115242,-8.057409039241353,-8.057409039241353,-5.908880355842481,-5.908880355842481,-6.177405135012236,-6.177405135012236,-7.7888842600715975,-7.7888842600715975,1.2876842004344908,1.2876842004344908,1.261905611550823,1.261905611550823,1.2651264481653683,1.2651264481653683,1.2844633638199454,1.2844633638199454,preceding,preceding,1,1,vehicle
55475.99999998413,53.38976177864172,53.38976177864172,-7.9362949307864366,-7.9362949307864366,-5.790225015849714,-5.790225015849714,-6.058442590613729,-6.058442590613729,-7.668077356022422,-7.668077356022422,1.407895206424051,1.407895206424051,1.3826505532446909,1.3826505532446909,1.3858046822765786,1.3858046822765786,1.4047410773921598,1.4047410773921598,preceding,preceding,1,1,vehicle
55476.09999998412,53.45429257826824,53.45429257826824,-7.775829997973748,-7.775829997973748,-5.63235024521048,-5.63235024521048,-5.900244198573891,-5.900244198573891,-7.507936044610337,-7.507936044610337,1.423502900390858,1.423502900390858,1.4049793437009193,1.4049793437009193,1.4072937241880297,1.4072937241880297,1.421188519903744,1.421188519903744,preceding,preceding,1,1,vehicle
55476.19999998412,53.48210825263125,53.48210825263125,-7.651594350725401,-7.651594350725401,-5.50922914712637,-5.50922914712637,-5.776983845793,-5.776983845793,-7.3838396520587715,-7.3838396520587715,1.475085513610665,1.475085513610665,1.4610924881877914,1.4610924881877914,1.4628408141278655,1.4628408141278655,1.4733371876705874,1.4733371876705874,preceding,preceding,1,1,vehicle
55476.29999998412,53.52419198077207,53.52419198077207,-7.480812895255908,-7.480812895255908,-5.340131747577174,-5.340131747577174,-5.607676035752576,-5.607676035752576,-7.213268607080506,-7.213268607080506,1.644202632699944,1.644202632699944,1.629258214232582,1.629258214232582,1.6311254107260922,1.6311254107260922,1.6423354362064373,1.6423354362064373,preceding,preceding,1,1,vehicle
55476.39999998412,53.5568445336121,53.5568445336121,-7.322753824190197,-7.322753824190197,-5.1833775042845955,-5.1833775042845955,-5.450758763652528,-5.450758763652528,-7.055372564822264,-7.055372564822264,1.3278000374654297,1.3278000374654297,1.3233953686409308,1.3233953686409308,1.3239457001524109,1.3239457001524109,1.327249705953946,1.327249705953946,preceding,preceding,1,1,vehicle
55476.49999998413,53.546232467084806,53.546232467084806,-7.215252887754722,-7.215252887754722,-5.0754526738406875,-5.0754526738406875,-5.342886895713818,-5.342886895713818,-6.9478186658815915,-6.9478186658815915,1.2091587391892133,1.2091587391892133,1.20643072103762,1.20643072103762,1.2067715673402972,1.2067715673402972,1.208817892886536,1.208817892886536,preceding,preceding,1,1,vehicle
55476.59999998412,53.57050975676946,53.57050975676946,-7.080922076352931,-7.080922076352931,-4.942091360077357,-4.942091360077357,-5.209404450184791,-5.209404450184791,-6.813608986245497,-6.813608986245497,1.500739650531841,1.500739650531841,1.4938366601875863,1.4938366601875863,1.4946991393204314,1.4946991393204314,1.4998771713989925,1.4998771713989925,preceding,preceding,1,1,vehicle
55476.699999984114,53.58081081022204,53.58081081022204,-6.9151049576745605,-6.9151049576745605,-4.776685341829256,-4.776685341829256,-5.043947067875832,-5.043947067875832,-6.647843231627984,-6.647843231627984,1.0823364713320842,1.0823364713320842,1.0841640627235023,1.0841640627235023,1.0839357182778464,1.0839357182778464,1.0825648157777366,1.0825648157777366,oncoming,oncoming,1,1,vehicle
55476.79999998411,53.56135419216907,53.56135419216907,-6.86445478210592,-6.86445478210592,-4.725258547551993,-4.725258547551993,-4.992617306548567,-4.992617306548567,-6.597096023109346,-6.597096023109346,0.8693502460107112,0.8693502460107112,0.8769700531074456,0.8769700531074456,0.8760180128918371,0.8760180128918371,0.8703022862263126,0.8703022862263126,oncoming,oncoming,1,1,vehicle
55476.89999998411,53.54264435745806,53.54264435745806,-6.741234908474949,-6.741234908474949,-4.601291331210319,-4.601291331210319,-4.868743465300015,-4.868743465300015,-6.473782774385254,-6.473782774385254,1.1235985090042746,1.1235985090042746,1.129968796004455,1.129968796004455,1.1291728745800782,1.1291728745800782,1.1243944304286586,1.1243944304286586,oncoming,oncoming,1,1,vehicle
55476.99999998411,53.529465825647094,53.529465825647094,-6.639735080308335,-6.639735080308335,-4.499264788354391,-4.499264788354391,-4.766782731635838,-4.766782731635838,-6.372217137026888,-6.372217137026888,1.1696756274002666,1.1696756274002666,1.1746666725800559,1.1746666725800559,1.1740430776380606,1.1740430776380606,1.1702992223422655,1.1702992223422655,oncoming,oncoming,1,1,vehicle
55477.09999998411,53.51767442010858,53.51767442010858,-6.5072997829983,-6.5072997829983,-4.366357996697727,-4.366357996697727,-4.6339348497758195,-4.6339348497758195,-6.239722929920207,-6.239722929920207,1.460304128752096,1.460304128752096,1.4661924969379818,1.4661924969379818,1.465456788180429,1.465456788180429,1.4610398375096487,1.4610398375096487,oncoming,oncoming,1,1,vehicle
55477.199999984114,53.500023586901634,53.500023586901634,-6.347674254549563,-6.347674254549563,-4.206026288958398,-4.206026288958398,-4.473691373991362,-4.473691373991362,-6.080009169516599,-6.080009169516599,1.5226945111464083,1.5226945111464083,1.53616410683275,1.53616410683275,1.5344811797510438,1.5344811797510438,1.5243774382281146,1.5243774382281146,oncoming,oncoming,1,1,vehicle
55477.299999984105,53.45040279196095,53.45040279196095,-6.202760880771309,-6.202760880771309,-4.059125175333693,-4.059125175333693,-4.3270386138280985,-4.3270386138280985,-5.9348474422769035,-5.9348474422769035,1.2336313844184694,1.2336313844184694,1.2512274326470916,1.2512274326470916,1.249028936672655,1.249028936672655,1.2358298803929024,1.2358298803929024,oncoming,oncoming,1,1,vehicle
55477.3999999841,53.41223477153857,53.41223477153857,-6.100947977681572,-6.100947977681572,-3.9557808024448944,-3.9557808024448944,-4.2238855866727185,-4.2238855866727185,-5.832843193453748,-5.832843193453748,1.1217246701202477,1.1217246701202477,1.1455607889874209,1.1455607889874209,1.1425826457145902,1.1425826457145902,1.1247028133930748,1.1247028133930748,oncoming,oncoming,1,1,vehicle
55477.4999999841,53.33177069127063,53.33177069127063,-5.978415946750524,-5.978415946750524,-3.8300130175395433,-3.8300130175395433,-4.098522084688506,-4.098522084688506,-5.7099068796015615,-5.7099068796015615,1.1542115119841299,1.1542115119841299,1.1825446449655352,1.1825446449655352,1.1790046367090596,1.1790046367090596,1.1577515202406055,1.1577515202406055,oncoming,oncoming,1,1,vehicle
55477.5999999841,53.27148098269657,53.27148098269657,-5.870105675288105,-5.870105675288105,-3.719271873455229,-3.719271873455229,-3.988084659334338,-3.988084659334338,-5.601292889408996,-5.601292889408996,1.0325948759071366,1.0325948759071366,1.0605344739010967,1.0605344739010967,1.0570436396286595,1.0570436396286595,1.0360857101795737,1.0360857101795737,oncoming,oncoming,1,1,vehicle
55477.6999999841,53.19338403850597,53.19338403850597,-5.771896971572102,-5.771896971572102,-3.6179061227624105,-3.6179061227624105,-3.88711335676585,-3.88711335676585,-5.502689737568662,-5.502689737568662,0.9680321870819988,0.9680321870819988,1.0002983563397514,1.0002983563397514,0.9962669557937929,0.9962669557937929,0.9720635876279502,0.9720635876279502,oncoming,oncoming,1,1,vehicle
55477.799999984105,53.11208902730698,53.11208902730698,-5.676499237867684,-5.676499237867684,-3.5192122021831067,-3.5192122021831067,-3.7888312681714256,-3.7888312681714256,-5.406880171879366,-5.406880171879366,0.8065963138350867,0.8065963138350867,0.8369683824324383,0.8369683824324383,0.8331736395147757,0.8331736395147757,0.8103910567527493,0.8103910567527493,oncoming,oncoming,1,1,vehicle
55477.89999998409,53.043761312149904,53.043761312149904,-5.610577708806867,-5.610577708806867,-3.4505124462779015,-3.4505124462779015,-3.720478628864849,-3.720478628864849,-5.340611526219919,-5.340611526219919,0.6904136990497527,0.6904136990497527,0.7288933798130195,0.7288933798130195,0.724085665232149,0.724085665232149,0.6952214136306267,0.6952214136306267,oncoming,oncoming,1,1,vehicle
55477.999999984095,52.92324504247977,52.92324504247977,-5.5384164980634045,-5.5384164980634045,-3.3734335262260986,-3.3734335262260986,-3.6440141351306012,-3.6440141351306012,-5.267835889158902,-5.267835889158902,0.527244517044462,0.527244517044462,0.5759483939263532,0.5759483939263532,0.5698632614799131,0.5698632614799131,0.5333296494909092,0.5333296494909092,oncoming,oncoming,1,1,vehicle
55478.09999998409,52.805578706526816,52.805578706526816,-5.505128805392844,-5.505128805392844,-3.3353227674872814,-3.3353227674872814,-3.6065059765635445,-3.6065059765635445,-5.23394559631658,-5.23394559631658,0.37923804072653056,0.37923804072653056,0.4201143685372912,0.4201143685372912,0.4150072304849708,0.4150072304849708,0.384345178778851,0.384345178778851,oncoming,oncoming,1,1,vehicle
55478.19999998409,52.724104112501124,52.724104112501124,-5.462568889919202,-5.462568889919202,-3.2894106525198628,-3.2894106525198628,-3.561012689034815,-3.561012689034815,-5.19096685340425,-5.19096685340425,0.4225639600274853,0.4225639600274853,0.4637618553745675,0.4637618553745675,0.4586145511381794,0.4586145511381794,0.4277112642638663,0.4277112642638663,oncoming,oncoming,1,1,vehicle
55478.29999998409,52.60576656677488,52.60576656677488,-5.420616013388576,-5.420616013388576,-3.242570396413718,-3.242570396413718,-3.5147830663372432,-3.5147830663372432,-5.148403343465052,-5.148403343465052,0.5846452106371416,0.5846452106371416,0.6302099100018612,0.6302099100018612,0.6245170225051204,0.6245170225051204,0.5903380981338806,0.5903380981338806,oncoming,oncoming,1,1,vehicle
55478.39999998409,52.50388077043916,52.50388077043916,-5.345639847793476,-5.345639847793476,-3.163368670521325,-3.163368670521325,-3.4361092845356085,-3.4361092845356085,-5.072899233779192,-5.072899233779192,0.5810010194116941,0.5810010194116941,0.6291062862666603,0.6291062862666603,0.6230959918506329,0.6230959918506329,0.5870113138277269,0.5870113138277269,oncoming,oncoming,1,1,vehicle
55478.499999984095,52.3743578784221,52.3743578784221,-5.304415809506157,-5.304415809506157,-3.11674913916001,-3.11674913916001,-3.390163867966778,-3.390163867966778,-5.031001080699389,-5.031001080699389,0.4874741980602302,0.4874741980602302,0.5402141118619124,0.5402141118619124,0.5336247760062385,0.5336247760062385,0.4940635339159094,0.4940635339159094,oncoming,oncoming,1,1,vehicle
55478.59999998409,52.25126336995378,52.25126336995378,-5.248145008180396,-5.248145008180396,-3.055325848147661,-3.055325848147661,-3.3293843293331107,-3.3293843293331107,-4.974086526994945,-4.974086526994945,0.6584508874274917,0.6584508874274917,0.7126604535016288,0.7126604535016288,0.7058875154298576,0.7058875154298576,0.6652238254992682,0.6652238254992682,oncoming,oncoming,1,1,vehicle
55478.69999998409,52.116011568419246,52.116011568419246,-5.1727256320225745,-5.1727256320225745,-2.9742170484617585,-2.9742170484617585,-3.248986364882861,-3.248986364882861,-4.897956315601472,-4.897956315601472,0.4751773549778697,0.4751773549778697,0.5355484330224858,0.5355484330224858,0.5280056953396759,0.5280056953396759,0.4827200926606743,0.4827200926606743,oncoming,oncoming,1,1,vehicle
55478.79999998408,51.96506019441154,51.96506019441154,-5.1531095371856015,-5.1531095371856015,-2.948216161544609,-2.948216161544609,-3.2237831902665373,-3.2237831902665373,-4.877542508463673,-4.877542508463673,0.14350930760374325,0.14350930760374325,0.2057790770502983,0.2057790770502983,0.1979991377886101,0.1979991377886101,0.15128924686543144,0.15128924686543144,oncoming,oncoming,1,1,vehicle
55478.89999998408,51.82237920509331,51.82237920509331,-5.144023770504054,-5.144023770504054,-2.933061233054584,-2.933061233054584,-3.209386537327942,-3.209386537327942,-4.867698466230696,-4.867698466230696,0.10132628269219168,0.10132628269219168,0.1644962176290985,0.1644962176290985,0.15660383492074814,0.15660383492074814,0.10921866540053671,0.10921866540053671,oncoming,oncoming,1,1,vehicle
55478.99999998408,51.66892475959059,51.66892475959059,-5.132844280647458,-5.132844280647458,-2.9153169180192684,-2.9153169180192684,-3.192462423282843,-3.192462423282843,-4.855698775383884,-4.855698775383884,0.09771463078753229,0.09771463078753229,0.16996668662682346,0.16996668662682346,0.16093962155291486,0.16093962155291486,0.10674169586143734,0.10674169586143734,oncoming,oncoming,1,1,vehicle
55479.09999998408,51.48579395335622,51.48579395335622,-5.124480844346832,-5.124480844346832,-2.899067895729714,-2.899067895729714,-3.1771986130178274,-3.1771986130178274,-4.846350127058718,-4.846350127058718,0.17378883014660573,0.17378883014660573,0.24507374327432174,0.24507374327432174,0.23616753717714722,0.23616753717714722,0.18269503624377847,0.18269503624377847,oncoming,oncoming,1,1,vehicle
55479.19999998409,51.33877301586282,51.33877301586282,-5.09808651461349,-5.09808651461349,-2.8663021693591477,-2.8663021693591477,-3.145228915842233,-3.145228915842233,-4.819159768130405,-4.819159768130405,-0.08282151599767928,-0.08282151599767928,-0.006754738051700571,-0.006754738051700571,-0.016258346116901023,-0.016258346116901023,-0.07331790793247706,-0.07331790793247706,oncoming,oncoming,1,1,vehicle
55479.29999998408,51.13612862130359,51.13612862130359,-5.141045147531591,-5.141045147531591,-2.9004188433254843,-2.9004188433254843,-3.180450282226612,-3.180450282226612,-4.8610137086304634,-4.8610137086304634,-0.2268990912735731,-0.2268990912735731,-0.1376687673725403,-0.1376687673725403,-0.14881696020145618,-0.14881696020145618,-0.21575089844465722,-0.21575089844465722,oncoming,oncoming,1,1,vehicle
55479.39999998408,50.93140489159338,50.93140489159338,-5.1434663328629435,-5.1434663328629435,-2.8938359228292923,-2.8938359228292923,-3.174992307878049,-3.174992307878049,-4.862309947814187,-4.862309947814187,0.08689912454480009,0.08689912454480009,0.17345724866313184,0.17345724866313184,0.16264295481127178,0.16264295481127178,0.09771341839666192,0.09771341839666192,oncoming,oncoming,1,1,vehicle
55479.49999998407,50.74396725576028,50.74396725576028,-5.123665322625133,-5.123665322625133,-2.865727393596191,-2.865727393596191,-3.147921691267587,-3.147921691267587,-4.841471024953737,-4.841471024953737,0.06667424227838126,0.06667424227838126,0.14972939511101657,0.14972939511101657,0.1393527917101185,0.1393527917101185,0.07705084567928111,0.07705084567928111,oncoming,oncoming,1,1,vehicle
55479.59999998407,50.55799307220567,50.55799307220567,-5.130131484409858,-5.130131484409858,-2.8638900438105255,-2.8638900438105255,-3.147121749539356,-3.147121749539356,-4.846899778681027,-4.846899778681027,-0.28635002320502423,-0.28635002320502423,-0.1961183980202783,-0.1961183980202783,-0.20739155726862712,-0.20739155726862712,-0.2750768639566772,-0.2750768639566772,oncoming,oncoming,1,1,vehicle
55479.69999998407,50.3415127378489,50.3415127378489,-5.1809353272653045,-5.1809353272653045,-2.9049510731996757,-2.9049510731996757,-3.189400002720709,-3.189400002720709,-4.896486397744272,-4.896486397744272,-0.34595825201844477,-0.34595825201844477,-0.25596256096653747,-0.25596256096653747,-0.26720620130653394,-0.26720620130653394,-0.3347146116784465,-0.3347146116784465,oncoming,oncoming,1,1,vehicle
55479.79999998408,50.15950677560877,50.15950677560877,-5.199323134812857,-5.199323134812857,-2.9150825560023117,-2.9150825560023117,-3.200562989799246,-3.200562989799246,-4.9138427010159225,-4.9138427010159225,-0.25978231711698285,-0.25978231711698285,-0.1620167639025052,-0.1620167639025052,-0.17423107582888697,-0.17423107582888697,-0.24756800519060462,-0.24756800519060462,oncoming,oncoming,1,1,vehicle
55479.89999998408,49.91259652194866,49.91259652194866,-5.232891790689517,-5.232891790689517,-2.9373544259802964,-2.9373544259802964,-3.2242462178866926,-3.2242462178866926,-4.945999998783121,-4.945999998783121,-0.2773866287500262,-0.2773866287500262,-0.17817777641675825,-0.17817777641675825,-0.19057235881812318,-0.19057235881812318,-0.26499204634865947,-0.26499204634865947,oncoming,oncoming,1,1,vehicle
55479.99999998407,49.72743964028124,49.72743964028124,-5.254800460560885,-5.254800460560885,-2.9507181112844965,-2.9507181112844965,-3.2386774615616027,-3.2386774615616027,-4.966841110283779,-4.966841110283779,-0.5890128348244765,-0.5890128348244765,-0.49917446172462476,-0.49917446172462476,-0.5103982969676935,-0.5103982969676935,-0.5777889995814114,-0.5777889995814114,oncoming,oncoming,1,1,vehicle
55480.099999984064,49.52484971054669,49.52484971054669,-5.350694357644127,-5.350694357644127,-3.037189318316505,-3.037189318316505,-3.3263258772713185,-3.3263258772713185,-5.061557798689313,-5.061557798689313,-0.7430672842995598,-0.7430672842995598,-0.6452683214057853,-0.6452683214057853,-0.6574866494088987,-0.6574866494088987,-0.7308489562964446,-0.7308489562964446,oncoming,oncoming,1,1,vehicle
55480.19999998406,49.30873414952457,49.30873414952457,-5.403413917410086,-5.403413917410086,-3.079771775555887,-3.079771775555887,-3.370174791433498,-3.370174791433498,-5.113010901532475,-5.113010901532475,-0.5288158650693688,-0.5288158650693688,-0.42776745856038545,-0.42776745856038545,-0.440391692562244,-0.440391692562244,-0.5161916310675068,-0.5161916310675068,oncoming,oncoming,1,1,vehicle
55480.29999998406,49.09585355515255,49.09585355515255,-5.456457530656461,-5.456457530656461,-3.122742810027337,-3.122742810027337,-3.4144042157824854,-3.4144042157824854,-5.164796124901312,-5.164796124901312,-0.8558455947012433,-0.8558455947012433,-0.7530713789493735,-0.7530713789493735,-0.7659111610172538,-0.7659111610172538,-0.8430058126333613,-0.8430058126333613,oncoming,oncoming,1,1,vehicle
55480.39999998406,48.87625666749735,48.87625666749735,-5.5745830363478435,-5.5745830363478435,-3.2303860513435696,-3.2303860513435696,-3.5233570236347194,-3.5233570236347194,-5.281612064056694,-5.281612064056694,-0.8979141482264694,-0.8979141482264694,-0.7988134743211592,-0.7988134743211592,-0.8111942574720281,-0.8111942574720281,-0.8855333650756059,-0.8855333650756059,oncoming,oncoming,1,1,vehicle
55480.49999998407,48.68228131157014,48.68228131157014,-5.636040360303962,-5.636040360303962,-3.282505504892789,-3.282505504892789,-3.576643067278234,-3.576643067278234,-5.341902797918517,-5.341902797918517,-0.7727907219333865,-0.7727907219333865,-0.6778252771200393,-0.6778252771200393,-0.6896893843083767,-0.6896893843083767,-0.7609266147450384,-0.7609266147450384,oncoming,oncoming,1,1,vehicle
55480.599999984064,48.48332543748996,48.48332543748996,-5.729141180730987,-5.729141180730987,-3.3659511067636982,-3.3659511067636982,-3.66129490049256,-3.66129490049256,-5.433797387002125,-5.433797387002125,-0.8293287729507668,-0.8293287729507668,-0.7311908915305239,-0.7311908915305239,-0.7434512778515092,-0.7434512778515092,-0.8170683866297814,-0.8170683866297814,oncoming,oncoming,1,1,vehicle
55480.699999984055,48.279533880513725,48.279533880513725,-5.801906114879634,-5.801906114879634,-3.4287436831861253,-3.4287436831861253,-3.7253333228355534,-3.7253333228355534,-5.505316475230206,-5.505316475230206,-1.0038191718397158,-1.0038191718397158,-0.8999275776268192,-0.8999275776268192,-0.9129067135910347,-0.9129067135910347,-0.9908400358755074,-0.9908400358755074,oncoming,oncoming,1,1,vehicle
55480.79999998405,48.060631520873294,48.060631520873294,-5.929905015081402,-5.929905015081402,-3.5459366222733477,-3.5459366222733477,-3.843876243194825,-3.843876243194825,-5.631965394159924,-5.631965394159924,-1.0772459857064902,-1.0772459857064902,-0.970913447562701,-0.970913447562701,-0.9841974651121284,-0.9841974651121284,-1.0639619681570558,-1.0639619681570558,oncoming,oncoming,1,1,vehicle
55480.89999998405,47.850608215890354,47.850608215890354,-6.017355312011896,-6.017355312011896,-3.622926372689989,-3.622926372689989,-3.922172815849258,-3.922172815849258,-5.718108868852626,-5.718108868852626,-0.9029642542143108,-0.9029642542143108,-0.8007833909980988,-0.8007833909980988,-0.8135486805705412,-0.8135486805705412,-0.8901989646418649,-0.8901989646418649,oncoming,oncoming,1,1,vehicle
55480.99999998405,47.65202306727691,47.65202306727691,-6.110497865927791,-6.110497865927791,-3.706093300476014,-3.706093300476014,-4.00658597931204,-4.00658597931204,-5.8100051870917655,-5.8100051870917655,-0.8764837741671414,-0.8764837741671414,-0.7809033904031679,-0.7809033904031679,-0.7928440366231833,-0.7928440366231833,-0.8645431279471332,-0.8645431279471332,oncoming,oncoming,1,1,vehicle
55481.09999998405,47.4715047547607,47.4715047547607,-6.192652066842773,-6.192652066842773,-3.77910705076835,-3.77910705076835,-4.080741623171587,-4.080741623171587,-5.891017494439536,-5.891017494439536,-0.8518578892310344,-0.8518578892310344,-0.7554850526072983,-0.7554850526072983,-0.7675246398749884,-0.7675246398749884,-0.8398183019633478,-0.8398183019633478,oncoming,oncoming,1,1,vehicle
55481.199999984055,47.272953565584544,47.272953565584544,-6.280869443778158,-6.280869443778158,-3.8571903110011405,-3.8571903110011405,-4.1600909072907655,-4.1600909072907655,-5.977968847488533,-5.977968847488533,-0.8615291106566723,-0.8615291106566723,-0.756828390172199,-0.756828390172199,-0.7699082934020574,-0.7699082934020574,-0.8484492074268175,-0.8484492074268175,oncoming,oncoming,1,1,vehicle
55481.29999998405,47.06305885862943,47.06305885862943,-6.364957888972201,-6.364957888972201,-3.9304727288012855,-3.9304727288012855,-4.234723281850444,-4.234723281850444,-6.060707335923043,-6.060707335923043,-0.8853999106538986,-0.8853999106538986,-0.7791307714760052,-0.7791307714760052,-0.7924065455035532,-0.7924065455035532,-0.872124136626347,-0.872124136626347,oncoming,oncoming,1,1,vehicle
55481.39999998405,46.86188616537235,46.86188616537235,-6.457949425907656,-6.457949425907656,-4.013016465295421,-4.013016465295421,-4.3185722163905105,-4.3185722163905105,-6.152393674812567,-6.152393674812567,-0.6236738695859465,-0.6236738695859465,-0.515480953154956,-0.515480953154956,-0.5289969843435784,-0.5289969843435784,-0.6101578383973205,-0.6101578383973205,oncoming,oncoming,1,1,vehicle
55481.49999998405,46.64830541831333,46.64830541831333,-6.489692662896569,-6.489692662896569,-4.033568919439038,-4.033568919439038,-4.340522678725973,-4.340522678725973,-6.182738903609634,-6.182738903609634,-0.6787007133141998,-0.6787007133141998,-0.5764921035798025,-0.5764921035798025,-0.5892604818971527,-0.5892604818971527,-0.6659323349968567,-0.6659323349968567,oncoming,oncoming,1,1,vehicle
55481.59999998404,46.47321110881196,46.47321110881196,-6.593689568558326,-6.593689568558326,-4.128314886000111,-4.128314886000111,-4.436424312758557,-4.436424312758557,-6.28558014179988,-6.28558014179988,-0.7194008306418525,-0.7194008306418525,-0.6273070132148995,-0.6273070132148995,-0.6388117466655423,-0.6388117466655423,-0.7078960971912096,-0.7078960971912096,oncoming,oncoming,1,1,vehicle
55481.699999984034,46.3009812993684,46.3009812993684,-6.633572829012377,-6.633572829012377,-4.159030322071064,-4.159030322071064,-4.4682850280479265,-4.4682850280479265,-6.324318123035514,-6.324318123035514,-0.6824061411286735,-0.6824061411286735,-0.5815061045992778,-0.5815061045992778,-0.5941108835626743,-0.5941108835626743,-0.669801362165277,-0.669801362165277,oncoming,oncoming,1,1,vehicle
55481.79999998403,46.0957821238961,46.0957821238961,-6.730170796781236,-6.730170796781236,-4.244616106918036,-4.244616106918036,-4.55524648946905,-4.55524648946905,-6.419540414230222,-6.419540414230222,-0.9020210645890216,-0.9020210645890216,-0.7991372478908048,-0.7991372478908048,-0.8119897877555218,-0.8119897877555218,-0.8891685247243082,-0.8891685247243082,oncoming,oncoming,1,1,vehicle
55481.89999998403,45.919026887182916,45.919026887182916,-6.813977041927556,-6.813977041927556,-4.318857771646899,-4.318857771646899,-4.630682985596668,-4.630682985596668,-6.502151827977787,-6.502151827977787,-0.9157961302025015,-0.9157961302025015,-0.8222318325491891,-0.8222318325491891,-0.833920092831459,-0.833920092831459,-0.9041078699202387,-0.9041078699202387,oncoming,oncoming,1,1,vehicle
55481.99999998404,45.751228073857284,45.751228073857284,-6.913330022826866,-6.913330022826866,-4.409062473432625,-4.409062473432625,-4.722030508040139,-4.722030508040139,-6.600361988219352,-6.600361988219352,-0.6211094440742215,-0.6211094440742215,-0.522681035564684,-0.522681035564684,-0.5349768695892543,-0.5349768695892543,-0.6088136100496513,-0.6088136100496513,oncoming,oncoming,1,1,vehicle
55482.09999998404,45.5594625202088,45.5594625202088,-6.93819893074963,-6.93819893074963,-4.423393978765921,-4.423393978765921,-4.737678359520746,-4.737678359520746,-6.6239145499948044,-6.6239145499948044,-0.3883431698913995,-0.3883431698913995,-0.28618446575952206,-0.28618446575952206,-0.2989462332625976,-0.2989462332625976,-0.3755814023883204,-0.3755814023883204,oncoming,oncoming,1,1,vehicle
55482.199999984034,45.38085677992844,45.38085677992844,-6.990998656799952,-6.990998656799952,-4.4662993665795385,-4.4662993665795385,-4.781819754687643,-4.781819754687643,-6.6754782686918475,-6.6754782686918475,-0.6419219049532359,-0.6419219049532359,-0.537869122312653,-0.537869122312653,-0.5508674297086742,-0.5508674297086742,-0.6289235975572112,-0.6289235975572112,oncoming,oncoming,1,1,vehicle
55482.29999998403,45.18542177300665,45.18542177300665,-7.066583311735396,-7.066583311735396,-4.530967803224556,-4.530967803224556,-4.847851845458463,-4.847851845458463,-6.749699269501489,-6.749699269501489,-0.2452527104139719,-0.2452527104139719,-0.14802309549568804,-0.14802309549568804,-0.160168993943131,-0.160168993943131,-0.23310681196652894,-0.23310681196652894,oncoming,oncoming,1,1,vehicle
55482.39999998403,45.03387997069643,45.03387997069643,-7.040049198882032,-7.040049198882032,-4.495903985678245,-4.495903985678245,-4.813853553475803,-4.813853553475803,-6.7220996310844745,-6.7220996310844745,-0.24409715652704733,-0.24409715652704733,-0.14808060592767447,-0.14808060592767447,-0.16007490290585835,-0.16007490290585835,-0.232102859548867,-0.232102859548867,oncoming,oncoming,1,1,vehicle
55482.49999998404,44.84567398654652,44.84567398654652,-7.115402743049285,-7.115402743049285,-4.560583924417995,-4.560583924417995,-4.879866826047611,-4.879866826047611,-6.796119841419669,-6.796119841419669,-0.44364773289424164,-0.44364773289424164,-0.35326520295878083,-0.35326520295878083,-0.3645556575217306,-0.3645556575217306,-0.43235727833129545,-0.43235727833129545,oncoming,oncoming,1,1,vehicle
55482.59999998404,44.71606058848306,44.71606058848306,-7.128778745466046,-7.128778745466046,-4.566557026274114,-4.566557026274114,-4.886764684984393,-4.886764684984393,-6.808571086755767,-6.808571086755767,-0.03902320729851283,-0.03902320729851283,0.05603186579576658,0.05603186579576658,0.04415779163879208,0.04415779163879208,-0.027149133141534776,-0.027149133141534776,oncoming,oncoming,1,1,vehicle
55482.699999984034,44.51432131124334,44.51432131124334,-7.123207384511631,-7.123207384511631,-4.549377551262373,-4.549377551262373,-4.871035267723274,-4.871035267723274,-6.801549668050731,-6.801549668050731,-0.29576990157585215,-0.29576990157585215,-0.18618139244094323,-0.18618139244094323,-0.1998708896792607,-0.1998708896792607,-0.28208040433752757,-0.28208040433752757,oncoming,oncoming,1,1,vehicle
55482.799999984025,44.33666874595659,44.33666874595659,-7.187932725776051,-7.187932725776051,-4.603793304759051,-4.603793304759051,-4.926738862916755,-4.926738862916755,-6.864987167618347,-6.864987167618347,-0.5092389545019316,-0.5092389545019316,-0.4146809465925685,-0.4146809465925685,-0.4264928131174166,-0.4264928131174166,-0.497427087977087,-0.497427087977087,oncoming,oncoming,1,1,vehicle
55482.89999998402,44.1895217231796,44.1895217231796,-7.2250551754048224,-7.2250551754048224,-4.632313740574778,-4.632313740574778,-4.956333830340513,-4.956333830340513,-6.901035085639088,-6.901035085639088,-0.32238314063912554,-0.32238314063912554,-0.23583247904534943,-0.23583247904534943,-0.24664404172773047,-0.24664404172773047,-0.31157157795674095,-0.31157157795674095,oncoming,oncoming,1,1,vehicle
55482.99999998402,44.04155069146639,44.04155069146639,-7.252409353902937,-7.252409353902937,-4.650959800567435,-4.650959800567435,-4.976067671261584,-4.976067671261584,-6.9273014832087885,-6.9273014832087885,-0.21785093996029303,-0.21785093996029303,-0.13170776661003103,-0.13170776661003103,-0.14246837962447856,-0.14246837962447856,-0.2070903269458455,-0.2070903269458455,oncoming,oncoming,1,1,vehicle
55483.09999998402,43.89772301933375,43.89772301933375,-7.268625363396247,-7.268625363396247,-4.658655293896401,-4.658655293896401,-4.984827506264994,-4.984827506264994,-6.942453151027655,-6.942453151027655,-0.20609100611677889,-0.20609100611677889,-0.11808049556966438,-0.11808049556966438,-0.12907431686424786,-0.12907431686424786,-0.1950971848221954,-0.1950971848221954,oncoming,oncoming,1,1,vehicle
55483.199999984034,43.745454510371076,43.745454510371076,-7.293627555129972,-7.293627555129972,-4.67457589968394,-4.67457589968394,-5.001882534637144,-5.001882534637144,-6.966320920176768,-6.966320920176768,-0.27709944340011106,-0.27709944340011106,-0.1752964968377988,-0.1752964968377988,-0.1880131325759784,-0.1880131325759784,-0.26438280766192435,-0.26438280766192435,oncoming,oncoming,1,1,vehicle
55483.299999984025,43.557806099101526,43.557806099101526,-7.324045252076297,-7.324045252076297,-4.693714593264024,-4.693714593264024,-5.022430132780248,-5.022430132780248,-6.995329712560072,-6.995329712560072,-0.2414579280312239,-0.2414579280312239,-0.14002480809707052,-0.14002480809707052,-0.15269518705413887,-0.15269518705413887,-0.22878754907415555,-0.22878754907415555,oncoming,oncoming,1,1,vehicle
55483.399999984016,43.409098265192135,43.409098265192135,-7.341919140732001,-7.341919140732001,-4.702580861300909,-4.702580861300909,-5.032421572045305,-5.032421572045305,-7.012078429987605,-7.012078429987605,-0.049391198195515074,-0.049391198195515074,0.038037335683590356,0.038037335683590356,0.027116377216959364,0.027116377216959364,-0.03847023972888053,-0.03847023972888053,oncoming,oncoming,1,1,vehicle
55483.499999984015,43.27005672153013,43.27005672153013,-7.333923491713014,-7.333923491713014,-4.686107126125849,-4.686107126125849,-5.017006857335284,-5.017006857335284,-7.003023760503579,-7.003023760503579,0.027866138777618232,0.027866138777618232,0.1195483182944912,0.1195483182944912,0.10809608143022231,0.10809608143022231,0.03931837564189067,0.03931837564189067,oncoming,oncoming,1,1,vehicle
55483.59999998401,43.109493991437766,43.109493991437766,-7.336345912976558,-7.336345912976558,-4.678671197642359,-4.678671197642359,-5.010802355759575,-5.010802355759575,-7.004214754859342,-7.004214754859342,0.05325478431359443,0.05325478431359443,0.14913285497658535,0.14913285497658535,0.13715655603508026,0.13715655603508026,0.06523108325510663,0.06523108325510663,oncoming,oncoming,1,1,vehicle
55483.69999998401,42.958834791868306,42.958834791868306,-7.3232725348504495,-7.3232725348504495,-4.656280555130966,-4.656280555130966,-4.989575546128667,-4.989575546128667,-6.989977543852748,-6.989977543852748,0.3894169554070359,0.3894169554070359,0.48416426125907464,0.48416426125907464,0.47232926957633126,0.47232926957633126,0.40125194708978285,0.40125194708978285,oncoming,oncoming,1,1,vehicle
55483.79999998401,42.80418563072394,42.80418563072394,-7.258462521896284,-7.258462521896284,-4.581838345391953,-4.581838345391953,-4.9163365018456835,-4.9163365018456835,-6.923964365442553,-6.923964365442553,0.44490021484256204,0.44490021484256204,0.5403831300202739,0.5403831300202739,0.5284563124285171,0.5284563124285171,0.4568270324343189,0.4568270324343189,oncoming,oncoming,1,1,vehicle
55483.899999984016,42.65331085985628,42.65331085985628,-7.234292491882951,-7.234292491882951,-4.548203929127522,-4.548203929127522,-4.883884283643624,-4.883884283643624,-6.8986121373668485,-6.8986121373668485,0.4326235756676624,0.4326235756676624,0.5285811022194125,0.5285811022194125,0.5165950629310103,0.5165950629310103,0.44460961495606455,0.44460961495606455,oncoming,oncoming,1,1,vehicle
55483.999999984015,42.49935147449165,42.49935147449165,-7.171937806763642,-7.171937806763642,-4.47612212494856,-4.47612212494856,-4.813017489260021,-4.813017489260021,-6.835042442452181,-6.835042442452181,0.22651314406008538,0.22651314406008538,0.3282934201684462,0.3282934201684462,0.3155801309431361,0.3155801309431361,0.2392264332854026,0.2392264332854026,oncoming,oncoming,1,1,vehicle
55484.099999984006,42.33238336736691,42.33238336736691,-7.188989863067463,-7.188989863067463,-4.4825452450914645,-4.4825452450914645,-4.8207682574524915,-4.8207682574524915,-6.850766850706436,-6.850766850706436,-0.09167819341445949,-0.09167819341445949,0.011767353673398873,0.011767353673398873,-0.0011538740673344705,-0.0011538740673344705,-0.07875696567371904,-0.07875696567371904,oncoming,oncoming,1,1,vehicle
55484.199999984005,42.175553230111156,42.175553230111156,-7.1902734454444515,-7.1902734454444515,-4.473768654212894,-4.473768654212894,-4.8132482640723655,-4.8132482640723655,-6.85079383558498,-6.85079383558498,-0.008260954147274902,-0.008260954147274902,0.07704558174825848,0.07704558174825848,0.06639012154775159,0.06639012154775159,0.0023945060532355456,0.0023945060532355456,oncoming,oncoming,1,1,vehicle
55484.299999984,42.06709468392622,42.06709468392622,-7.190642053896894,-7.190642053896894,-4.467136128742037,-4.467136128742037,-4.807490233143135,-4.807490233143135,-6.850287949495796,-6.850287949495796,-0.10735570292634122,-0.10735570292634122,-0.031551908399624295,-0.031551908399624295,-0.04102035420886807,-0.04102035420886807,-0.0978872571170939,-0.0978872571170939,oncoming,oncoming,1,1,vehicle
55484.399999984,41.9413907129308,41.9413907129308,-7.211744586029408,-7.211744586029408,-4.480079035892727,-4.480079035892727,-4.82145233491402,-4.82145233491402,-6.870371287008115,-6.870371287008115,0.018045191291150786,0.018045191291150786,0.10094328825438126,0.10094328825438126,0.09058875600254979,0.09058875600254979,0.028399723542982258,0.028399723542982258,oncoming,oncoming,1,1,vehicle
55484.499999984015,41.81246032071636,41.81246032071636,-7.187033015631787,-7.187033015631787,-4.446947471083281,-4.446947471083281,-4.78937248193487,-4.78937248193487,-6.844608004780198,-6.844608004780198,0.25500402795178445,0.25500402795178445,0.32965053211093576,0.32965053211093576,0.32032671696007853,0.32032671696007853,0.2643278431026417,0.2643278431026417,oncoming,oncoming,1,1,vehicle
55484.599999984006,41.71332884033115,41.71332884033115,-7.160743780438282,-7.160743780438282,-4.414148929469028,-4.414148929469028,-4.757386991520585,-4.757386991520585,-6.817505718386725,-6.817505718386725,0.3218998397413131,0.3218998397413131,0.4070622994824973,0.4070622994824973,0.39642503103883797,0.39642503103883797,0.3325371081849653,0.3325371081849653,oncoming,oncoming,1,1,vehicle
55484.699999984005,41.55405906007107,41.55405906007107,-7.122653047685945,-7.122653047685945,-4.365535011189777,-4.365535011189777,-4.710087475730026,-4.710087475730026,-6.7781005831456955,-6.7781005831456955,0.3249605250413268,0.3249605250413268,0.4242482092009894,0.4242482092009894,0.41184667519105034,0.41184667519105034,0.3373620590512587,0.3373620590512587,oncoming,oncoming,1,1,vehicle
55484.799999984,41.41379632588174,41.41379632588174,-7.0957516754309635,-7.0957516754309635,-4.329299287630065,-4.329299287630065,-4.675017656483574,-4.675017656483574,-6.750033306577455,-6.750033306577455,0.4359401244687007,0.4359401244687007,0.5289041796869398,0.5289041796869398,0.5172925623721163,0.5172925623721163,0.44755174178352064,0.44755174178352064,oncoming,oncoming,1,1,vehicle
55484.899999984,41.275605693331016,41.275605693331016,-7.035465022793474,-7.035465022793474,-4.259754175253928,-4.259754175253928,-4.606628963257108,-4.606628963257108,-6.688590234790294,-6.688590234790294,0.38270442255592485,0.38270442255592485,0.4696342085378511,0.4696342085378511,0.45877635040861975,0.45877635040861975,0.39356228068515975,0.39356228068515975,oncoming,oncoming,1,1,vehicle
55484.99999998399,41.155053136927904,41.155053136927904,-7.019210790920473,-7.019210790920473,-4.235372445923993,-4.235372445923993,-4.583262386403248,-4.583262386403248,-6.6713208504412185,-6.6713208504412185,0.2733602224798872,0.2733602224798872,0.35418414684775357,0.35418414684775357,0.3440889824102591,0.3440889824102591,0.2834553869173746,0.2834553869173746,oncoming,oncoming,1,1,vehicle
55485.099999983984,41.036528746148655,41.036528746148655,-6.98079297830227,-6.98079297830227,-4.188917345890562,-4.188917345890562,-4.537811166781064,-4.537811166781064,-6.631899157411769,-6.631899157411769,0.3619653908496403,0.3619653908496403,0.4525541878068857,0.4525541878068857,0.44123941729579386,0.44123941729579386,0.37328016136072506,0.37328016136072506,oncoming,oncoming,1,1,vehicle
55485.19999998398,40.888834919764186,40.888834919764186,-6.946817712754556,-6.946817712754556,-4.144861608367401,-4.144861608367401,-4.495014502948776,-4.495014502948776,-6.59666481817318,-6.59666481817318,0.2556773239197341,0.2556773239197341,0.3462730466971138,0.3462730466971138,0.3349574620340263,0.3349574620340263,0.26699290858282154,0.26699290858282154,oncoming,oncoming,1,1,vehicle
55485.29999998398,40.7718157720372,40.7718157720372,-6.929657513519068,-6.929657513519068,-4.119662736552147,-4.119662736552147,-4.4708196743752335,-4.4708196743752335,-6.578500575695982,-6.578500575695982,0.17286907738333923,0.17286907738333923,0.25340518591412575,0.25340518591412575,0.2433461181680201,0.2433461181680201,0.18292814512944489,0.18292814512944489,oncoming,oncoming,1,1,vehicle
55485.39999998399,40.655032909416796,40.655032909416796,-6.912243897277115,-6.912243897277115,-4.094180571183449,-4.094180571183449,-4.446345279314089,-4.446345279314089,-6.5600791891464745,-6.5600791891464745,0.276225345382592,0.276225345382592,0.36135002212784784,0.36135002212784784,0.3507178869476171,0.3507178869476171,0.2868574805628157,0.2868574805628157,oncoming,oncoming,1,1,vehicle
55485.49999998399,40.526180160806504,40.526180160806504,-6.874412444439334,-6.874412444439334,-4.047392732122371,-4.047392732122371,-4.400676096981627,-4.400676096981627,-6.521129079580078,-6.521129079580078,0.23134321953322257,0.23134321953322257,0.320722622075408,0.320722622075408,0.30955912205086733,0.30955912205086733,0.2425067195577597,0.2425067195577597,oncoming,oncoming,1,1,vehicle
55485.599999983984,40.398666858261144,40.398666858261144,-6.865975253366868,-6.865975253366868,-4.030036046765018,-4.030036046765018,-4.384433454900535,-4.384433454900535,-6.511577845231351,-6.511577845231351,0.38980612298944095,0.38980612298944095,0.47544356795095766,0.47544356795095766,0.4647474909592795,0.4647474909592795,0.40050219998111913,0.40050219998111913,oncoming,oncoming,1,1,vehicle
55485.69999998398,40.28203165987033,40.28203165987033,-6.7964512198409714,-6.7964512198409714,-3.95230401853263,-3.95230401853263,-4.307726598790106,-4.307726598790106,-6.441028639583495,-6.441028639583495,0.40172979581044643,0.40172979581044643,0.4838350528751718,0.4838350528751718,0.4735801944219631,0.4735801944219631,0.41198465426365516,0.41198465426365516,oncoming,oncoming,1,1,vehicle
55485.79999998398,40.16599627663176,40.16599627663176,-6.785629294205948,-6.785629294205948,-3.9332690361913913,-3.9332690361913913,-4.28971741601752,-4.28971741601752,-6.429180914379819,-6.429180914379819,0.2916038036792088,0.2916038036792088,0.3749435291512384,0.3749435291512384,0.3645345363454773,0.3645345363454773,0.3020127964849664,0.3020127964849664,oncoming,oncoming,1,1,vehicle
55485.89999998399,40.04724007562275,40.04724007562275,-6.738130459101188,-6.738130459101188,-3.8773153126980597,-3.8773153126980597,-4.234819691516735,-4.234819691516735,-6.3806260802825125,-6.3806260802825125,0.4126779329281618,0.4126779329281618,0.4930309539360813,0.4930309539360813,0.48299504093596823,0.48299504093596823,0.4227138459282749,0.4227138459282749,oncoming,oncoming,1,1,vehicle
55485.99999998399,39.9408699568977,39.9408699568977,-6.70309370761551,-6.70309370761551,-3.8346628453984355,-3.8346628453984355,-4.193118407824704,-4.193118407824704,-6.344638145189242,-6.344638145189242,0.27120049819328784,0.27120049819328784,0.35801040868597767,0.35801040868597767,0.34716810116762886,0.34716810116762886,0.2820428057116331,0.2820428057116331,oncoming,oncoming,1,1,vehicle
55486.099999983984,39.805563034817126,39.805563034817126,-6.683890359461017,-6.683890359461017,-3.805713230959912,-3.805713230959912,-4.165386071282187,-4.165386071282187,-6.324217519138742,-6.324217519138742,0.1302252173177152,0.1302252173177152,0.21312164902266417,0.21312164902266417,0.20276816671973918,0.20276816671973918,0.14057869962064373,0.14057869962064373,oncoming,oncoming,1,1,vehicle
55486.199999983975,39.71124559470871,39.71124559470871,-6.67704866415424,-6.67704866415424,-3.7920385155976244,-3.7920385155976244,-4.152564774484297,-4.152564774484297,-6.316522405267568,-6.316522405267568,0.11757390872242723,0.11757390872242723,0.19013043112741101,0.19013043112741101,0.18106841382935812,0.18106841382935812,0.12663592602048723,0.12663592602048723,oncoming,oncoming,1,1,vehicle
55486.29999998397,39.60579237957272,39.60579237957272,-6.660375577718584,-6.660375577718584,-3.76768714473775,-3.76768714473775,-4.1291723885194775,-4.1291723885194775,-6.298890333936856,-6.298890333936856,0.32002641444740476,0.32002641444740476,0.404585291574147,0.404585291574147,0.39402427759087644,0.39402427759087644,0.3305874284306718,0.3305874284306718,oncoming,oncoming,1,1,vehicle
55486.399999983965,39.47971890530915,39.47971890530915,-6.613043381265789,-6.613043381265789,-3.7111214572845723,-3.7111214572845723,-4.073759918967805,-4.073759918967805,-6.250404919582556,-6.250404919582556,0.28293021970034005,0.28293021970034005,0.36786868970979114,0.36786868970979114,0.35726031378231227,0.35726031378231227,0.293538595627826,0.293538595627826,oncoming,oncoming,1,1,vehicle
55486.49999998397,39.37446153662417,39.37446153662417,-6.60378953378005,-6.60378953378005,-3.6941134067970633,-3.6941134067970633,-4.05772032576432,-4.05772032576432,-6.2401826148127935,-6.2401826148127935,-0.026217442127901336,-0.026217442127901336,0.05378092423872616,0.05378092423872616,0.04378959248991876,0.04378959248991876,-0.016226110379090386,-0.016226110379090386,oncoming,oncoming,1,1,vehicle
55486.59999998396,39.263149176510716,39.263149176510716,-6.618286869687836,-6.618286869687836,-3.700365272433599,-3.700365272433599,-4.065002000466555,-4.065002000466555,-6.25365014165488,-6.25365014165488,0.02319626974313138,0.02319626974313138,0.10782690844487774,0.10782690844487774,0.0972570834106179,0.0972570834106179,0.033766094777394784,0.033766094777394784,oncoming,oncoming,1,1,vehicle
55486.69999998397,39.14663947946377,39.14663947946377,-6.599150279826597,-6.599150279826597,-3.6725480251034437,-3.6725480251034437,-4.03826890907753,-4.03826890907753,-6.233429395852511,-6.233429395852511,0.08704833644664944,0.08704833644664944,0.1694916368673951,0.1694916368673951,0.15919504470856083,0.15919504470856083,0.09734492860547306,0.09734492860547306,oncoming,oncoming,1,1,vehicle
55486.79999998397,39.0424310808984,39.0424310808984,-6.6008772023966085,-6.6008772023966085,-3.6664669450577985,-3.6664669450577985,-4.033162991522573,-4.033162991522573,-6.234181155931834,-6.234181155931834,0.05503608932445303,0.05503608932445303,0.14365180933634392,0.14365180933634392,0.13258438545358686,0.13258438545358686,0.06610351320721009,0.06610351320721009,oncoming,oncoming,1,1,vehicle
55486.899999983965,38.91089643678543,38.91089643678543,-6.588143061961867,-6.588143061961867,-3.643817663236593,-3.643817663236593,-4.011752031987199,-4.011752031987199,-6.220208693211261,-6.220208693211261,0.005192564632245933,0.005192564632245933,0.0900360227965713,0.0900360227965713,0.07943977179852624,0.07943977179852624,0.01578881563029455,0.01578881563029455,oncoming,oncoming,1,1,vehicle
55486.99999998397,38.81786163972244,38.81786163972244,-6.599838689471913,-6.599838689471913,-3.648459740500077,-3.648459740500077,-4.017275037164481,-4.017275037164481,-6.23102339280751,-6.23102339280751,-0.15658723482438575,-0.15658723482438575,-0.09453435532835996,-0.09453435532835996,-0.10228421537216548,-0.10228421537216548,-0.14883737478058023,-0.14883737478058023,oncoming,oncoming,1,1,vehicle
55487.09999998396,38.74750014771708,38.74750014771708,-6.619460508925135,-6.619460508925135,-3.66272453430059,-3.66272453430059,-4.032208875059966,-4.032208875059966,-6.24997616816576,-6.24997616816576,-0.24309673712011914,-0.24309673712011914,-0.1865407681477791,-0.1865407681477791,-0.1936040851589098,-0.1936040851589098,-0.23603342010898132,-0.23603342010898132,oncoming,oncoming,1,1,vehicle
55487.19999998397,38.66959403764554,38.66959403764554,-6.648458036896593,-6.648458036896593,-3.6857678941303673,-3.6857678941303673,-4.055995854196988,-4.055995854196988,-6.278230076829972,-6.278230076829972,0.07431393472799641,0.07431393472799641,0.13657186883936845,0.13657186883936845,0.1287964564627586,0.1287964564627586,0.0820893471046169,0.0820893471046169,oncoming,oncoming,1,1,vehicle
55487.29999998397,38.58493631181462,38.58493631181462,-6.604597721984512,-6.604597721984512,-3.63541016053746,-3.63541016053746,-4.006449583772188,-4.006449583772188,-6.233558298749784,-6.233558298749784,0.20370602875090782,0.20370602875090782,0.27930052221167045,0.27930052221167045,0.26985954372207743,0.26985954372207743,0.21314700724050084,0.21314700724050084,oncoming,oncoming,1,1,vehicle
55487.399999983965,38.47317346542418,38.47317346542418,-6.6077168311470045,-6.6077168311470045,-3.629907789688846,-3.629907789688846,-4.002023945453358,-4.002023945453358,-6.235600675382493,-6.235600675382493,0.032180053101768635,0.032180053101768635,0.10730824379728077,0.10730824379728077,0.097925537764322,0.097925537764322,0.04156275913472385,0.04156275913472385,oncoming,oncoming,1,1,vehicle
55487.49999998397,38.39057234202541,38.39057234202541,-6.598161711363096,-6.598161711363096,-3.6139485117767745,-3.6139485117767745,-3.9868644762181145,-3.9868644762181145,-6.225245746921756,-6.225245746921756,0.27343565103557665,0.27343565103557665,0.3456694113509684,0.3456694113509684,0.3366482334941523,0.3366482334941523,0.28245682889239276,0.28245682889239276,oncoming,oncoming,1,1,vehicle
55487.59999998396,38.287339317347545,38.287339317347545,-6.553029700945864,-6.553029700945864,-3.5607739074250735,-3.5607739074250735,-3.934694298760893,-3.934694298760893,-6.179109309610044,-6.179109309610044,0.14086538358762368,0.14086538358762368,0.22034869499702836,0.22034869499702836,0.21042217271237718,0.21042217271237718,0.15079190587228197,0.15079190587228197,oncoming,oncoming,1,1,vehicle
55487.699999983946,38.18706022390414,38.18706022390414,-6.569988634644537,-6.569988634644537,-3.5698787727782877,-3.5698787727782877,-3.9447800416763146,-3.9447800416763146,-6.19508736574651,-6.19508736574651,-0.20649192895354673,-0.20649192895354673,-0.12818228961663536,-0.12818228961663536,-0.13796218771815205,-0.13796218771815205,-0.19671203085203004,-0.19671203085203004,oncoming,oncoming,1,1,vehicle
55487.799999983945,38.087890067987175,38.087890067987175,-6.5943280867340395,-6.5943280867340395,-3.586410365347243,-3.586410365347243,-3.9622867363031937,-3.9622867363031937,-6.218451715778089,-6.218451715778089,-0.3257172183522883,-0.3257172183522883,-0.25629715942774567,-0.25629715942774567,-0.2649668234216165,-0.2649668234216165,-0.3170475543584139,-0.3170475543584139,oncoming,oncoming,1,1,vehicle
55487.899999983936,38.011070314825666,38.011070314825666,-6.635132078310478,-6.635132078310478,-3.6211382046599025,-3.6211382046599025,-3.9977734063566306,-3.9977734063566306,-6.25849687661375,-6.25849687661375,-0.31839945136578507,-0.31839945136578507,-0.2529516358848589,-0.2529516358848589,-0.2611251817564799,-0.2611251817564799,-0.3102259054941605,-0.3102259054941605,oncoming,oncoming,1,1,vehicle
55487.999999983935,37.922785064338264,37.922785064338264,-6.658007977002649,-6.658007977002649,-3.6370006925202656,-3.6370006925202656,-4.014511772650466,-4.014511772650466,-6.280496896872449,-6.280496896872449,-0.11188287782807294,-0.11188287782807294,-0.041075746936424906,-0.041075746936424906,-0.04991856341582235,-0.04991856341582235,-0.1030400613486755,-0.1030400613486755,oncoming,oncoming,1,1,vehicle
55488.09999998395,37.83322610414163,37.83322610414163,-6.657508653873993,-6.657508653873993,-3.6293533540442446,-3.6293533540442446,-4.007757119036958,-4.007757119036958,-6.27910488888128,-6.27910488888128,-0.05502449386126074,-0.05502449386126074,0.016502265593057786,0.016502265593057786,0.007569615919258865,0.007569615919258865,-0.04609184418746892,-0.04609184418746892,oncoming,oncoming,1,1,vehicle
55488.199999983946,37.74397289812825,37.74397289812825,-6.669012875773795,-6.669012875773795,-3.6337002393997166,-3.6337002393997166,-4.01299784946478,-4.01299784946478,-6.2897152657087325,-6.2897152657087325,-0.31786841144640476,-0.31786841144640476,-0.2440588408372406,-0.2440588408372406,-0.2532765390957188,-0.2532765390957188,-0.3086507131879266,-0.3086507131879266,oncoming,oncoming,1,1,vehicle
55488.299999983945,37.64960245758565,37.64960245758565,-6.721082336162349,-6.721082336162349,-3.678165122210982,-3.678165122210982,-4.058412426855364,-4.058412426855364,-6.340835031517967,-6.340835031517967,-0.337510211892841,-0.337510211892841,-0.2726780943634921,-0.2726780943634921,-0.2807746137908751,-0.2807746137908751,-0.3294136924654616,-0.3294136924654616,oncoming,oncoming,1,1,vehicle
55488.399999983936,37.583346587678626,37.583346587678626,-6.736514918151592,-6.736514918151592,-3.68823585827214,-3.68823585827214,-4.069152772222617,-4.069152772222617,-6.355598004201115,-6.355598004201115,-0.1576202223011407,-0.1576202223011407,-0.10242960453284766,-0.10242960453284766,-0.10932202325897578,-0.10932202325897578,-0.15072780357500193,-0.15072780357500193,oncoming,oncoming,1,1,vehicle
55488.499999983935,37.51345876908377,37.51345876908377,-6.752606380621018,-6.752606380621018,-3.6986510431165334,-3.6986510431165334,-4.080276831506074,-4.080276831506074,-6.3709805922314775,-6.3709805922314775,-0.12488209420180851,-0.12488209420180851,-0.05715861373476727,-0.05715861373476727,-0.06561615086394212,-0.06561615086394212,-0.11642455707263011,-0.11642455707263011,oncoming,oncoming,1,1,vehicle
55488.59999998393,37.417009199020924,37.417009199020924,-6.76149133699159,-6.76149133699159,-3.699667581018927,-3.699667581018927,-4.082276002395215,-4.082276002395215,-6.378882915615302,-6.378882915615302,-0.14415769419326807,-0.14415769419326807,-0.07754651834604687,-0.07754651834604687,-0.08586511878659309,-0.08586511878659309,-0.1358390937527183,-0.1358390937527183,oncoming,oncoming,1,1,vehicle
55488.69999998394,37.35044764751184,37.35044764751184,-6.781437919461106,-6.781437919461106,-3.714160346787062,-3.714160346787062,-4.097449855264727,-4.097449855264727,-6.398148410983441,-6.398148410983441,-0.044504870995922374,-0.044504870995922374,0.022797813905192754,0.022797813905192754,0.014392896686949541,0.014392896686949541,-0.03609995377767916,-0.03609995377767916,oncoming,oncoming,1,1,vehicle
55488.79999998394,37.253156588932285,37.253156588932285,-6.770392311193223,-6.770392311193223,-3.69510801824023,-3.69510801824023,-4.07939742306018,-4.07939742306018,-6.3861029063732735,-6.3861029063732735,-0.1529344977595315,-0.1529344977595315,-0.08142402137657356,-0.08142402137657356,-0.09035438521954475,-0.09035438521954475,-0.1440041339165603,-0.1440041339165603,oncoming,oncoming,1,1,vehicle
55488.899999983936,37.1770153320797,37.1770153320797,-6.812024819012568,-6.812024819012568,-3.7304451510621393,-3.7304451510621393,-4.115520732308373,-4.115520732308373,-6.426949237766334,-6.426949237766334,-0.29526775130794647,-0.29526775130794647,-0.23305553011108415,-0.23305553011108415,-0.24082467635686555,-0.24082467635686555,-0.2874986050621615,-0.2874986050621615,oncoming,oncoming,1,1,vehicle
55488.999999983935,37.10296732474293,37.10296732474293,-6.829445861453953,-6.829445861453953,-3.7417191242617687,-3.7417191242617687,-4.127562358330852,-4.127562358330852,-6.44360262738487,-6.44360262738487,-0.26670853252080207,-0.26670853252080207,-0.2087835091995487,-0.2087835091995487,-0.21601723818704954,-0.21601723818704954,-0.2594748035333012,-0.2594748035333012,oncoming,oncoming,1,1,vehicle
55489.09999998393,37.03770687390658,37.03770687390658,-6.865366525515952,-6.865366525515952,-3.7722018529014414,-3.7722018529014414,-4.158724179945154,-4.158724179945154,-6.478844198472239,-6.478844198472239,-0.2592609877194576,-0.2592609877194576,-0.20438419883899073,-0.20438419883899073,-0.21123723680893036,-0.21123723680893036,-0.25240794974951086,-0.25240794974951086,oncoming,oncoming,1,1,vehicle
55489.19999998394,36.97148780340864,36.97148780340864,-6.881298058997521,-6.881298058997521,-3.7825959640289977,-3.7825959640289977,-4.1698098056921,-4.1698098056921,-6.494084217334419,-6.494084217334419,-0.10651356406231827,-0.10651356406231827,-0.047616673254506026,-0.047616673254506026,-0.054971716737597376,-0.054971716737597376,-0.09915852057923047,-0.09915852057923047,oncoming,oncoming,1,1,vehicle
55489.29999998394,36.89712670686317,36.89712670686317,-6.88666923832965,-6.88666923832965,-3.781725187553371,-3.781725187553371,-4.169718523293727,-4.169718523293727,-6.4986759025892935,-6.4986759025892935,-0.0979822539102031,-0.0979822539102031,-0.04342408162371569,-0.04342408162371569,-0.05023728437337027,-0.05023728437337027,-0.09116905116054852,-0.09116905116054852,oncoming,oncoming,1,1,vehicle
55489.399999983936,36.841691477987375,36.841691477987375,-6.900894509779276,-6.900894509779276,-3.7912807803536146,-3.7912807803536146,-4.179857262566627,-4.179857262566627,-6.5123180275662635,-6.5123180275662635,-0.25997813587375873,-0.25997813587375873,-0.20587349738021032,-0.20587349738021032,-0.2126300369756855,-0.2126300369756855,-0.2532215962782871,-0.2532215962782871,oncoming,oncoming,1,1,vehicle
55489.499999983935,36.76892160461486,36.76892160461486,-6.938664865503646,-6.938664865503646,-3.8228998870288136,-3.8228998870288136,-4.2122445306882454,-4.2122445306882454,-6.549320221844214,-6.549320221844214,-0.3110959673529692,-0.3110959673529692,-0.2617899122766225,-0.2617899122766225,-0.26794719293357616,-0.26794719293357616,-0.304938686696012,-0.304938686696012,oncoming,oncoming,1,1,vehicle
55489.599999983926,36.72517110183909,36.72517110183909,-6.96311370324767,-6.96311370324767,-3.843638762807064,-3.843638762807064,-4.233446701151427,-4.233446701151427,-6.573305764903306,-6.573305764903306,-0.2123019365883536,-0.2123019365883536,-0.16222400293734296,-0.16222400293734296,-0.168477650556337,-0.168477650556337,-0.2060482889693631,-0.2060482889693631,oncoming,oncoming,1,1,vehicle
55489.69999998392,36.65104890825461,36.65104890825461,-6.981125252817609,-6.981125252817609,-3.8553446876134494,-3.8553446876134494,-4.245940060796571,-4.245940060796571,-6.590529879634487,-6.590529879634487,0.023175017690917343,0.023175017690917343,0.07762934705950997,0.07762934705950997,0.07082920017662175,0.07082920017662175,0.029975164573798452,0.029975164573798452,oncoming,oncoming,1,1,vehicle
55489.79999998392,36.59733718289083,36.59733718289083,-6.9584786997036385,-6.9584786997036385,-3.828112893389722,-3.828112893389722,-4.219280861110612,-4.219280861110612,-6.567310731982749,-6.567310731982749,-0.12076803845307182,-0.12076803845307182,-0.07491075167350303,-0.07491075167350303,-0.08063729768855055,-0.08063729768855055,-0.1150414924380172,-0.1150414924380172,oncoming,oncoming,1,1,vehicle
55489.89999998392,36.543771165421155,36.543771165421155,-7.005278860503697,-7.005278860503697,-3.870326837943425,-3.870326837943425,-4.262067520329581,-4.262067520329581,-6.613538178117541,-6.613538178117541,-0.3140563166555239,-0.3140563166555239,-0.26410641263553103,-0.26410641263553103,-0.2703440151658043,-0.2703440151658043,-0.3078187141252542,-0.3078187141252542,oncoming,oncoming,1,1,vehicle
55489.99999998391,36.48085708826437,36.48085708826437,-7.0212899630337855,-7.0212899630337855,-3.8809341759164373,-3.8809341759164373,-4.273349664143311,-4.273349664143311,-6.628874474806912,-6.628874474806912,-0.26170749414956873,-0.26170749414956873,-0.2080966267047515,-0.2080966267047515,-0.21479137915633828,-0.21479137915633828,-0.25501274169797483,-0.25501274169797483,oncoming,oncoming,1,1,vehicle
55490.09999998392,36.41914778124719,36.41914778124719,-7.0576203593358064,-7.0576203593358064,-3.9119461632867383,-3.9119461632867383,-4.305025796163192,-4.305025796163192,-6.664540726459353,-6.664540726459353,-0.41342961058047223,-0.41342961058047223,-0.3653649201556952,-0.3653649201556952,-0.3713670655794594,-0.3713670655794594,-0.40742746515671513,-0.40742746515671513,oncoming,oncoming,1,1,vehicle
55490.19999998392,36.369470543031454,36.369470543031454,-7.103975885150955,-7.103975885150955,-3.954007159948368,-3.954007159948368,-4.347623077260029,-4.347623077260029,-6.7103599678392944,-6.7103599678392944,-0.33435889503208216,-0.33435889503208216,-0.2940295366121326,-0.2940295366121326,-0.29906570721901815,-0.29906570721901815,-0.3293227244251966,-0.3293227244251966,oncoming,oncoming,1,1,vehicle
55490.29999998392,36.32595684524652,36.32595684524652,-7.124492138341802,-7.124492138341802,-3.970752070608606,-3.970752070608606,-4.3648389376064545,-4.3648389376064545,-6.730405271343954,-6.730405271343954,-0.26420258692454013,-0.26420258692454013,-0.22821706042727286,-0.22821706042727286,-0.23271077956098196,-0.23271077956098196,-0.2597088677908417,-0.2597088677908417,oncoming,oncoming,1,1,vehicle
55490.39999998392,36.28652052399719,36.28652052399719,-7.156816402536158,-7.156816402536158,-3.9996505720339353,-3.9996505720339353,-4.394165233172361,-4.394165233172361,-6.762301741397733,-6.762301741397733,-0.33359940037158253,-0.33359940037158253,-0.2849204514678014,-0.2849204514678014,-0.29099925171971464,-0.29099925171971464,-0.3275206001196693,-0.3275206001196693,oncoming,oncoming,1,1,vehicle
55490.49999998391,36.214104939718084,36.214104939718084,-7.191212018412569,-7.191212018412569,-4.027736160899323,-4.027736160899323,-4.4230387879474655,-4.4230387879474655,-6.795909391364427,-6.795909391364427,-0.24220413395439522,-0.24220413395439522,-0.18816159027210588,-0.18816159027210588,-0.19491015432605607,-0.19491015432605607,-0.23545556990045213,-0.23545556990045213,oncoming,oncoming,1,1,vehicle
55490.59999998392,36.162655233766024,36.162655233766024,-7.205257229323372,-7.205257229323372,-4.037282890085111,-4.037282890085111,-4.4331472640342735,-4.4331472640342735,-6.80939285537421,-6.80939285537421,-0.28516779258927727,-0.28516779258927727,-0.2503870285836811,-0.2503870285836811,-0.2547302653400898,-0.2547302653400898,-0.28082455583286503,-0.28082455583286503,oncoming,oncoming,1,1,vehicle
55490.69999998392,36.13460819478483,36.13460819478483,-7.2482455769295635,-7.2482455769295635,-4.077813566614899,-4.077813566614899,-4.47398484101436,-4.47398484101436,-6.852074302530102,-6.852074302530102,-0.42923821842824594,-0.42923821842824594,-0.3950836368670707,-0.3950836368670707,-0.39934866729165464,-0.39934866729165464,-0.424973188003662,-0.424973188003662,oncoming,oncoming,1,1,vehicle
55490.79999998392,36.08480790215245,36.08480790215245,-7.2911048730108865,-7.2911048730108865,-4.116299617460101,-4.116299617460101,-4.5130169974942165,-4.5130169974942165,-6.8943874929767714,-6.8943874929767714,-0.4912332357962086,-0.4912332357962086,-0.44770880846493455,-0.44770880846493455,-0.4531438803663619,-0.4531438803663619,-0.4857981638947777,-0.4857981638947777,oncoming,oncoming,1,1,vehicle
55490.89999998392,36.03561641399639,36.03561641399639,-7.346492224090037,-7.346492224090037,-4.1673553283089255,-4.1673553283089255,-4.564613617088696,-4.564613617088696,-6.949233935310266,-6.949233935310266,-0.49199031305964525,-0.49199031305964525,-0.4581198291727695,-0.4581198291727695,-0.46234936480980693,-0.46234936480980693,-0.4877607774226078,-0.4877607774226078,oncoming,oncoming,1,1,vehicle
55490.99999998391,36.00793814045619,36.00793814045619,-7.3895029356187045,-7.3895029356187045,-4.207923583290752,-4.207923583290752,-4.605486870452248,-4.605486870452248,-6.991939648457208,-6.991939648457208,-0.4514772069747437,-0.4514772069747437,-0.4173973090708145,-0.4173973090708145,-0.42165298323913447,-0.42165298323913447,-0.44722153280642374,-0.44722153280642374,oncoming,oncoming,1,1,vehicle
55491.099999983904,35.958482743754395,35.958482743754395,-7.436787665477102,-7.436787665477102,-4.2508347901158,-4.2508347901158,-4.64894421372916,-4.64894421372916,-7.0386782418637415,-7.0386782418637415,-0.49243759793058217,-0.49243759793058217,-0.4586529485580222,-0.4586529485580222,-0.4628717475394346,-0.4628717475394346,-0.48821879894917686,-0.48821879894917686,oncoming,oncoming,1,1,vehicle
55491.199999983895,35.93158850049419,35.93158850049419,-7.487990455196223,-7.487990455196223,-4.299654172994347,-4.299654172994347,-4.698061219952052,-4.698061219952052,-7.089583408238518,-7.089583408238518,-0.35950846490832333,-0.35950846490832333,-0.32981775308055106,-0.32981775308055106,-0.3335253193995946,-0.3335253193995946,-0.35580089858927977,-0.35580089858927977,oncoming,oncoming,1,1,vehicle
55491.29999998389,35.891551646570555,35.891551646570555,-7.5086893584524885,-7.5086893584524885,-4.316798340726151,-4.316798340726151,-4.715649277603255,-4.715649277603255,-7.109838421575384,-7.109838421575384,-0.37103026504208714,-0.37103026504208714,-0.33645645507656496,-0.33645645507656496,-0.3407737802735227,-0.3407737802735227,-0.3667129398451294,-0.3667129398451294,oncoming,oncoming,1,1,vehicle
55491.3999999839,35.85378966926284,35.85378966926284,-7.562196508213422,-7.562196508213422,-4.3669454640183325,-4.3669454640183325,-4.766215976015443,-4.766215976015443,-7.162925996216312,-7.162925996216312,-0.42225581708685667,-0.42225581708685667,-0.3928662062604751,-0.3928662062604751,-0.3965361593626753,-0.3965361593626753,-0.41858586398466,-0.41858586398466,oncoming,oncoming,1,1,vehicle
55491.4999999839,35.82554406007823,35.82554406007823,-7.593140521878059,-7.593140521878059,-4.39537158198598,-4.39537158198598,-4.794956509483582,-4.794956509483582,-7.193555594380457,-7.193555594380457,-0.20508077579346207,-0.20508077579346207,-0.17095618753163677,-0.17095618753163677,-0.17521739847841644,-0.17521739847841644,-0.2008195648466824,-0.2008195648466824,oncoming,oncoming,1,1,vehicle
55491.5999999839,35.777331089423605,35.777331089423605,-7.603212663371517,-7.603212663371517,-4.4011367015241625,-4.4011367015241625,-4.801259455710616,-4.801259455710616,-7.2030899091850635,-7.2030899091850635,-0.30559665152456006,-0.30559665152456006,-0.26146807986188847,-0.26146807986188847,-0.26697849737583823,-0.26697849737583823,-0.30008623401060674,-0.30008623401060674,oncoming,oncoming,1,1,vehicle
55491.699999983895,35.726887856879394,35.726887856879394,-7.654259852182082,-7.654259852182082,-4.447665197957597,-4.447665197957597,-4.848352208957973,-4.848352208957973,-7.253572841181706,-7.253572841181706,-0.40980111609496106,-0.40980111609496106,-0.374686276415936,-0.374686276415936,-0.37907112273565247,-0.37907112273565247,-0.4054162697752446,-0.4054162697752446,oncoming,oncoming,1,1,vehicle
55491.79999998389,35.69899320018124,35.69899320018124,-7.6851728865878,-7.6851728865878,-4.476073956804852,-4.476073956804852,-4.877073680255222,-4.877073680255222,-7.28417316313743,-7.28417316313743,-0.23626915054136077,-0.23626915054136077,-0.21572488115548438,-0.21572488115548438,-0.2182902719652553,-0.2182902719652553,-0.23370375973158986,-0.23370375973158986,oncoming,oncoming,1,1,vehicle
55491.899999983885,35.68114296951229,35.68114296951229,-7.701513682286887,-7.701513682286887,-4.490810174185501,-4.490810174185501,-4.892010263347797,-4.892010263347797,-7.300313593124591,-7.300313593124591,-0.2571278129186467,-0.2571278129186467,-0.2281461447714399,-0.2281461447714399,-0.23176511723380244,-0.23176511723380244,-0.2535088404562771,-0.2535088404562771,oncoming,oncoming,1,1,vehicle
55491.99999998389,35.63459558121427,35.63459558121427,-7.736598449174016,-7.736598449174016,-4.521703185761311,-4.521703185761311,-4.923426703704194,-4.923426703704194,-7.334874931231133,-7.334874931231133,-0.2566001526964641,-0.2566001526964641,-0.2276131886388697,-0.2276131886388697,-0.2312328186714261,-0.2312328186714261,-0.25298052266390414,-0.25298052266390414,oncoming,oncoming,1,1,vehicle
55492.09999998389,35.61679789159967,35.61679789159967,-7.7528337128286715,-7.7528337128286715,-4.536332811915452,-4.536332811915452,-4.938256827084299,-4.938256827084299,-7.350909697659825,-7.350909697659825,-0.2792740411023047,-0.2792740411023047,-0.25882228337529867,-0.25882228337529867,-0.2613761085127919,-0.2613761085127919,-0.276720215964815,-0.276720215964815,oncoming,oncoming,1,1,vehicle
55492.19999998389,35.58929106570498,35.58929106570498,-7.792453257393666,-7.792453257393666,-4.573467642435617,-4.573467642435617,-4.975701925405992,-4.975701925405992,-7.3902189744232905,-7.3902189744232905,-0.4181748699722476,-0.4181748699722476,-0.395583924124594,-0.395583924124594,-0.3984048678569323,-0.3984048678569323,-0.4153539262399093,-0.4153539262399093,oncoming,oncoming,1,1,vehicle
55492.29999998389,35.56681121271535,35.56681121271535,-7.836468686821904,-7.836468686821904,-4.61544959673922,-4.61544959673922,-5.017937800654526,-5.017937800654526,-7.433980482906598,-7.433980482906598,-0.3147135956816456,-0.3147135956816456,-0.2914410028140786,-0.2914410028140786,-0.29434705940037986,-0.29434705940037986,-0.31180753909534076,-0.31180753909534076,oncoming,oncoming,1,1,vehicle
55492.399999983885,35.53787767953615,35.53787767953615,-7.855395976529078,-7.855395976529078,-4.631755842997585,-4.631755842997585,-5.034571337285211,-5.034571337285211,-7.452580482241451,-7.452580482241451,-0.33128288711444753,-0.33128288711444753,-0.31609249557031305,-0.31609249557031305,-0.31798932343010833,-0.31798932343010833,-0.32938605925463804,-0.32938605925463804,oncoming,oncoming,1,1,vehicle
55492.49999998389,35.53327839496195,35.53327839496195,-7.902725264248305,-7.902725264248305,-4.678668095856889,-4.678668095856889,-5.081535665344143,-5.081535665344143,-7.499857694761051,-7.499857694761051,-0.36058374107375357,-0.36058374107375357,-0.35069888650303227,-0.35069888650303227,-0.3519332090152041,-0.3519332090152041,-0.3593494185615782,-0.3593494185615782,oncoming,oncoming,1,1,vehicle
55492.59999998388,35.51608512313991,35.51608512313991,-7.927512724746059,-7.927512724746059,-4.701895620300617,-4.701895620300617,-5.104957979090654,-5.104957979090654,-7.524450365956022,-7.524450365956022,-0.3928435059710438,-0.3928435059710438,-0.36961874367441183,-0.36961874367441183,-0.37251881815987176,-0.37251881815987176,-0.38994343148558386,-0.38994343148558386,oncoming,oncoming,1,1,vehicle
55492.699999983866,35.48213165577552,35.48213165577552,-7.981293965430686,-7.981293965430686,-4.752591844580628,-4.752591844580628,-5.156039428964889,-5.156039428964889,-7.577846381046425,-7.577846381046425,-0.48487696486025555,-0.48487696486025555,-0.4672999529142352,-0.4672999529142352,-0.4694947917877421,-0.4694947917877421,-0.48268212598674864,-0.48268212598674864,oncoming,oncoming,1,1,vehicle
55492.79999998388,35.477400014135775,35.477400014135775,-8.024488117713616,-8.024488117713616,-4.7953556108797954,-4.7953556108797954,-5.198856937444431,-5.198856937444431,-7.620986791148981,-7.620986791148981,-0.47396173617195103,-0.47396173617195103,-0.46133544005161653,-0.46133544005161653,-0.46291208113593285,-0.46291208113593285,-0.47238509508763116,-0.47238509508763116,oncoming,oncoming,1,1,vehicle
55492.89999998388,35.45438707846303,35.45438707846303,-8.07608631266937,-8.07608631266937,-4.844858932595342,-4.844858932595342,-5.248621845196454,-5.248621845196454,-7.672323400068257,-7.672323400068257,-0.5695232302672366,-0.5695232302672366,-0.5438813608385509,-0.5438813608385509,-0.5470832483240642,-0.5470832483240642,-0.5663213427817269,-0.5663213427817269,oncoming,oncoming,1,1,vehicle
55492.99999998388,35.421115809323894,35.421115809323894,-8.138392763765406,-8.138392763765406,-4.904131883045923,-4.904131883045923,-5.308273587107651,-5.308273587107651,-7.734251059703679,-7.734251059703679,-0.632304343657232,-0.632304343657232,-0.6156245523785167,-0.6156245523785167,-0.6177073480068422,-0.6177073480068422,-0.6302215480289064,-0.6302215480289064,oncoming,oncoming,1,1,vehicle
55493.09999998388,35.41780189122138,35.41780189122138,-8.20254718140371,-8.20254718140371,-4.967983843074066,-4.967983843074066,-5.372163314800828,-5.372163314800828,-7.798367709676949,-7.798367709676949,-0.7875877962959521,-0.7875877962959521,-0.7769608294229791,-0.7769608294229791,-0.7782878103777939,-0.7782878103777939,-0.7862608153411301,-0.7862608153411301,oncoming,oncoming,1,1,vehicle
55493.199999983866,35.397841759931616,35.397841759931616,-8.295910323010197,-8.295910323010197,-5.059524048916561,-5.059524048916561,-5.463931149169197,-5.463931149169197,-7.891503222757562,-7.891503222757562,-0.7466072565364996,-0.7466072565364996,-0.7357186014922519,-0.7357186014922519,-0.7370782589528488,-0.7370782589528488,-0.7452475990759098,-0.7452475990759098,oncoming,oncoming,1,1,vehicle
55493.299999983865,35.39395956268393,35.39395956268393,-8.35186863269253,-8.35186863269253,-5.11512756335444,-5.11512756335444,-5.51957896657327,-5.51957896657327,-7.9474172294737,-7.9474172294737,-0.7890271684285821,-0.7890271684285821,-0.778455131197525,-0.778455131197525,-0.7797752513186076,-0.7797752513186076,-0.7877070483075101,-0.7877070483075101,oncoming,oncoming,1,1,vehicle
55493.39999998387,35.374718316091965,35.374718316091965,-8.453715756702698,-8.453715756702698,-5.2152150751627016,-5.2152150751627016,-5.619886199439572,-5.619886199439572,-8.049044632425828,-8.049044632425828,-1.198169992097661,-1.198169992097661,-1.1767246779993386,-1.1767246779993386,-1.1794025312419478,-1.1794025312419478,-1.1954921388550446,-1.1954921388550446,oncoming,oncoming,1,1,vehicle
55493.49999998387,35.3470955294782,35.3470955294782,-8.591502631114679,-8.591502631114679,-5.3504724989568855,-5.3504724989568855,-5.755459472824243,-5.755459472824243,-8.18651565724732,-8.18651565724732,-1.0954217776024464,-1.0954217776024464,-1.073351905382701,-1.073351905382701,-1.0761077432682917,-1.0761077432682917,-1.092665939716852,-1.092665939716852,oncoming,oncoming,1,1,vehicle
55493.59999998387,35.326543649877834,35.326543649877834,-8.67280011222,-8.67280011222,-5.429885456236118,-5.429885456236118,-5.835107748090098,-5.835107748090098,-8.267577820366018,-8.267577820366018,-1.0215201911083795,-1.0215201911083795,-1.004156167871404,-1.004156167871404,-1.0063243892677711,-1.0063243892677711,-1.0193519697120195,-1.0193519697120195,oncoming,oncoming,1,1,vehicle
55493.699999983866,35.30924101563315,35.30924101563315,-8.795806669333382,-8.795806669333382,-5.551303732528243,-5.551303732528243,-5.956724350674868,-5.956724350674868,-8.390386051186757,-8.390386051186757,-1.2925515054388796,-1.2925515054388796,-1.2772380790506261,-1.2772380790506261,-1.279150243189818,-1.279150243189818,-1.2906393412996948,-1.2906393412996948,oncoming,oncoming,1,1,vehicle
55493.799999983865,35.29319409459137,35.29319409459137,-8.931310413304013,-8.931310413304013,-5.685333072042526,-5.685333072042526,-6.090937796724339,-6.090937796724339,-8.5257056886222,-8.5257056886222,-1.35844853951901,-1.35844853951901,-1.3351272193033452,-1.3351272193033452,-1.3380393123810812,-1.3380393123810812,-1.3555364464412847,-1.3555364464412847,oncoming,oncoming,1,1,vehicle
55493.89999998387,35.258526562576975,35.258526562576975,-9.067496377243165,-9.067496377243165,-5.818329176394665,-5.818329176394665,-6.224332213156866,-6.224332213156866,-8.661493340480966,-8.661493340480966,-1.3743705734152414,-1.3743705734152414,-1.3460956032594922,-1.3460956032594922,-1.3496262455500592,-1.3496262455500592,-1.3708399311246708,-1.3708399311246708,oncoming,oncoming,1,1,vehicle
55493.99999998387,35.23178195551264,35.23178195551264,-9.20618452799288,-9.20618452799288,-5.954552192700066,-5.954552192700066,-6.360863045840015,-6.360863045840015,-8.79987367485293,-8.79987367485293,-1.4783835795497282,-1.4783835795497282,-1.4596107280709774,-1.4596107280709774,-1.4619548552771775,-1.4619548552771775,-1.4760394523435139,-1.4760394523435139,oncoming,oncoming,1,1,vehicle
55494.09999998387,35.21780881813921,35.21780881813921,-9.363173093148808,-9.363173093148808,-6.110251322004613,-6.110251322004613,-6.516723184208046,-6.516723184208046,-8.956701230945374,-8.956701230945374,-1.406271037022755,-1.406271037022755,-1.3836608641049999,-1.3836608641049999,-1.3864841444807432,-1.3864841444807432,-1.4034477566470187,-1.4034477566470187,oncoming,oncoming,1,1,vehicle
55494.199999983866,35.1828269824403,35.1828269824403,-9.487438735393338,-9.487438735393338,-6.231284365517039,-6.231284365517039,-6.638159874732128,-6.638159874732128,-9.08056322617825,-9.08056322617825,-1.5369516168962178,-1.5369516168962178,-1.5068568070299584,-1.5068568070299584,-1.5106146718459783,-1.5106146718459783,-1.5331937520802015,-1.5331937520802015,oncoming,oncoming,1,1,vehicle
55494.299999983865,35.152729795744975,35.152729795744975,-9.670563416523578,-9.670563416523578,-6.411622683406218,-6.411622683406218,-6.8188461185728455,-6.8188461185728455,-9.263339981356951,-9.263339981356951,-1.5774003166966324,-1.5774003166966324,-1.556395754165095,-1.556395754165095,-1.5590185382036879,-1.5590185382036879,-1.5747775326580324,-1.5747775326580324,oncoming,oncoming,1,1,vehicle
55494.399999983856,35.137470079547064,35.137470079547064,-9.802918798720292,-9.802918798720292,-6.542563516337798,-6.542563516337798,-6.949963582360592,-6.949963582360592,-9.395518732697496,-9.395518732697496,-1.4539497216962758,-1.4539497216962758,-1.4322292967284866,-1.4322292967284866,-1.4349414635545088,-1.4349414635545088,-1.4512375548702394,-1.4512375548702394,oncoming,oncoming,1,1,vehicle
55494.499999983855,35.105909220448986,35.105909220448986,-9.96135336084992,-9.96135336084992,-6.6980685427391125,-6.6980685427391125,-7.105834411270932,-7.105834411270932,-9.5535874923181,-9.5535874923181,-1.4333878823287876,-1.4333878823287876,-1.397764957566892,-1.397764957566892,-1.402213081300637,-1.402213081300637,-1.4289397585950496,-1.4289397585950496,oncoming,oncoming,1,1,vehicle
55494.599999983846,35.0608130833271,35.0608130833271,-10.089596375173645,-10.089596375173645,-6.822116507839226,-6.822116507839226,-7.230406198608712,-7.230406198608712,-9.68130668440416,-9.68130668440416,-1.3770653116957092,-1.3770653116957092,-1.3395459085659738,-1.3395459085659738,-1.3442308300991854,-1.3442308300991854,-1.3723803901624976,-1.3723803901624976,oncoming,oncoming,1,1,vehicle
55494.69999998384,35.02532523386412,35.02532523386412,-10.236766423165015,-10.236766423165015,-6.965977724428915,-6.965977724428915,-7.374680577267296,-7.374680577267296,-9.828063570326634,-9.828063570326634,-1.301441839032222,-1.301441839032222,-1.2685948523960136,-1.2685948523960136,-1.2726963350114744,-1.2726963350114744,-1.297340356416747,-1.297340356416747,oncoming,oncoming,1,1,vehicle
55494.79999998385,34.99042518970176,34.99042518970176,-10.349884742978338,-10.349884742978338,-7.075835478316544,-7.075835478316544,-7.484945465609139,-7.484945465609139,-9.94077475568574,-9.94077475568574,-1.0754411199756504,-1.0754411199756504,-1.0335633030588482,-1.0335633030588482,-1.0387924178635473,-1.0387924178635473,-1.0702120051709372,-1.0702120051709372,oncoming,oncoming,1,1,vehicle
55494.89999998385,34.93581571088912,34.93581571088912,-10.451854647174287,-10.451854647174287,-7.172690385054609,-7.172690385054609,-7.582439060853957,-7.582439060853957,-10.042105971374937,-10.042105971374937,-1.1031433834111297,-1.1031433834111297,-1.0807781627276327,-1.0807781627276327,-1.08357081561293,-1.08357081561293,-1.1003507305258395,-1.1003507305258395,oncoming,oncoming,1,1,vehicle
55494.99999998385,34.94266007787943,34.94266007787943,-10.570513419657354,-10.570513419657354,-7.291991110858925,-7.291991110858925,-7.701659628728573,-7.701659628728573,-10.160844901787707,-10.160844901787707,-0.911367433374437,-0.911367433374437,-0.8960380502861369,-0.8960380502861369,-0.8979521616019426,-0.8979521616019426,-0.9094533220586456,-0.9094533220586456,oncoming,oncoming,1,1,vehicle
55495.099999983846,34.903164915947414,34.903164915947414,-10.634128133846522,-10.634128133846522,-7.351897995109229,-7.351897995109229,-7.762029493171732,-7.762029493171732,-10.223996635784019,-10.223996635784019,-0.6043101300885496,-0.6043101300885496,-0.5774733952550051,-0.5774733952550051,-0.5808243768539825,-0.5808243768539825,-0.6009591484895651,-0.6009591484895651,oncoming,oncoming,1,1,vehicle
55495.19999998384,34.88551691222854,34.88551691222854,-10.691375445669372,-10.691375445669372,-7.407485789904357,-7.407485789904357,-7.817824504093786,-7.817824504093786,-10.281036731479944,-10.281036731479944,-0.48836844233298393,-0.48836844233298393,-0.4710771154432791,-0.4710771154432791,-0.47323620125529686,-0.47323620125529686,-0.4862093565209591,-0.4862093565209591,oncoming,oncoming,1,1,vehicle
55495.29999998384,34.86640839177656,34.86640839177656,-10.731801822309249,-10.731801822309249,-7.446113418194047,-7.446113418194047,-7.85667673341895,-7.85667673341895,-10.321238507084345,-10.321238507084345,-0.1526013939496238,-0.1526013939496238,-0.1323524122737041,-0.1323524122737041,-0.1348808031320985,-0.1348808031320985,-0.1500730030912365,-0.1500730030912365,oncoming,oncoming,1,1,vehicle
55495.39999998384,34.842524433888684,34.842524433888684,-10.721895724463627,-10.721895724463627,-7.43395627236337,-7.43395627236337,-7.8448006647244855,-7.8448006647244855,-10.311051332102512,-10.311051332102512,0.29311359547759963,0.29311359547759963,0.3226515397490459,0.3226515397490459,0.31896328838801224,0.31896328838801224,0.2968018468386333,0.2968018468386333,oncoming,oncoming,1,1,vehicle
55495.49999998384,34.80379759577868,34.80379759577868,-10.673179103214581,-10.673179103214581,-7.381583110245176,-7.381583110245176,-7.7928840757422755,-7.7928840757422755,-10.261878137717481,-10.261878137717481,0.4185885063292645,0.4185885063292645,0.44939273240954947,0.44939273240954947,0.4455463729662483,0.4455463729662483,0.4224348657725585,0.4224348657725585,oncoming,oncoming,1,1,vehicle
55495.59999998384,34.777323817201896,34.777323817201896,-10.638178023198993,-10.638178023198993,-7.3440777258827685,-7.3440777258827685,-7.755691390132532,-7.755691390132532,-10.22656435894923,-10.22656435894923,0.5001386754121739,0.5001386754121739,0.5262429632088796,0.5262429632088796,0.5229834668408913,0.5229834668408913,0.5033981717801623,0.5033981717801623,oncoming,oncoming,1,1,vehicle
55495.69999998384,34.74865175470368,34.74865175470368,-10.573151368133603,-10.573151368133603,-7.276334517604932,-7.276334517604932,-7.68828738237562,-7.68828738237562,-10.161198503362915,-10.161198503362915,0.8086392704588903,0.8086392704588903,0.8336851124357025,0.8336851124357025,0.8305577832228508,0.8305577832228508,0.811766599671742,0.811766599671742,oncoming,oncoming,1,1,vehicle
55495.79999998384,34.724490907610544,34.724490907610544,-10.47645016910138,-10.47645016910138,-7.177340703389714,-7.177340703389714,-7.589579833482057,-7.589579833482057,-10.064211039009036,-10.064211039009036,0.9717617500144016,0.9717617500144016,0.9930550936803755,0.9930550936803755,0.9903963213045444,0.9903963213045444,0.9744205223902398,0.9744205223902398,oncoming,oncoming,1,1,vehicle
55495.89999998384,34.703798270018865,34.703798270018865,-10.378799018126548,-10.378799018126548,-7.077723498864566,-7.077723498864566,-7.490208118110436,-7.490208118110436,-9.966314398880678,-9.966314398880678,0.8189817190488213,0.8189817190488213,0.8479063124101387,0.8479063124101387,0.8442946788515613,0.8442946788515613,0.8225933526073774,0.8225933526073774,oncoming,oncoming,1,1,vehicle
55495.99999998383,34.66367519776011,34.66367519776011,-10.312653825297666,-10.312653825297666,-7.007759440914167,-7.007759440914167,-7.42072089771817,-7.42072089771817,-9.899692368493664,-9.899692368493664,1.0425902771128364,1.0425902771128364,1.0697430571670097,1.0697430571670097,1.0663526628940474,1.0663526628940474,1.0459806713858129,1.0459806713858129,oncoming,oncoming,1,1,vehicle
55496.09999998383,34.64676970073392,34.64676970073392,-10.170280962709054,-10.170280962709054,-6.863774887436674,-6.863774887436674,-7.276937585537082,-7.276937585537082,-9.757118264608645,-9.757118264608645,1.3994276377582509,1.3994276377582509,1.424085735618128,1.424085735618128,1.4210068436531955,1.4210068436531955,1.4025065297232047,1.4025065297232047,oncoming,oncoming,1,1,vehicle
55496.19999998383,34.61199787066013,34.61199787066013,-10.032768297750088,-10.032768297750088,-6.722942293794685,-6.722942293794685,-7.136519528991667,-7.136519528991667,-9.619191062553105,-9.619191062553105,1.5717029483103104,1.5717029483103104,1.5974675719004807,1.5974675719004807,1.5942505191281953,1.5942505191281953,1.5749200010825959,1.5749200010825959,oncoming,oncoming,1,1,vehicle
55496.29999998383,34.59282954314114,34.59282954314114,-9.855940373051565,-9.855940373051565,-6.544281373061226,-6.544281373061226,-6.958087481716083,-6.958087481716083,-9.442134264396708,-9.442134264396708,1.6801083634861627,1.6801083634861627,1.7066003215223766,1.7066003215223766,1.7032924588969252,1.7032924588969252,1.6834162261115964,1.6834162261115964,oncoming,oncoming,1,1,vehicle
55496.39999998383,34.55664850367706,34.55664850367706,-9.696746625057747,-9.696746625057747,-6.381622229495177,-6.381622229495177,-6.795861037217239,-6.795861037217239,-9.282507817335684,-9.282507817335684,1.611437786830578,1.611437786830578,1.6318266144337912,1.6318266144337912,1.6292808084184287,1.6292808084184287,1.6139835928459476,1.6139835928459476,oncoming,oncoming,1,1,vehicle
55496.49999998383,34.55026281400818,34.55026281400818,-9.533652815678131,-9.533652815678131,-6.2179160501672674,-6.2179160501672674,-6.632231320025183,-6.632231320025183,-9.119337545820214,-9.119337545820214,1.7228541902616428,1.7228541902616428,1.7349503363946717,1.7349503363946717,1.733439980413145,1.733439980413145,1.7243645462431587,1.7243645462431587,oncoming,oncoming,1,1,vehicle
55496.59999998383,34.5314349286752,34.5314349286752,-9.352175786999235,-9.352175786999235,-6.034632162210093,-6.034632162210093,-6.449173041128455,-6.449173041128455,-8.937634908080872,-8.937634908080872,1.894831362526098,1.894831362526098,1.9239940296021132,1.9239940296021132,1.9203527094383048,1.9203527094383048,1.8984726826898992,1.8984726826898992,oncoming,oncoming,1,1,vehicle
55496.699999983815,34.48956012611264,34.48956012611264,-9.154686543208332,-9.154686543208332,-5.833117244283095,-5.833117244283095,-6.248160778173669,-6.248160778173669,-8.739643009317756,-8.739643009317756,1.7073803343373655,1.7073803343373655,1.734642894032266,1.734642894032266,1.731238829464587,1.731238829464587,1.710784398905055,1.710784398905055,oncoming,oncoming,1,1,vehicle
55496.79999998382,34.47474259773851,34.47474259773851,-9.010699720160831,-9.010699720160831,-5.687703583433555,-5.687703583433555,-6.102925275265348,-6.102925275265348,-8.595478028329037,-8.595478028329037,1.979790409767105,1.979790409767105,2.003419810978883,2.003419810978883,2.000469397942112,2.000469397942112,1.982740822803862,1.982740822803862,oncoming,oncoming,1,1,vehicle
55496.89999998382,34.44053112519197,34.44053112519197,-8.758728461254126,-8.758728461254126,-5.432433282086565,-5.432433282086565,-5.84806689858449,-5.84806689858449,-8.343094844756202,-8.343094844756202,2.2243639924174587,2.2243639924174587,2.2548634551307885,2.2548634551307885,2.2510552381983793,2.2510552381983793,2.2281722093498573,2.2281722093498573,oncoming,oncoming,1,1,vehicle
55496.99999998382,34.41153917238347,34.41153917238347,-8.565826921683813,-8.565826921683813,-5.23673089241396,-5.23673089241396,-5.652714227632224,-5.652714227632224,-8.14984358646555,-8.14984358646555,2.102044376743514,2.102044376743514,2.1310164682120423,2.1310164682120423,2.127398969139257,2.127398969139257,2.1056618758162884,2.1056618758162884,oncoming,oncoming,1,1,vehicle
55497.09999998382,34.38060624042452,34.38060624042452,-8.338319585911542,-8.338319585911542,-5.006229988450359,-5.006229988450359,-5.42258710476283,-5.42258710476283,-7.921962469599071,-7.921962469599071,2.3717674846808805,2.3717674846808805,2.398405072272258,2.398405072272258,2.3950790685697925,2.3950790685697925,2.3750934883833494,2.3750934883833494,oncoming,oncoming,1,1,vehicle
55497.199999983815,34.35652775820635,34.35652775820635,-8.09147342475454,-8.09147342475454,-4.757049877966488,-4.757049877966488,-5.173698413925236,-5.173698413925236,-7.674824888795793,-7.674824888795793,2.4492373389519244,2.4492373389519244,2.4812921378013613,2.4812921378013613,2.477289743523574,2.477289743523574,2.453239733229708,2.453239733229708,oncoming,oncoming,1,1,vehicle
55497.29999998381,34.31454751383851,34.31454751383851,-7.848472118145825,-7.848472118145825,-4.50997156091521,-4.50997156091521,-4.92712915608318,-4.92712915608318,-7.431314522977854,-7.431314522977854,2.486481629047006,2.486481629047006,2.5127659425362907,2.5127659425362907,2.509484060688024,2.509484060688024,2.4897635108952727,2.4897635108952727,oncoming,oncoming,1,1,vehicle
55497.399999983805,34.302417904491634,34.302417904491634,-7.594177098969645,-7.594177098969645,-4.254496689484215,-4.254496689484215,-4.6718016018125565,-4.6718016018125565,-7.176872186641304,-7.176872186641304,2.34141014935242,2.34141014935242,2.3662283170766543,2.3662283170766543,2.363129507581899,2.363129507581899,2.3445089588471717,2.3445089588471717,oncoming,oncoming,1,1,vehicle
55497.49999998381,34.26357603075405,34.26357603075405,-7.380190088268052,-7.380190088268052,-4.036725897492292,-4.036725897492292,-4.454503254559251,-4.454503254559251,-6.962412731201093,-6.962412731201093,2.2820184679814446,2.2820184679814446,2.3259030088093198,2.3259030088093198,2.3204235732434277,2.3204235732434277,2.28749790354734,2.28749790354734,oncoming,oncoming,1,1,vehicle
55497.59999998381,34.21245410402876,34.21245410402876,-7.137773405365462,-7.137773405365462,-3.7893160877143535,-3.7893160877143535,-4.207716887155887,-4.207716887155887,-6.719372605923929,-6.719372605923929,2.8785123812466082,2.8785123812466082,2.921336284667877,2.921336284667877,2.9159892937436744,2.9159892937436744,2.8838593721708072,2.8838593721708072,oncoming,oncoming,1,1,vehicle
55497.69999998381,34.175979280625036,34.175979280625036,-6.804487612027108,-6.804487612027108,-3.452458640567219,-3.452458640567219,-3.871305395819003,-3.871305395819003,-6.385640856775324,-6.385640856775324,3.015616930620247,3.015616930620247,3.058527858640664,3.058527858640664,3.053170019799918,3.053170019799918,3.0209747694609916,3.0209747694609916,oncoming,oncoming,1,1,vehicle
55497.79999998381,34.124940969396334,34.124940969396334,-6.53465001925019,-6.53465001925019,-3.1776105159951222,-3.1776105159951222,-3.5970828832047888,-3.5970828832047888,-6.115177652040523,-6.115177652040523,2.9369446633046508,2.9369446633046508,2.978486120690759,2.978486120690759,2.9732992852887428,2.9732992852887428,2.9421314987066616,2.9421314987066616,oncoming,oncoming,1,1,vehicle
55497.899999983805,34.09143233872621,34.09143233872621,-6.217098679374726,-6.217098679374726,-2.8567614164377355,-2.8567614164377355,-3.2766455387699076,-3.2766455387699076,-5.797214557042555,-5.797214557042555,3.264306638942056,3.264306638942056,3.2973375965842973,3.2973375965842973,3.293213387366773,3.293213387366773,3.268430848159575,3.268430848159575,oncoming,oncoming,1,1,vehicle
55497.99999998381,34.05788127281747,34.05788127281747,-5.881788691446236,-5.881788691446236,-2.5181429966625752,-2.5181429966625752,-2.9384402057157644,-2.9384402057157644,-5.461491482393047,-5.461491482393047,3.495854004243103,3.495854004243103,3.5379279493361793,3.5379279493361793,3.5326746574620245,3.5326746574620245,3.501107296117258,3.501107296117258,oncoming,oncoming,1,1,vehicle
55498.0999999838,34.00622661948067,34.00622661948067,-5.517927878540435,-5.517927878540435,-2.149175826585213,-2.149175826585213,-2.570110607292168,-2.570110607292168,-5.096993097833479,-5.096993097833479,3.6490194909645943,3.6490194909645943,3.695902421324531,3.695902421324531,3.6900487014599364,3.6900487014599364,3.654873210829191,3.654873210829191,oncoming,oncoming,1,1,vehicle
55498.1999999838,33.96315008074948,33.96315008074948,-5.151984793290335,-5.151984793290335,-1.7789625124352262,-1.7789625124352262,-2.2004304654612667,-2.2004304654612667,-4.730516840264294,-4.730516840264294,3.549734278737393,3.549734278737393,3.5951893338147682,3.5951893338147682,3.589513914942758,3.589513914942758,3.555409697609395,3.555409697609395,oncoming,oncoming,1,1,vehicle
55498.2999999838,33.91465060272059,33.91465060272059,-4.807981022803288,-4.807981022803288,-1.4301379598327224,-1.4301379598327224,-1.852207824314063,-1.852207824314063,-4.385911158321948,-4.385911158321948,3.904520089970969,3.904520089970969,3.953453921200345,3.953453921200345,3.947344169003724,3.947344169003724,3.9106298421675874,3.9106298421675874,oncoming,oncoming,1,1,vehicle
55498.3999999838,33.86483481755267,33.86483481755267,-4.371080775307505,-4.371080775307505,-0.9882717282066633,-0.9882717282066633,-1.4109616316720104,-1.4109616316720104,-3.9483908718421583,-3.9483908718421583,4.05885796705784,4.05885796705784,4.0973709464889,4.0973709464889,4.092562327312766,4.092562327312766,4.063666586233978,4.063666586233978,oncoming,oncoming,1,1,vehicle
55498.4999999838,33.83744520298552,33.83744520298552,-3.9962094294035326,-3.9962094294035326,-0.6106637705468672,-0.6106637705468672,-1.0336953588634206,-1.0336953588634206,-3.573177841086979,-3.573177841086979,4.048583333756689,4.048583333756689,4.085292304010563,4.085292304010563,4.080708943058303,4.080708943058303,4.053166694708951,4.053166694708951,oncoming,oncoming,1,1,vehicle
55498.5999999838,33.79145362673366,33.79145362673366,-3.5613641085341294,-3.5613641085341294,-0.17121326738221643,-0.17121326738221643,-0.5948198430380525,-0.5948198430380525,-3.137757532878293,-3.137757532878293,4.175147502948896,4.175147502948896,4.225432303216557,4.225432303216557,4.21915392634239,4.21915392634239,4.181425879823065,4.181425879823065,oncoming,oncoming,1,1,vehicle
55498.69999998378,33.73716838168672,33.73716838168672,-3.161179928876573,-3.161179928876573,0.23442269003249994,0.23442269003249994,-0.18986457365874654,-0.18986457365874654,-2.7368926651853265,-2.7368926651853265,4.352763462743329,4.352763462743329,4.386537450397433,4.386537450397433,4.38232056186091,4.38232056186091,4.35698035127985,4.35698035127985,oncoming,oncoming,1,1,vehicle
55498.79999998379,33.7242195538433,33.7242195538433,-2.6908114160042693,-2.6908114160042693,0.7060942226766109,0.7060942226766109,0.2816442693137018,0.2816442693137018,-2.2663614626413606,-2.2663614626413606,4.402636704765985,4.402636704765985,4.444079666558708,4.444079666558708,4.4389052816638666,4.4389052816638666,4.407811089660825,4.407811089660825,oncoming,oncoming,1,1,vehicle
55498.89999998379,33.65496904646546,33.65496904646546,-2.280652587863361,-2.280652587863361,1.1232386234039122,1.1232386234039122,0.6979164827337405,0.6979164827337405,-1.8553304471931893,-1.8553304471931893,4.167853722915007,4.167853722915007,4.207152538374725,4.207152538374725,4.20224586574217,4.20224586574217,4.172760395547566,4.172760395547566,oncoming,oncoming,1,1,vehicle
55498.99999998379,33.64632287945703,33.64632287945703,-1.857240671433398,-1.857240671433398,1.5475247303393116,1.5475247303393116,1.1220934424499056,1.1220934424499056,-1.431809383543992,-1.431809383543992,4.363966632980489,4.363966632980489,4.386536898984657,4.386536898984657,4.383718887693107,4.383718887693107,4.36678464427204,4.36678464427204,oncoming,oncoming,1,1,vehicle
55499.09999998379,33.61037054050063,33.61037054050063,-1.4078592612799639,-1.4078592612799639,2.0005460031880773,2.0005460031880773,1.5746602602596036,1.5746602602596036,-0.9819735183514904,-0.9819735183514904,4.47472455069502,4.47472455069502,4.5159149062402015,4.5159149062402015,4.51077209266746,4.51077209266746,4.479867364267766,4.479867364267766,oncoming,oncoming,1,1,vehicle
55499.19999998378,33.56506184352828,33.56506184352828,-0.962295761339697,-0.962295761339697,2.4507077115415594,2.4507077115415594,2.024247860937666,2.024247860937666,-0.5358359107358033,-0.5358359107358033,4.352140808086558,4.352140808086558,4.385998157604748,4.385998157604748,4.381770913414369,4.381770913414369,4.356368052276939,4.356368052276939,oncoming,oncoming,1,1,vehicle
55499.29999998378,33.543689940044686,33.543689940044686,-0.5374310997084906,-0.5374310997084906,2.877745634662667,2.877745634662667,2.4510144428961826,2.4510144428961826,-0.11069990794200613,-0.11069990794200613,4.296293294180999,4.296293294180999,4.322661331511256,4.322661331511256,4.319369170694554,4.319369170694554,4.2995854549977,4.2995854549977,oncoming,oncoming,1,1,vehicle
55499.399999983776,33.51324808972916,33.51324808972916,-0.10303710251600107,-0.10303710251600107,3.3152399778312303,3.3152399778312303,2.888121695064006,2.888121695064006,0.32408118025122334,0.32408118025122334,4.548856882041936,4.548856882041936,4.578292584171214,4.578292584171214,4.574617418683497,4.574617418683497,4.552532047529653,4.552532047529653,oncoming,oncoming,1,1,vehicle
55499.49999998378,33.48593203057387,33.48593203057387,0.37234027672273706,0.37234027672273706,3.7934041515198555,3.7934041515198555,3.3659379266558145,3.3659379266558145,0.7998065015867781,0.7998065015867781,4.445034265983099,4.445034265983099,4.46700262845723,4.46700262845723,4.464259794697806,4.464259794697806,4.447777099742526,4.447777099742526,oncoming,oncoming,1,1,vehicle
55499.59999998378,33.47020168260738,33.47020168260738,0.7859697507045167,0.7859697507045167,4.208640503546756,4.208640503546756,3.780973654027624,3.780973654027624,1.2136366002236492,1.2136366002236492,4.164659364224255,4.164659364224255,4.1892368635859185,4.1892368635859185,4.186168275551072,4.186168275551072,4.167727952259106,4.167727952259106,oncoming,oncoming,1,1,vehicle
55499.69999998378,33.43785876700222,33.43785876700222,1.2052721495554672,1.2052721495554672,4.631251524224847,4.631251524224847,4.203171581753845,4.203171581753845,1.6333520920264697,1.6333520920264697,4.3960142974020435,4.3960142974020435,4.423587236437093,4.423587236437093,4.420144661625631,4.420144661625631,4.39945687221351,4.39945687221351,oncoming,oncoming,1,1,vehicle
55499.79999998378,33.41632936901358,33.41632936901358,1.6651726101721314,1.6651726101721314,5.093357950821301,5.093357950821301,4.665002586339885,4.665002586339885,2.093527974653547,2.093527974653547,4.467134518784799,4.467134518784799,4.486853887443807,4.486853887443807,4.4843918617501295,4.4843918617501295,4.469596544478476,4.469596544478476,oncoming,oncoming,1,1,vehicle
55499.899999983776,33.399387540275285,33.399387540275285,2.098699053299426,2.098699053299426,5.52862230170055,5.52862230170055,5.10004995409082,5.10004995409082,2.5272714009091564,2.5272714009091564,4.210028258884389,4.210028258884389,4.23249591506568,4.23249591506568,4.229690761739015,4.229690761739015,4.212833412211053,4.212833412211053,oncoming,oncoming,1,1,vehicle
55499.99999998378,33.37255976062501,33.37255976062501,2.5071782619655663,2.5071782619655663,5.939857133851166,5.939857133851166,5.510940738704396,5.510940738704396,2.936094657112336,2.936094657112336,4.159950328282235,4.159950328282235,4.19211247648612,4.19211247648612,4.188096944626185,4.188096944626185,4.163965860142165,4.163965860142165,oncoming,oncoming,1,1,vehicle
55500.09999998377,33.336830656737824,33.336830656737824,2.9306891189415785,2.9306891189415785,6.367044796983252,6.367044796983252,5.937669343001564,5.937669343001564,3.3600645729232665,3.3600645729232665,4.322515959417549,4.322515959417549,4.33138425864016,4.33138425864016,4.330277027636022,4.330277027636022,4.323623190421683,4.323623190421683,oncoming,oncoming,1,1,vehicle
55500.19999998377,33.35531479861493,33.35531479861493,3.3716814538063176,3.3716814538063176,6.806133985535942,6.806133985535942,6.376996144188407,6.376996144188407,3.800819295153852,3.800819295153852,4.216961851777592,4.216961851777592,4.224708533195951,4.224708533195951,4.223741341561535,4.223741341561535,4.217929043412003,4.217929043412003,oncoming,oncoming,1,1,vehicle
55500.29999998377,33.32179797084647,33.32179797084647,3.774081489284824,3.774081489284824,7.211986503610146,7.211986503610146,6.782417611301579,6.782417611301579,4.203650381593391,4.203650381593391,3.9738762558701985,3.9738762558701985,4.000305976697099,4.000305976697099,3.997006162994886,3.997006162994886,3.977176069572412,3.977176069572412,oncoming,oncoming,1,1,vehicle
55500.39999998377,33.30402600313995,33.30402600313995,4.166456704968792,4.166456704968792,7.606195180863719,7.606195180863719,7.176397376775752,7.176397376775752,4.5962545090567595,4.5962545090567595,3.9708640510128106,3.9708640510128106,3.972949804027408,3.972949804027408,3.9726893929696487,3.9726893929696487,3.9711244620705664,3.9711244620705664,oncoming,oncoming,1,1,vehicle
55500.49999998377,33.317752813833714,33.317752813833714,4.5682542994758295,4.5682542994758295,8.006576464404064,8.006576464404064,7.576955489883946,7.576955489883946,4.997875273995947,4.997875273995947,4.2264632568744105,4.2264632568744105,4.230981574320182,4.230981574320182,4.23041745280873,4.23041745280873,4.227027378385859,4.227027378385859,oncoming,oncoming,1,1,vehicle
55500.59999998377,33.29527364836995,33.29527364836995,5.01174935636516,5.01174935636516,8.452391495749533,8.452391495749533,8.022480867359238,8.022480867359238,5.441659984755453,5.441659984755453,4.162575649961099,4.162575649961099,4.180985682143103,4.180985682143103,4.1786871505551915,4.1786871505551915,4.164874181549017,4.164874181549017,oncoming,oncoming,1,1,vehicle
55500.69999998376,33.2820904860318,33.2820904860318,5.400769429437538,5.400769429437538,8.842773600802197,8.842773600802197,8.412692919964492,8.412692919964492,5.830850110275243,5.830850110275243,4.037868627122052,4.037868627122052,4.043673191144123,4.043673191144123,4.042948479536193,4.042948479536193,4.038593338729985,4.038593338729985,oncoming,oncoming,1,1,vehicle
55500.79999998376,33.28403647023059,33.28403647023059,5.819323081754885,5.819323081754885,9.261126133943272,9.261126133943272,8.831070563231442,8.831070563231442,6.249378652466715,6.249378652466715,4.22916461363554,4.22916461363554,4.237463595256401,4.237463595256401,4.236427451695278,4.236427451695278,4.230200757196663,4.230200757196663,oncoming,oncoming,1,1,vehicle
55500.89999998376,33.26603934369705,33.26603934369705,6.2466023521824745,6.2466023521824745,9.69026631987119,9.69026631987119,9.259978410321276,9.259978410321276,6.676890261732389,6.676890261732389,4.308680659267232,4.308680659267232,4.320166893704659,4.320166893704659,4.318732815713801,4.318732815713801,4.310114737258086,4.310114737258086,oncoming,oncoming,1,1,vehicle
55500.99999998376,33.26182234677919,33.26182234677919,6.681059213595792,6.681059213595792,10.12515951267163,10.12515951267163,9.694817126361633,9.694817126361633,7.111401599905788,7.111401599905788,4.175564297013725,4.175564297013725,4.184575242169188,4.184575242169188,4.183450209955872,4.183450209955872,4.176689329227045,4.176689329227045,oncoming,oncoming,1,1,vehicle
55501.09999998376,33.248628692103416,33.248628692103416,7.081715211573067,7.081715211573067,10.52718136829285,10.52718136829285,10.096668452300275,10.096668452300275,7.512228127565642,7.512228127565642,4.230555678241224,4.230555678241224,4.241059560407429,4.241059560407429,4.239748132934999,4.239748132934999,4.231867105713654,4.231867105713654,oncoming,oncoming,1,1,vehicle
55501.19999998376,33.24153398806971,33.24153398806971,7.527170349231724,7.527170349231724,10.973371424740773,10.973371424740773,10.542766752936293,10.542766752936293,7.957775021036204,7.957775021036204,4.433446190828519,4.433446190828519,4.440075769457621,4.440075769457621,4.439248055899903,4.439248055899903,4.434273904386238,4.434273904386238,oncoming,oncoming,1,1,vehicle
55501.29999998376,33.235830860119655,33.235830860119655,7.968404449757818,7.968404449757818,11.41519652220344,11.41519652220344,10.98451806349932,10.98451806349932,8.399082908461939,8.399082908461939,4.303013903472234,4.303013903472234,4.30904726417338,4.30904726417338,4.308293989734139,4.308293989734139,4.303767177911489,4.303767177911489,oncoming,oncoming,1,1,vehicle
55501.39999998376,33.229891665533884,33.229891665533884,8.387773129946549,8.387773129946549,11.83518087759585,11.83518087759585,11.404425550903518,11.404425550903518,8.81852845663888,8.81852845663888,4.358287706513011,4.358287706513011,4.373092466134047,4.373092466134047,4.371244070811095,4.371244070811095,4.360136101835977,4.360136101835977,oncoming,oncoming,1,1,vehicle
55501.49999998375,33.207287047225634,33.207287047225634,8.84006199101363,8.84006199101363,12.289815015383184,12.289815015383184,11.858766877614505,11.858766877614505,9.27111012878231,9.27111012878231,4.554668501448177,4.554668501448177,4.5634234100058535,4.5634234100058535,4.562330347212097,4.562330347212097,4.555761564241948,4.555761564241948,oncoming,oncoming,1,1,vehicle
55501.59999998375,33.213012168720404,33.213012168720404,9.298706830190252,9.298706830190252,12.747865559550785,12.747865559550785,12.316891620299739,12.316891620299739,9.729680769441298,9.729680769441298,4.453788671649541,4.453788671649541,4.448366825164953,4.448366825164953,4.449043749981662,4.449043749981662,4.453111746832832,4.453111746832832,preceding,preceding,1,1,vehicle
55501.69999998375,33.21773476733106,33.21773476733106,9.730819725330576,9.730819725330576,13.179488380403228,13.179488380403228,12.748575627597889,12.748575627597889,10.161732478135916,10.161732478135916,4.507716380589933,4.507716380589933,4.495447536513652,4.495447536513652,4.496979319529586,4.496979319529586,4.506184597574006,4.506184597574006,preceding,preceding,1,1,vehicle
55501.79999998375,33.23667136820736,33.23667136820736,10.200250106295119,10.200250106295119,13.646955066840434,13.646955066840434,13.216287484192568,13.216287484192568,10.630917688942985,10.630917688942985,4.553907602641701,4.553907602641701,4.533166601668853,4.533166601668853,4.535756148177221,4.535756148177221,4.551318056133326,4.551318056133326,preceding,preceding,1,1,vehicle
55501.89999998375,33.25776269086727,33.25776269086727,10.641601245845663,10.641601245845663,14.086121700723805,14.086121700723805,13.655726857220133,13.655726857220133,11.071996089349335,11.071996089349335,4.464188243592879,4.464188243592879,4.450395695789624,4.450395695789624,4.452117718526935,4.452117718526935,4.4624662208555606,4.4624662208555606,preceding,preceding,1,1,vehicle
55501.99999998375,33.26330911519995,33.26330911519995,11.09308775503392,11.09308775503392,14.537034206018642,14.537034206018642,14.106711027918232,14.106711027918232,11.52341093313433,11.52341093313433,4.663000799718837,4.663000799718837,4.665810206981348,4.665810206981348,4.665459447643556,4.665459447643556,4.663351559056636,4.663351559056636,oncoming,oncoming,1,1,vehicle
55502.09999998374,33.25233519154627,33.25233519154627,11.574201405735465,11.574201405735465,15.019283742065706,15.019283742065706,14.588818746694525,14.588818746694525,12.004666401106647,12.004666401106647,4.717029387062105,4.717029387062105,4.706934455259329,4.706934455259329,4.708194826510095,4.708194826510095,4.71576901581134,4.71576901581134,preceding,preceding,1,1,vehicle
55502.19999998374,33.28283265649711,33.28283265649711,12.036493632394183,12.036493632394183,15.478421097017517,15.478421097017517,15.048349993167363,15.048349993167363,12.466564736244337,12.466564736244337,4.631992866241781,4.631992866241781,4.609150498063045,4.609150498063045,4.612002411029408,4.612002411029408,4.629140953275403,4.629140953275403,preceding,preceding,1,1,vehicle
55502.29999998374,33.29651578126802,33.29651578126802,12.50059997900391,12.50059997900391,15.941113841698177,15.941113841698177,15.5112192289203,15.5112192289203,12.930494591781788,12.930494591781788,4.618002610596989,4.618002610596989,4.6029910443555195,4.6029910443555195,4.604865269918918,4.604865269918918,4.616128385033591,4.616128385033591,preceding,preceding,1,1,vehicle
55502.39999998374,33.311907319455436,33.311907319455436,12.960094154500142,12.960094154500142,16.399019305875225,16.399019305875225,15.969323047137745,15.969323047137745,13.38979041323762,13.38979041323762,4.2454780266889784,4.2454780266889784,4.2282455701305395,4.2282455701305395,4.230397080936044,4.230397080936044,4.243326515883481,4.243326515883481,preceding,preceding,1,1,vehicle
55502.49999998374,33.32992365460226,33.32992365460226,13.34969558432935,13.34969558432935,16.786762955711982,16.786762955711982,16.3572986450952,16.3572986450952,13.779159894946135,13.779159894946135,4.435512798414749,4.435512798414749,4.434319606982655,4.434319606982655,4.434468579604399,4.434468579604399,4.435363825793004,4.435363825793004,preceding,preceding,1,1,vehicle
55502.59999998374,33.31422049085361,33.31422049085361,13.847196714170183,13.847196714170183,17.28588322725885,17.28588322725885,16.85621676304572,16.85621676304572,14.276863178383312,14.276863178383312,4.4957286035502335,4.4957286035502335,4.486031882410103,4.486031882410103,4.487242542010492,4.487242542010492,4.49451794394983,4.49451794394983,preceding,preceding,1,1,vehicle
55502.69999998374,33.34875176449796,33.34875176449796,14.24884130505205,14.24884130505205,17.683969332206235,17.683969332206235,17.254747153509584,17.254747153509584,14.678063483748701,14.678063483748701,4.099850787134997,4.099850787134997,4.0773416859376255,4.0773416859376255,4.080152002201189,4.080152002201189,4.097040470871434,4.097040470871434,preceding,preceding,1,1,vehicle
55502.79999998373,33.357917804294516,33.357917804294516,14.667166871551778,14.667166871551778,18.10135156440063,18.10135156440063,17.672247163440254,17.672247163440254,15.096271272512157,15.096271272512157,4.183433457325663,4.183433457325663,4.163269213120444,4.163269213120444,4.1657867740150465,4.1657867740150465,4.1809158964310456,4.1809158964310456,preceding,preceding,1,1,vehicle
55502.89999998373,33.38797277871807,33.38797277871807,15.085527996474575,15.085527996474575,18.516623174787455,18.516623174787455,18.08790450826976,18.08790450826976,15.51424666299227,15.51424666299227,4.047349042950216,4.047349042950216,4.0220199602137825,4.0220199602137825,4.025182368459767,4.025182368459767,4.044186634704218,4.044186634704218,preceding,preceding,1,1,vehicle
55502.99999998373,33.40722675125669,33.40722675125669,15.476636680161473,15.476636680161473,18.905755556462847,18.905755556462847,18.477283637151693,18.477283637151693,15.905108599472626,15.905108599472626,3.69025700924459,3.69025700924459,3.668083815423799,3.668083815423799,3.670852207207858,3.670852207207858,3.687488617460531,3.687488617460531,preceding,preceding,1,1,vehicle
55503.09999998373,33.43120789674379,33.43120789674379,15.82357939831275,15.82357939831275,19.25023993786154,19.25023993786154,18.822074949700646,18.822074949700646,16.251744386473643,16.251744386473643,3.55465345960377,3.55465345960377,3.5375919696582656,3.5375919696582656,3.539722151555523,3.539722151555523,3.552523277706527,3.552523277706527,preceding,preceding,1,1,vehicle
55503.19999998373,33.44052308267956,33.44052308267956,16.187567372071882,16.187567372071882,19.613273950384205,19.613273950384205,19.185228067452496,19.185228067452496,16.61561325500359,16.61561325500359,3.4808093068232893,3.4808093068232893,3.458029605902169,3.458029605902169,3.4608737307420796,3.4608737307420796,3.4779651819833646,3.4779651819833646,preceding,preceding,1,1,vehicle
55503.29999998373,33.47574229200421,33.47574229200421,16.519741259667278,16.519741259667278,19.941845859031908,19.941845859031908,19.51424969583899,19.51424969583899,16.947337422860194,16.947337422860194,3.358313127477743,3.358313127477743,3.3248466406777197,3.3248466406777197,3.3290250536715575,3.3290250536715575,3.354134714483891,3.354134714483891,preceding,preceding,1,1,vehicle
55503.39999998373,33.506027551103905,33.506027551103905,16.859229997582624,16.859229997582624,20.27824327853483,20.27824327853483,19.851033078201905,19.851033078201905,17.28644019791555,17.28644019791555,3.2862728393147904,3.2862728393147904,3.256912692166864,3.256912692166864,3.2605784216823963,3.2605784216823963,3.282607109799258,3.282607109799258,preceding,preceding,1,1,vehicle
55503.49999998373,33.53331664026098,33.53331664026098,17.176995827546165,17.176995827546165,20.593228397481056,20.593228397481056,20.166365380191266,20.166365380191266,17.603858844835955,17.603858844835955,3.183072143237638,3.183072143237638,3.1604195334466,3.1604195334466,3.1632478053019497,3.1632478053019497,3.180243871382274,3.180243871382274,preceding,preceding,1,1,vehicle
55503.59999998372,33.55051155407278,33.55051155407278,17.49584442619765,17.49584442619765,20.910327185191804,20.910327185191804,20.48368263922993,20.48368263922993,17.922488972159524,17.922488972159524,2.9322096665931667,2.9322096665931667,2.897882642044209,2.897882642044209,2.902168524346436,2.902168524346436,2.9279237842909396,2.9279237842909396,preceding,preceding,1,1,vehicle
55503.69999998372,33.60088229492922,33.60088229492922,17.763437760831202,17.763437760831202,21.172804925856404,21.172804925856404,20.746799085027046,20.746799085027046,18.18944360166056,18.18944360166056,3.019475354001088,3.019475354001088,2.9920030242215176,2.9920030242215176,2.995433069766264,2.995433069766264,3.0160453084563414,3.0160453084563414,preceding,preceding,1,1,vehicle
55503.79999998372,33.60461887226427,33.60461887226427,18.09973949698908,18.09973949698908,21.5087277900274,21.5087277900274,21.082769253174465,21.082769253174465,18.525698033842016,18.525698033842016,2.6687445812968633,2.6687445812968633,2.6421495473855003,2.6421495473855003,2.645470069937332,2.645470069937332,2.6654240587450317,2.6654240587450317,preceding,preceding,1,1,vehicle
55503.89999998372,33.65341643797443,33.65341643797443,18.297186677082806,18.297186677082806,21.701234835325813,21.701234835325813,21.27589309900681,21.27589309900681,18.722528413401808,18.722528413401808,2.126759970948086,2.126759970948086,2.083664066261022,2.083664066261022,2.0890448122215304,2.0890448122215304,2.121379224987578,2.121379224987578,preceding,preceding,1,1,vehicle
55503.99999998373,33.689849335895765,33.689849335895765,18.52509149120789,18.52509149120789,21.92546060330848,21.92546060330848,21.500578215647685,21.500578215647685,18.949973878868683,18.949973878868683,2.3069835656192623,2.3069835656192623,2.2791790833007326,2.2791790833007326,2.282650624382896,2.282650624382896,2.303512024537099,2.303512024537099,preceding,preceding,1,1,vehicle
55504.09999998372,33.70851542783131,33.70851542783131,18.75858339021551,18.75858339021551,22.1570706519943,22.1570706519943,21.732423223891793,21.732423223891793,19.183230818318016,19.183230818318016,2.500295057659258,2.500295057659258,2.4773392879042575,2.4773392879042575,2.480205447039964,2.480205447039964,2.4974288985235518,2.4974288985235518,preceding,preceding,1,1,vehicle
55504.19999998371,33.735425360247454,33.735425360247454,19.02515050269608,19.02515050269608,22.42092846084607,22.42092846084607,21.996619305012366,21.996619305012366,19.449459658529783,19.449459658529783,2.1956150932429637,2.1956150932429637,2.1572409531791124,2.1572409531791124,2.162032195174646,2.162032195174646,2.1908238512474014,2.1908238512474014,preceding,preceding,1,1,vehicle
55504.29999998371,33.78485661553454,33.78485661553454,19.197706408834897,19.197706408834897,22.58851884260114,22.58851884260114,22.164829662897716,22.164829662897716,19.62139558853832,19.62139558853832,1.8486911349664439,1.8486911349664439,1.8116922036903844,1.8116922036903844,1.8163117506745579,1.8163117506745579,1.8440715879822704,1.8440715879822704,preceding,preceding,1,1,vehicle
55504.39999998371,33.80914233366664,33.80914233366664,19.394888729683988,19.394888729683988,22.783266901578873,22.783266901578873,22.35988165514199,22.35988165514199,19.81827397612087,19.81827397612087,2.083336819342435,2.083336819342435,2.050381766473805,2.050381766473805,2.0544964227900664,2.0544964227900664,2.0792221630261594,2.0792221630261594,preceding,preceding,1,1,vehicle
55504.49999998371,33.850693400014016,33.850693400014016,19.61437377269732,19.61437377269732,22.998595195889934,22.998595195889934,22.57572894744975,22.57572894744975,20.037240021137503,20.037240021137503,1.9654544264214877,1.9654544264214877,1.9289977386684996,1.9289977386684996,1.9335496058503026,1.9335496058503026,1.9609025592396847,1.9609025592396847,preceding,preceding,1,1,vehicle
55504.59999998371,33.88209445698088,33.88209445698088,19.787979614962566,19.787979614962566,23.16906644930696,23.16906644930696,22.746591576306425,22.746591576306425,20.2104544879631,20.2104544879631,1.6815701303778354,1.6815701303778354,1.6454485013933038,1.6454485013933038,1.6499585467844184,1.6499585467844184,1.6770600849867492,1.6770600849867492,preceding,preceding,1,1,vehicle
55504.6999999837,33.92315142471776,33.92315142471776,19.950687798756555,19.950687798756555,23.327684896152697,23.327684896152697,22.90572065679068,22.90572065679068,20.37265203811857,20.37265203811857,1.6577013725937064,1.6577013725937064,1.6217172673033105,1.6217172673033105,1.6262101513552238,1.6262101513552238,1.6532084885417788,1.6532084885417788,preceding,preceding,1,1,vehicle
55504.799999983705,33.95441003328374,33.95441003328374,20.119519889477374,20.119519889477374,23.493409902763936,23.493409902763936,23.071833606573755,23.071833606573755,20.541096185667556,20.541096185667556,1.5393722594679815,1.5393722594679815,1.5001137530203437,1.5001137530203437,1.505015485117795,1.505015485117795,1.534470527370516,1.534470527370516,preceding,preceding,1,1,vehicle
55504.8999999837,34.00225414007963,34.00225414007963,20.25856225065904,20.25856225065904,23.6277076467656,23.6277076467656,23.206723753823084,23.206723753823084,20.679546143601556,20.679546143601556,1.327136740876881,1.327136740876881,1.2810308463543691,1.2810308463543691,1.2867875432269926,1.2867875432269926,1.3213800440042576,1.3213800440042576,preceding,preceding,1,1,vehicle
55504.9999999837,34.04751888776598,34.04751888776598,20.384947237648888,20.384947237648888,23.74961607203108,23.74961607203108,23.32919111521541,23.32919111521541,20.80537219446456,20.80537219446456,1.37851231417811,1.37851231417811,1.3406472918043733,1.3406472918043733,1.345375061088717,1.345375061088717,1.3737845448937946,1.3737845448937946,preceding,preceding,1,1,vehicle
55505.0999999837,34.07889907899955,34.07889907899955,20.53426471349065,20.53426471349065,23.895837105122574,23.895837105122574,23.47579876603691,23.47579876603691,20.954303052576314,20.954303052576314,1.3474535145169853,1.3474535145169853,1.3159868605068255,1.3159868605068255,1.3199157493674107,1.3199157493674107,1.3435246256564142,1.3435246256564142,preceding,preceding,1,1,vehicle
55505.1999999837,34.11135790428943,34.11135790428943,20.654437940548362,20.654437940548362,24.012813444128618,24.012813444128618,23.593174265085047,23.593174265085047,21.074077119591934,21.074077119591934,1.520660219802707,1.520660219802707,1.4905837696791338,1.4905837696791338,1.494339086811479,1.494339086811479,1.516904902670376,1.516904902670376,preceding,preceding,1,1,vehicle
55505.299999983705,34.14002514651157,34.14002514651157,20.838396757462473,20.838396757462473,24.193953859069577,24.193953859069577,23.774666583410394,23.774666583410394,21.257684033121656,21.257684033121656,1.3900213609078946,1.3900213609078946,1.3511173582463698,1.3511173582463698,1.3559748885575686,1.3559748885575686,1.38516383059671,1.38516383059671,preceding,preceding,1,1,vehicle
55505.39999998369,34.190617128282184,34.190617128282184,20.93244221273541,20.93244221273541,24.283036915784223,24.283036915784223,23.864369242802784,23.864369242802784,21.35110988571685,21.35110988571685,1.0088196058018184,1.0088196058018184,0.973229606545857,0.973229606545857,0.9776733598086338,0.9776733598086338,1.00437585253907,1.00437585253907,preceding,preceding,1,1,vehicle
55505.499999983695,34.21264032970611,34.21264032970611,21.040160678615546,21.040160678615546,24.388599780372434,24.388599780372434,23.97020125536568,23.97020125536568,21.4585592036223,21.4585592036223,0.9861985355448013,0.9861985355448013,0.9511824877552755,0.9511824877552755,0.9555545920426738,0.9555545920426738,0.981826431257403,0.981826431257403,preceding,preceding,1,1,vehicle
55505.59999998369,34.262270750840315,34.262270750840315,21.129681919849997,21.129681919849997,24.47327341334095,24.47327341334095,24.055480161216984,24.055480161216984,21.547475171973964,21.547475171973964,1.0312351703692855,1.0312351703692855,0.9891591134608291,0.9891591134608291,0.9944127406667036,0.9944127406667036,1.0259815431634252,1.0259815431634252,preceding,preceding,1,1,vehicle
55505.69999998369,34.29888831902578,34.29888831902578,21.246407712686402,21.246407712686402,24.586431603061722,24.586431603061722,24.169083803496125,24.169083803496125,21.663755512252,21.663755512252,0.15422649110772113,0.15422649110772113,0.10500285794319097,0.10500285794319097,0.11114895620893606,0.11114895620893606,0.14808039284196184,0.14808039284196184,preceding,preceding,1,1,vehicle
55505.79999998369,34.36350637386082,34.36350637386082,21.160527218071092,21.160527218071092,24.494273984929283,24.494273984929283,24.07770995245845,24.07770995245845,21.577091250541926,21.577091250541926,-0.6936417481013422,-0.6936417481013422,-0.7391557345159327,-0.7391557345159327,-0.7334728132784392,-0.7334728132784392,-0.69932466933885,-0.69932466933885,preceding,preceding,1,1,vehicle
55505.89999998369,34.39267393517542,34.39267393517542,21.10767936306815,21.10767936306815,24.438600456160685,24.438600456160685,24.02238924084257,24.02238924084257,21.523890578386265,21.523890578386265,-0.21278858706278925,-0.21278858706278925,-0.24318647684934547,-0.24318647684934547,-0.23939095427816426,-0.23939095427816426,-0.21658410963397046,-0.21658410963397046,preceding,preceding,1,1,vehicle
55505.999999983695,34.42632318302689,34.42632318302689,21.1179695006622,21.1179695006622,24.445636689562917,24.445636689562917,24.02983176160634,24.02983176160634,21.533774428618777,21.533774428618777,0.22106627258654044,0.22106627258654044,0.1818520971180675,0.1818520971180675,0.18674844540994684,0.18674844540994684,0.2161699242946753,0.2161699242946753,preceding,preceding,1,1,vehicle
55506.09999998369,34.47389016596408,34.47389016596408,21.151892617584704,21.151892617584704,24.47497087558347,24.47497087558347,24.05973892992374,24.05973892992374,21.567124563244434,21.567124563244434,0.09347579231091174,0.09347579231091174,0.04617706353874951,0.04617706353874951,0.05208287879933948,0.05208287879933948,0.08756997705032177,0.08756997705032177,preceding,preceding,1,1,vehicle
55506.19999998368,34.52452293908705,34.52452293908705,21.136664659129902,21.136664659129902,24.454872102277054,24.454872102277054,24.040248337372486,24.040248337372486,21.55128842403447,21.55128842403447,0.04621673475506327,0.04621673475506327,0.005782294966664381,0.005782294966664381,0.010831034272655415,0.010831034272655415,0.04116799544907224,0.04116799544907224,preceding,preceding,1,1,vehicle
55506.29999998368,34.558035983007805,34.558035983007805,21.16113596454391,21.16113596454391,24.47612733458577,24.47612733458577,24.06190513678714,24.06190513678714,21.57535816234254,21.57535816234254,0.1398274134561177,0.1398274134561177,0.102842920764175,0.102842920764175,0.10746090543266007,0.10746090543266007,0.13520942878763265,0.13520942878763265,preceding,preceding,1,1,vehicle
55506.39999998368,34.60169952179057,34.60169952179057,21.164630141823263,21.164630141823263,24.475440686431934,24.475440686431934,24.061740518461075,24.061740518461075,21.578330309794122,21.578330309794122,-0.04511517763887696,-0.04511517763887696,-0.08499516525995432,-0.08499516525995432,-0.0800156296197656,-0.0800156296197656,-0.05009471327906567,-0.05009471327906567,preceding,preceding,1,1,vehicle
55506.49999998368,34.64143095830123,34.64143095830123,21.152112929016265,21.152112929016265,24.459128301534026,24.459128301534026,24.04590201086342,24.04590201086342,21.565339219686873,21.565339219686873,-0.3803781833551767,-0.3803781833551767,-0.42155677554808335,-0.42155677554808335,-0.41641507754185625,-0.41641507754185625,-0.3855198813614038,-0.3855198813614038,preceding,preceding,1,1,vehicle
55506.59999998368,34.688034676167625,34.688034676167625,21.088554505153336,21.088554505153336,24.391129331323544,24.391129331323544,23.978457502953916,23.978457502953916,21.501226333522965,21.501226333522965,-0.5948017657000264,-0.5948017657000264,-0.640111555969682,-0.640111555969682,-0.6344540068807873,-0.6344540068807873,-0.6004593147889068,-0.6004593147889068,preceding,preceding,1,1,vehicle
55506.69999998368,34.736669817727474,34.736669817727474,21.033152575877992,21.033152575877992,24.331105990341953,24.331105990341953,23.919011209489106,23.919011209489106,21.44524735673084,21.44524735673084,-0.35176392669494305,-0.35176392669494305,-0.39896407582735094,-0.39896407582735094,-0.3930704714708071,-0.3930704714708071,-0.3576575310515011,-0.3576575310515011,preceding,preceding,1,1,vehicle
55506.79999998368,34.78752565967948,34.78752565967948,21.018201719815757,21.018201719815757,24.31133651615926,24.31133651615926,23.89984340866097,23.89984340866097,21.429694827314044,21.429694827314044,-0.15827122385789494,-0.15827122385789494,-0.20446000025036426,-0.20446000025036426,-0.19869266284850085,-0.19869266284850085,-0.16403856125975835,-0.16403856125975835,preceding,preceding,1,1,vehicle
55506.89999998368,34.83429633874307,34.83429633874307,21.00149833110585,21.00149833110585,24.290213990291086,24.290213990291086,23.879272676918642,23.879272676918642,21.412439644478294,21.412439644478294,-0.08722326883109588,-0.08722326883109588,-0.13313915532403087,-0.13313915532403087,-0.1274058740821289,-0.1274058740821289,-0.09295655007298365,-0.09295655007298365,preceding,preceding,1,1,vehicle
55506.99999998367,34.884858313911735,34.884858313911735,21.000757066049268,21.000757066049268,24.28470868509467,24.28470868509467,23.874362233844703,23.874362233844703,21.411103517299235,21.411103517299235,-0.2717149530745644,-0.2717149530745644,-0.3241484146108178,-0.3241484146108178,-0.3176012953677372,-0.3176012953677372,-0.2782620723176592,-0.2782620723176592,preceding,preceding,1,1,vehicle
55507.09999998367,34.94578851782894,34.94578851782894,20.947155340489857,20.947155340489857,24.22538430736831,24.22538430736831,23.815752417844426,23.815752417844426,21.35678723001374,21.35678723001374,-0.3752147690869805,-0.3752147690869805,-0.41576487773009774,-0.41576487773009774,-0.4107015648670824,-0.4107015648670824,-0.3802780819499958,-0.3802780819499958,preceding,preceding,1,1,vehicle
55507.19999998367,34.971270223686986,34.971270223686986,20.925714112232964,20.925714112232964,24.20155570954986,24.20155570954986,23.792221920872482,23.792221920872482,21.335047900910343,21.335047900910343,-0.1035349770297671,-0.1035349770297671,-0.14484568270553666,-0.14484568270553666,-0.13968737783342533,-0.13968737783342533,-0.10869328190189265,-0.10869328190189265,preceding,preceding,1,1,vehicle
55507.29999998367,35.03413327666518,35.03413327666518,20.926448345084204,20.926448345084204,24.19641517082762,24.19641517082762,23.787814942278146,23.787814942278146,21.335048573633678,21.335048573633678,-0.05883417190867135,-0.05883417190867135,-0.11042691136427152,-0.11042691136427152,-0.10398471508045759,-0.10398471508045759,-0.06527636819247107,-0.06527636819247107,preceding,preceding,1,1,vehicle
55507.39999998368,35.08183416227417,35.08183416227417,20.91394727784862,20.91394727784862,24.179470327274004,24.179470327274004,23.771424977853435,23.771424977853435,21.32199262726919,21.32199262726919,0.21070899719437364,0.21070899719437364,0.1583636233717698,0.1583636233717698,0.1648998237863708,0.1648998237863708,0.20417279677978684,0.20417279677978684,preceding,preceding,1,1,vehicle
55507.49999998367,35.14671928037129,35.14671928037129,20.968590144509342,20.968590144509342,24.228087895488358,24.228087895488358,23.820794907021785,23.820794907021785,21.375883132975915,21.375883132975915,0.28267933493822284,0.28267933493822284,0.23423340986630592,0.23423340986630592,0.24028271452746708,0.24028271452746708,0.27663003027704747,0.27663003027704747,preceding,preceding,1,1,vehicle
55507.599999983664,35.186292257584796,35.186292257584796,20.970483144831327,20.970483144831327,24.226317009243175,24.226317009243175,23.819481520754735,23.819481520754735,21.377318633319767,21.377318633319767,0.012721846608840792,0.012721846608840792,-0.03460423333009999,-0.03460423333009999,-0.028694737755301958,-0.028694737755301958,0.006812351034056974,0.006812351034056974,preceding,preceding,1,1,vehicle
55507.69999998366,35.24913380487775,35.24913380487775,20.97113451383089,20.97113451383089,24.221167048822444,24.221167048822444,23.81505595947079,23.81505595947079,21.377245603182544,21.377245603182544,-0.11815381465004293,-0.11815381465004293,-0.167775159545414,-0.167775159545414,-0.16157904396317235,-0.16157904396317235,-0.12434993023229879,-0.12434993023229879,preceding,preceding,1,1,vehicle
55507.79999998366,35.29393109790726,35.29393109790726,20.94685238190166,20.94685238190166,24.19276197733458,24.19276197733458,23.787165711962572,23.787165711962572,21.35244864727367,21.35244864727367,-0.15039803520055273,-0.15039803520055273,-0.20445916682095344,-0.20445916682095344,-0.19770863677085515,-0.19770863677085515,-0.15714856525065102,-0.15714856525065102,preceding,preceding,1,1,vehicle
55507.89999998366,35.36685526084058,35.36685526084058,20.941054906791216,20.941054906791216,24.18027521545885,24.18027521545885,23.775514232117196,23.775514232117196,21.34581589013287,21.34581589013287,0.22188215052214844,0.22188215052214844,0.17560326544052884,0.17560326544052884,0.181382050926004,0.181382050926004,0.21610336503667327,0.21610336503667327,preceding,preceding,1,1,vehicle
55507.99999998367,35.394914190178255,35.394914190178255,20.991228812016818,20.991228812016818,24.227882630433474,24.227882630433474,23.823442122158554,23.823442122158554,21.395669320291738,21.395669320291738,0.25394632834274944,0.25394632834274944,0.212480894997654,0.212480894997654,0.2176586517235961,0.2176586517235961,0.24876857161680732,0.24876857161680732,preceding,preceding,1,1,vehicle
55508.099999983664,35.45768259170247,35.45768259170247,20.99184417247169,20.99184417247169,24.222771394470815,24.222771394470815,23.819045962474288,23.819045962474288,21.395569604468218,21.395569604468218,0.012767678173773334,0.012767678173773334,-0.04994270862002281,-0.04994270862002281,-0.04211208715790349,-0.04211208715790349,0.00493705671168243,0.00493705671168243,preceding,preceding,1,1,vehicle
55508.199999983655,35.53267662626685,35.53267662626685,20.99378234765135,20.99378234765135,24.21789408871034,24.21789408871034,23.815019704727707,23.815019704727707,21.396656731633986,21.396656731633986,-0.1969806631953901,-0.1969806631953901,-0.2635918729690445,-0.2635918729690445,-0.2552741244058012,-0.2552741244058012,-0.2052984117586334,-0.2052984117586334,preceding,preceding,1,1,vehicle
55508.29999998365,35.60457002965435,35.60457002965435,20.952448039836053,20.952448039836053,24.17005301988161,24.17005301988161,23.767991137597587,23.767991137597587,21.354509922120076,21.354509922120076,0.21960372654839944,0.21960372654839944,0.17373848258731073,0.17373848258731073,0.17946569779547872,0.17946569779547872,0.21387651134023145,0.21387651134023145,preceding,preceding,1,1,vehicle
55508.39999998365,35.63411396019855,35.63411396019855,21.037703092978813,21.037703092978813,24.25264178524628,24.25264178524628,23.850912844305192,23.850912844305192,21.4394320339199,21.4394320339199,0.2003375859314218,0.2003375859314218,0.15514049996156132,0.15514049996156132,0.16078430535486632,0.16078430535486632,0.1946937805380884,0.1946937805380884,preceding,preceding,1,1,vehicle
55508.49999998365,35.704930626154734,35.704930626154734,20.9925155570327,20.9925155570327,24.20108111988436,24.20108111988436,23.80014799867899,23.80014799867899,21.39344867823807,21.39344867823807,0.11286438992165415,0.11286438992165415,0.05560107397833747,0.05560107397833747,0.06275161938904716,0.06275161938904716,0.10571384451094445,0.10571384451094445,preceding,preceding,1,1,vehicle
55508.59999998365,35.76157490434902,35.76157490434902,21.060275970962817,21.060275970962817,24.263762000041783,24.263762000041783,23.863463168182818,23.863463168182818,21.46057480282178,21.46057480282178,0.25728657996535276,0.25728657996535276,0.2109782042615933,0.2109782042615933,0.2167608114961439,0.2167608114961439,0.25150397273078795,0.25150397273078795,preceding,preceding,1,1,vehicle
55508.699999983655,35.80834691081596,35.80834691081596,21.043972873020778,21.043972873020778,24.243276760731547,24.243276760731547,23.843500160973107,23.843500160973107,21.443749472779217,21.443749472779217,-0.016561939661386305,-0.016561939661386305,-0.07557856291261089,-0.07557856291261089,-0.06820902477713275,-0.06820902477713275,-0.023931477796864442,-0.023931477796864442,preceding,preceding,1,1,vehicle
55508.79999998365,35.893895412142335,35.893895412142335,21.056963583026324,21.056963583026324,24.24864628745572,24.24864628745572,23.849821363223764,23.849821363223764,21.45578850725828,21.45578850725828,0.22375173581690433,0.22375173581690433,0.1733632364257005,0.1733632364257005,0.17965537474081827,0.17965537474081827,0.21745959750178656,0.21745959750178656,preceding,preceding,1,1,vehicle
55508.89999998365,35.92155715372522,35.92155715372522,21.08872322018624,21.08872322018624,24.277949408019666,24.277949408019666,23.879431235924137,23.879431235924137,21.487241392281767,21.487241392281767,0.10104648821283035,0.10104648821283035,0.05881895264074899,0.05881895264074899,0.06409203385004503,0.06409203385004503,0.09577340700354853,0.09577340700354853,preceding,preceding,1,1,vehicle
55508.99999998365,35.98917539254609,35.98917539254609,21.077172880672485,21.077172880672485,24.260410077987537,24.260410077987537,23.86263976999743,23.86263976999743,21.474943188662593,21.474943188662593,0.01916080457262126,0.01916080457262126,-0.04381232654760936,-0.04381232654760936,-0.03594865681593262,-0.03594865681593262,0.011297134840972944,0.011297134840972944,preceding,preceding,1,1,vehicle
55509.09999998364,36.064051434944446,36.064051434944446,21.09255538109861,21.09255538109861,24.269186942708675,24.269186942708675,23.872241504559394,23.872241504559394,21.48950081924789,21.48950081924789,0.07917242699484461,0.07917242699484461,0.0342023971119545,0.0342023971119545,0.03981797314787627,0.03981797314787627,0.07355685095892284,0.07355685095892284,preceding,preceding,1,1,vehicle
55509.19999998363,36.09120072069174,36.09120072069174,21.093007366070072,21.093007366070072,24.26725055740933,24.26725055740933,23.87060336462631,23.87060336462631,21.489654558853093,21.489654558853093,0.04688302733495675,0.04688302733495675,-0.0022589913137096573,-0.0022589913137096573,0.003877583968886711,0.003877583968886711,0.04074645205234617,0.04074645205234617,preceding,preceding,1,1,vehicle
55509.29999998363,36.17603611323487,36.17603611323487,21.101931986565738,21.101931986565738,24.268735144446204,24.268735144446204,23.873017021353427,23.873017021353427,21.497650109658515,21.497650109658515,-0.2167299928456572,-0.2167299928456572,-0.2838542730728477,-0.2838542730728477,-0.27547215316988627,-0.27547215316988627,-0.22511211274860443,-0.22511211274860443,preceding,preceding,1,1,vehicle
55509.39999998363,36.24456815294949,36.24456815294949,21.04966136750157,21.04966136750157,24.21047970279559,24.21047970279559,23.815508933993133,23.815508933993133,21.444632136304026,21.444632136304026,-0.28007809417260887,-0.28007809417260887,-0.34033038834888885,-0.34033038834888885,-0.33280637300921967,-0.33280637300921967,-0.28760210951230647,-0.28760210951230647,preceding,preceding,1,1,vehicle
55509.49999998364,36.31429083235311,36.31429083235311,21.045916367733522,21.045916367733522,24.200669066778463,24.200669066778463,23.806455746753656,23.806455746753656,21.44012968775833,21.44012968775833,0.08961727754963533,0.08961727754963533,0.03134441173379798,0.03134441173379798,0.038621272239552695,0.038621272239552695,0.08234041704388062,0.08234041704388062,preceding,preceding,1,1,vehicle
55509.59999998364,36.378771689029605,36.378771689029605,21.06758482301254,21.06758482301254,24.216748585142714,24.216748585142714,23.823233188441495,23.823233188441495,21.46110021971376,21.46110021971376,0.23113443116140786,0.23113443116140786,0.18351479480907074,0.18351479480907074,0.18946134539594084,0.18946134539594084,0.22518788057452355,0.22518788057452355,preceding,preceding,1,1,vehicle
55509.69999998363,36.424308017758285,36.424308017758285,21.09214325396471,21.09214325396471,24.23737202573908,24.23737202573908,23.844348015831663,23.844348015831663,21.48516726387213,21.48516726387213,0.06591275481650882,0.06591275481650882,0.002040555853525916,0.002040555853525916,0.010016697977533795,0.010016697977533795,0.057936612692543576,0.057936612692543576,preceding,preceding,1,1,vehicle
55509.79999998363,36.527016046250715,36.527016046250715,21.08076737397256,21.08076737397256,24.21715669631043,24.21715669631043,23.825236528033972,23.825236528033972,21.472687542249016,21.472687542249016,-0.05049104606455046,-0.05049104606455046,-0.11500130993185564,-0.11500130993185564,-0.10694546819269135,-0.10694546819269135,-0.05854688780370054,-0.05854688780370054,preceding,preceding,1,1,vehicle
55509.89999998363,36.57441495427457,36.57441495427457,21.082045044751947,21.082045044751947,24.214371763753046,24.214371763753046,23.822958922193436,23.822958922193436,21.473457886311557,21.473457886311557,0.25867226448140457,0.25867226448140457,0.21254477448778175,0.21254477448778175,0.2183050577299923,0.2183050577299923,0.2529119812392082,0.2529119812392082,preceding,preceding,1,1,vehicle
55509.99999998364,36.63482875998164,36.63482875998164,21.132501826873547,21.132501826873547,24.259665651212412,24.259665651212412,23.86889753958443,23.86889753958443,21.523269938501528,21.523269938501528,0.17644515130605498,0.17644515130605498,0.12236550409787128,0.12236550409787128,0.12911885298503023,0.12911885298503023,0.16969180241888182,0.16969180241888182,preceding,preceding,1,1,vehicle
55510.09999998364,36.70120710642128,36.70120710642128,21.11733407501521,21.11733407501521,24.238844864574045,24.238844864574045,23.848782692791946,23.848782692791946,21.50739624679731,21.50739624679731,-0.0069620677199537795,-0.0069620677199537795,-0.06177216555504117,-0.06177216555504117,-0.05492757717192376,-0.05492757717192376,-0.01380665610305698,-0.01380665610305698,preceding,preceding,1,1,vehicle
55510.199999983626,36.7637648296411,36.7637648296411,21.131109413323312,21.131109413323312,24.247311218095643,24.247311218095643,23.857912024144223,23.857912024144223,21.52050860727473,21.52050860727473,0.028704835838084364,0.028704835838084364,-0.03017109001476115,-0.03017109001476115,-0.022818740391485903,-0.022818740391485903,0.021352486214780697,0.021352486214780697,preceding,preceding,1,1,vehicle
55510.299999983625,36.840246890577404,36.840246890577404,21.123075042179153,21.123075042179153,24.232810646568275,24.232810646568275,23.84421894471073,23.84421894471073,21.5116667440367,21.5116667440367,0.028390993780405438,0.028390993780405438,-0.030294068131297536,-0.030294068131297536,-0.022965529198629042,-0.022965529198629042,0.021062454847736944,0.021062454847736944,preceding,preceding,1,1,vehicle
55510.39999998362,36.90282556834282,36.90282556834282,21.13678761207931,21.13678761207931,24.24125240446947,24.24125240446947,23.853318918304563,23.853318918304563,21.524721098244218,21.524721098244218,-0.1567859644725189,-0.1567859644725189,-0.20774198139075395,-0.20774198139075395,-0.20137861626892573,-0.20137861626892573,-0.16314932959436135,-0.16314932959436135,preceding,preceding,1,1,vehicle
55510.49999998362,36.961435843643336,36.961435843643336,21.091717849285104,21.091717849285104,24.191262250290727,24.191262250290727,23.80394322145753,23.80394322145753,21.4790368781183,21.4790368781183,-0.09448923329793502,-0.09448923329793502,-0.1516770443686113,-0.1516770443686113,-0.1445354293899186,-0.1445354293899186,-0.10163084827662772,-0.10163084827662772,preceding,preceding,1,1,vehicle
55510.59999998362,37.039353489298925,37.039353489298925,21.11788976542,21.11788976542,24.21091699559619,24.21091699559619,23.824411832427,23.824411832427,21.50439492858919,21.50439492858919,0.018608593896331627,0.018608593896331627,-0.0408379711007143,-0.0408379711007143,-0.03341425921512098,-0.03341425921512098,0.011184882010738306,0.011184882010738306,preceding,preceding,1,1,vehicle
55510.699999983626,37.103828717783394,37.103828717783394,21.095439568060915,21.095439568060915,24.183094656066952,24.183094656066952,23.797260369610896,23.797260369610896,21.48127385451697,21.48127385451697,-0.30091382847349735,-0.30091382847349735,-0.35634117295778367,-0.35634117295778367,-0.3494193568286619,-0.3494193568286619,-0.30783564460263335,-0.30783564460263335,preceding,preceding,1,1,vehicle
55510.799999983625,37.172645346253546,37.172645346253546,21.0577069997251,21.0577069997251,24.13964876100421,24.13964876100421,23.754527961060877,23.754527961060877,21.442827799668432,21.442827799668432,0.07835493114419023,0.07835493114419023,0.02436558144411549,0.02436558144411549,0.0311078412671435,0.0311078412671435,0.07161267132116222,0.07161267132116222,preceding,preceding,1,1,vehicle
55510.899999983616,37.2341031935533,37.2341031935533,21.111110554282323,21.111110554282323,24.187967772348852,24.187967772348852,23.803481937857338,23.803481937857338,21.495596388773837,21.495596388773837,0.22343756740873744,0.22343756740873744,0.17461840577350074,0.17461840577350074,0.180715025349528,0.180715025349528,0.21734094783269597,0.21734094783269597,preceding,preceding,1,1,vehicle
55510.999999983615,37.29084236797608,37.29084236797608,21.10239451320005,21.10239451320005,24.17457244215264,24.17457244215264,23.79067096612445,23.79067096612445,21.486295989228243,21.486295989228243,0.042842154364521434,0.042842154364521434,-0.006739295682962165,-0.006739295682962165,-0.0005474605783604147,-0.0005474605783604147,0.03665031925990547,0.03665031925990547,preceding,preceding,1,1,vehicle
55511.09999998361,37.35454940069157,37.35454940069157,21.1196789851551,21.1196789851551,24.18661991321228,24.18661991321228,23.80337244574167,23.80337244574167,21.50292645262571,21.50292645262571,-0.08053561472674176,-0.08053561472674176,-0.1320168654583398,-0.1320168654583398,-0.12558776004442507,-0.12558776004442507,-0.08696472014065648,-0.08696472014065648,preceding,preceding,1,1,vehicle
55511.19999998361,37.41630102956281,37.41630102956281,21.086287390254935,21.086287390254935,24.148169069061357,24.148169069061357,23.765553414115928,23.765553414115928,21.468903045200364,21.468903045200364,-0.22232659906497076,-0.22232659906497076,-0.2751635848248526,-0.2751635848248526,-0.2685651501412565,-0.2685651501412565,-0.22892503374856688,-0.22892503374856688,preceding,preceding,1,1,vehicle
55511.29999998361,37.4837641708575,37.4837641708575,21.075213665342755,21.075213665342755,24.13158719624811,24.13158719624811,23.7496594157142,23.7496594157142,21.457141445876665,21.457141445876665,-0.0839510529530969,-0.0839510529530969,-0.12674570070706181,-0.12674570070706181,-0.12140136879348518,-0.12140136879348518,-0.08929538486667354,-0.08929538486667354,preceding,preceding,1,1,vehicle
55511.399999983616,37.521234498791486,37.521234498791486,21.06949717966434,21.06949717966434,24.12281992891996,24.12281992891996,23.741273140357247,23.741273140357247,21.45104396822705,21.45104396822705,-0.1390304366600219,-0.1390304366600219,-0.1805489240324647,-0.1805489240324647,-0.1753639460362706,-0.1753639460362706,-0.144215414656216,-0.144215414656216,preceding,preceding,1,1,vehicle
55511.499999983615,37.58592761148819,37.58592761148819,21.047407578011335,21.047407578011335,24.09547741144218,24.09547741144218,23.71458662650751,23.71458662650751,21.428298362946002,21.428298362946002,-0.20008330234543337,-0.20008330234543337,-0.2497480912167731,-0.2497480912167731,-0.24354575916359522,-0.24354575916359522,-0.20628563439863967,-0.20628563439863967,preceding,preceding,1,1,vehicle
55511.599999983606,37.6437534783763,37.6437534783763,21.029480519196987,21.029480519196987,24.072870310678802,24.072870310678802,23.692563988526672,23.692563988526672,21.409786841349117,21.409786841349117,0.0026162348649734213,0.0026162348649734213,-0.03708660212177506,-0.03708660212177506,-0.03212834450864932,-0.03212834450864932,-0.002342022748152317,-0.002342022748152317,preceding,preceding,1,1,vehicle
55511.6999999836,37.684145221580565,37.684145221580565,21.047930824984284,21.047930824984284,24.08806009101847,24.08806009101847,23.708160957606342,23.708160957606342,21.427829958396412,21.427829958396412,-0.023782619596374843,-0.023782619596374843,-0.061305458170480165,-0.061305458170480165,-0.05661943521839419,-0.05661943521839419,-0.0284686425484324,-0.0284686425484324,preceding,preceding,1,1,vehicle
55511.7999999836,37.73685081197779,37.73685081197779,21.02472399527172,21.02472399527172,24.06060921903868,24.06060921903868,23.68124010147697,23.68124010147697,21.404093112833433,21.404093112833433,-0.12578209370113314,-0.12578209370113314,-0.16240689056466806,-0.16240689056466806,-0.15783301033367536,-0.15783301033367536,-0.13035597393214005,-0.13035597393214005,preceding,preceding,1,1,vehicle
55511.8999999836,37.77520425989307,37.77520425989307,21.02277440624196,21.02277440624196,24.055578712903195,24.055578712903195,23.676594355537297,23.676594355537297,21.40175876360786,21.40175876360786,-0.04409857416931118,-0.04409857416931118,-0.06971584282447907,-0.06971584282447907,-0.06651662938391212,-0.06651662938391212,-0.04729778760989234,-0.04729778760989234,preceding,preceding,1,1,vehicle
55511.9999999836,37.80067418267599,37.80067418267599,21.015904280437987,21.015904280437987,24.046666050473988,24.046666050473988,23.66793677560038,23.66793677560038,21.394633555311593,21.394633555311593,0.021228043545562514,0.021228043545562514,-0.018483872134851254,-0.018483872134851254,-0.013524434729163204,-0.013524434729163204,0.016268606139874464,0.016268606139874464,preceding,preceding,1,1,vehicle
55512.099999983606,37.8744369253652,37.8744369253652,21.027020014952477,21.027020014952477,24.051881938477173,24.051881938477173,23.67388946859247,23.67388946859247,21.40501248483718,21.40501248483718,0.10068767493108055,0.10068767493108055,0.054676113884710276,0.054676113884710276,0.06042229415517397,0.06042229415517397,0.09494149466064528,0.09494149466064528,preceding,preceding,1,1,vehicle
55512.1999999836,37.91585167187896,37.91585167187896,21.036041815424216,21.036041815424216,24.0576012732507,24.0576012732507,23.680021234431212,23.680021234431212,21.413621854243704,21.413621854243704,0.06768277824430413,0.06768277824430413,0.043003378056752695,0.043003378056752695,0.04608548617405006,0.04608548617405006,0.06460067012697834,0.06460067012697834,preceding,preceding,1,1,vehicle
55512.2999999836,37.93636906307869,37.93636906307869,21.040556570600483,21.040556570600483,24.060482614087984,24.060482614087984,23.683106565826705,23.683106565826705,21.417932618861762,21.417932618861762,0.04925223995580552,0.04925223995580552,0.02498334305006722,0.02498334305006722,0.028014191087436302,0.028014191087436302,0.04622139191843644,0.04622139191843644,preceding,preceding,1,1,vehicle
55512.3999999836,37.97688528313578,37.97688528313578,21.04589226341553,21.04589226341553,24.06259794186088,24.06259794186088,23.685624072648864,23.685624072648864,21.422866132627547,21.422866132627547,0.24374317138871504,0.24374317138871504,0.21998342478845245,0.21998342478845245,0.22295068986301203,0.22295068986301203,0.24077590631414125,0.24077590631414125,preceding,preceding,1,1,vehicle
55512.49999998359,37.99618489048922,37.99618489048922,21.08930520487297,21.08930520487297,24.10447929904054,24.10447929904054,23.72769670379416,23.72769670379416,21.466087800119354,21.466087800119354,-0.013521174859434382,-0.013521174859434382,-0.04883057876871533,-0.04883057876871533,-0.04442090894440298,-0.04442090894440298,-0.017930844683746727,-0.017930844683746727,preceding,preceding,1,1,vehicle
55512.599999983584,38.06603604651874,38.06603604651874,21.04318802844388,21.04318802844388,24.05283182610799,24.05283182610799,23.67673989086076,23.67673989086076,21.41927996369111,21.41927996369111,-0.03831998192514163,-0.03831998192514163,-0.06845033720088622,-0.06845033720088622,-0.06468745862021308,-0.06468745862021308,-0.04208286050581478,-0.04208286050581478,preceding,preceding,1,1,vehicle
55512.69999998358,38.07231053105128,38.07231053105128,21.08164120849449,21.08164120849449,24.09078923160758,24.09078923160758,23.71475921207725,23.71475921207725,21.457671228024818,21.457671228024818,0.2125032653312786,0.2125032653312786,0.18478397385287337,0.18478397385287337,0.18824575382458875,0.18824575382458875,0.20904148535954903,0.20904148535954903,preceding,preceding,1,1,vehicle
55512.79999998358,38.13631656417802,38.13631656417802,21.085688681509517,21.085688681509517,24.089788620878025,24.089788620878025,23.71438904162513,23.71438904162513,21.461088260762413,21.461088260762413,0.145486594216635,0.145486594216635,0.11458350457179733,0.11458350457179733,0.11844290152913572,0.11844290152913572,0.14162719725929662,0.14162719725929662,preceding,preceding,1,1,vehicle
55512.89999998359,38.15070582249678,38.15070582249678,21.11073852733998,21.11073852733998,24.11370593252425,24.11370593252425,23.738447792385372,23.738447792385372,21.485996667478858,21.485996667478858,0.17775709944234563,0.17775709944234563,0.16796306964209862,0.16796306964209862,0.16918621968983416,0.16918621968983416,0.17653394939459588,0.17653394939459588,preceding,preceding,1,1,vehicle
55512.99999998359,38.161210753748946,38.161210753748946,21.121240101400055,21.121240101400055,24.1233812348084,24.1233812348084,23.748226285565067,23.748226285565067,21.496395050643386,21.496395050643386,-0.13308450545444828,-0.13308450545444828,-0.15326604196854987,-0.15326604196854987,-0.1507456208496194,-0.1507456208496194,-0.13560492657337875,-0.13560492657337875,preceding,preceding,1,1,vehicle
55513.099999983584,38.20207694209323,38.20207694209323,21.084121626256405,21.084121626256405,24.083052724138263,24.083052724138263,23.70829866822312,23.70829866822312,21.45887568217155,21.45887568217155,-0.04857473621386532,-0.04857473621386532,-0.07979423932643215,-0.07979423932643215,-0.07589530992274263,-0.07589530992274263,-0.05247366561755484,-0.05247366561755484,preceding,preceding,1,1,vehicle
55513.19999998358,38.24078082574776,38.24078082574776,21.11152515416247,21.11152515416247,24.107422386948635,24.107422386948635,23.733047223586,23.733047223586,21.485900317525108,21.485900317525108,0.12890968461245222,0.12890968461245222,0.10165517218746345,0.10165517218746345,0.10505892909054637,0.10505892909054637,0.1255059277093835,0.1255059277093835,preceding,preceding,1,1,vehicle
55513.29999998358,38.27167179726668,38.27167179726668,21.10990356317852,21.10990356317852,24.10338375857546,24.10338375857546,23.72931045404092,23.72931045404092,21.48397686771306,21.48397686771306,-0.10066716524346475,-0.10066716524346475,-0.12763964243816872,-0.12763964243816872,-0.12427110223535465,-0.12427110223535465,-0.1040357054462504,-0.1040357054462504,preceding,preceding,1,1,vehicle
55513.39999998359,38.30979385891339,38.30979385891339,21.09139172111211,21.09139172111211,24.081894458459175,24.081894458459175,23.70819300313712,23.70819300313712,21.465093176434166,21.465093176434166,-0.36564144060356796,-0.36564144060356796,-0.39143244769724106,-0.39143244769724106,-0.38821145456321915,-0.38821145456321915,-0.36886243373758987,-0.36886243373758987,preceding,preceding,1,1,vehicle
55513.49999998359,38.33776332116276,38.33776332116276,21.03677527505355,21.03677527505355,24.025097269031455,24.025097269031455,23.651668163123755,23.651668163123755,21.41020438096125,21.41020438096125,-0.2307685905478678,-0.2307685905478678,-0.24709444251777768,-0.24709444251777768,-0.24505553334230967,-0.24505553334230967,-0.23280749972335002,-0.23280749972335002,preceding,preceding,1,1,vehicle
55513.599999983584,38.35168700721823,38.35168700721823,21.04523800299403,21.04523800299403,24.032475569947,24.032475569947,23.65918189646005,23.65918189646005,21.418531676480978,21.418531676480978,0.054525120524345994,0.054525120524345994,0.03971843770501948,0.03971843770501948,0.041567622552193484,0.041567622552193484,0.05267593567715778,0.05267593567715778,preceding,preceding,1,1,vehicle
55513.699999983575,38.3758098074527,38.3758098074527,21.047680299157467,21.047680299157467,24.033040956571764,24.033040956571764,23.65998168763347,23.65998168763347,21.42073956809576,21.42073956809576,-0.260310943631211,-0.260310943631211,-0.2806786625797173,-0.2806786625797173,-0.27813496561331874,-0.27813496561331874,-0.26285464059760955,-0.26285464059760955,preceding,preceding,1,1,vehicle
55513.79999998357,38.40408038137863,38.40408038137863,20.993175814272334,20.993175814272334,23.976339837435958,23.976339837435958,23.603554903342246,23.603554903342246,21.365960748366046,21.365960748366046,-0.19412804756922242,-0.19412804756922242,-0.2113057598753727,-0.2113057598753727,-0.2091604565427332,-0.2091604565427332,-0.19627335090187614,-0.19627335090187614,preceding,preceding,1,1,vehicle
55513.899999983565,38.42004343471342,38.42004343471342,21.008854689650704,21.008854689650704,23.990779804604017,23.990779804604017,23.61814959633222,23.61814959633222,21.3814848979225,21.3814848979225,-0.21733897636016763,-0.21733897636016763,-0.2431681982399425,-0.2431681982399425,-0.2399424126389107,-0.2399424126389107,-0.22056476196118524,-0.22056476196118524,preceding,preceding,1,1,vehicle
55513.99999998356,38.470728873485825,38.470728873485825,20.949708019000933,20.949708019000933,23.927706197788677,23.927706197788677,23.55556642081516,23.55556642081516,21.32184779597445,21.32184779597445,-0.2117840926842831,-0.2117840926842831,-0.22866415875567725,-0.22866415875567725,-0.2265560238103177,-0.2265560238103177,-0.21389222762965687,-0.21389222762965687,preceding,preceding,1,1,vehicle
55514.09999998356,38.463609986601575,38.463609986601575,20.966497871114463,20.966497871114463,23.945046972853547,23.945046972853547,23.572838391570816,23.572838391570816,21.338706452397194,21.338706452397194,0.3542642452388236,0.3542642452388236,0.3511786098080165,0.3511786098080165,0.3515639723849091,0.3515639723849091,0.353878882661931,0.353878882661931,preceding,preceding,1,1,vehicle
55514.19999998357,38.47870636113899,38.47870636113899,21.020560868052957,21.020560868052957,23.9979419197544,23.9979419197544,23.62587921529628,23.62587921529628,21.392623572511077,21.392623572511077,0.10241824082487483,0.10241824082487483,0.09102548880974837,0.09102548880974837,0.0924483208664384,0.0924483208664384,0.10099540876819901,0.10099540876819901,preceding,preceding,1,1,vehicle
55514.29999998357,38.493069924745456,38.493069924745456,20.98698151928626,20.98698151928626,23.963252070622268,23.963252070622268,23.59132805575088,23.59132805575088,21.35890553415765,21.35890553415765,-0.3792178100001564,-0.3792178100001564,-0.40166129485005797,-0.40166129485005797,-0.39885834145528065,-0.39885834145528065,-0.38202076339493374,-0.38202076339493374,preceding,preceding,1,1,vehicle
55514.399999983565,38.53683054872177,38.53683054872177,20.94471730605403,20.94471730605403,23.91760966078556,23.91760966078556,23.546107547006386,23.546107547006386,21.316219419833203,21.316219419833203,-0.37876211593656706,-0.37876211593656706,-0.40112062114810954,-0.40112062114810954,-0.39832827897785705,-0.39832827897785705,-0.38155445810683375,-0.38155445810683375,preceding,preceding,1,1,vehicle
55514.49999998356,38.5510169416659,38.5510169416659,20.911229096100048,20.911229096100048,23.883027946393813,23.883027946393813,23.511662399956467,23.511662399956467,21.282594642537394,21.282594642537394,0.062151996572993085,0.062151996572993085,0.05942173532103823,0.05942173532103823,0.05976271652612297,0.05976271652612297,0.06181101536790834,0.06181101536790834,preceding,preceding,1,1,vehicle
55514.59999998356,38.54391335979942,38.54391335979942,20.95714770536845,20.95714770536845,23.92949400784959,23.92949400784959,23.558060090311436,23.558060090311436,21.328581622906604,21.328581622906604,0.03231742556938855,0.03231742556938855,0.025524122035676555,0.025524122035676555,0.026372535677381848,0.026372535677381848,0.031469011927683255,0.031469011927683255,preceding,preceding,1,1,vehicle
55514.69999998357,38.56865784183992,38.56865784183992,20.917692581207852,20.917692581207852,23.88813277079467,23.88813277079467,23.51693690708569,23.51693690708569,21.288888444916832,21.288888444916832,-0.1909900506584563,-0.1909900506584563,-0.20515447889864902,-0.20515447889864902,-0.20338548750284247,-0.20338548750284247,-0.19275904205424865,-0.19275904205424865,preceding,preceding,1,1,vehicle
55514.79999998357,38.580700352182106,38.580700352182106,20.918949695232964,20.918949695232964,23.88846311206593,23.88846311206593,23.517382992806954,23.517382992806954,21.29002981449194,21.29002981449194,-0.16539797801910083,-0.16539797801910083,-0.16780396588769975,-0.16780396588769975,-0.16750348261977877,-0.16750348261977877,-0.16569846128703603,-0.16569846128703603,preceding,preceding,1,1,vehicle
55514.899999983565,38.57490959832065,38.57490959832065,20.884612985604512,20.884612985604512,23.854571977617617,23.854571977617617,23.48343621056222,23.48343621056222,21.25574875265991,21.25574875265991,-0.14741463876104888,-0.14741463876104888,-0.15027818089448886,-0.15027818089448886,-0.14992055357366496,-0.14992055357366496,-0.14777226608187277,-0.14777226608187277,preceding,preceding,1,1,vehicle
55514.99999998356,38.5881458987159,38.5881458987159,20.889466767481185,20.889466767481185,23.85840747588747,23.85840747588747,23.48739888209266,23.48739888209266,21.260475361275997,21.260475361275997,0.27778320235323406,0.27778320235323406,0.27034022756043896,0.27034022756043896,0.27126977950329945,0.27126977950329945,0.2768536504103736,0.2768536504103736,preceding,preceding,1,1,vehicle
55515.09999998356,38.59426237090907,38.59426237090907,20.94016962607435,20.94016962607435,23.908640023128918,23.908640023128918,23.53769016646209,23.53769016646209,21.311119482741177,21.311119482741177,0.12952410842650863,0.12952410842650863,0.1328249886805679,0.1328249886805679,0.1324127422822272,0.1324127422822272,0.12993635482483512,0.12993635482483512,oncoming,oncoming,1,1,vehicle
55515.19999998355,38.57956347434415,38.57956347434415,20.91537158917066,20.91537158917066,23.884972473627606,23.884972473627606,23.51388143055315,23.51388143055315,21.28646263224512,21.28646263224512,-0.27141997674050344,-0.27141997674050344,-0.26862934494626245,-0.26862934494626245,-0.26897786660533995,-0.26897786660533995,-0.27107145508142594,-0.27107145508142594,oncoming,oncoming,1,1,vehicle
55515.29999998355,38.587004065545216,38.587004065545216,20.885885630728673,20.885885630728673,23.854914154141937,23.854914154141937,23.483894593143315,23.483894593143315,21.256905191727295,21.256905191727295,-0.31455641217350205,-0.31455641217350205,-0.3229049166164799,-0.3229049166164799,-0.321862272941118,-0.321862272941118,-0.31559905584886394,-0.31559905584886394,preceding,preceding,1,1,vehicle
55515.399999983565,38.60127731081472,38.60127731081472,20.852460306731725,20.852460306731725,23.8203914902999,23.8203914902999,23.449508975960537,23.449508975960537,21.22334282107109,21.22334282107109,-0.32083797278659176,-0.32083797278659176,-0.32458743583747207,-0.32458743583747207,-0.32411916583487255,-0.32411916583487255,-0.3213062427891771,-0.3213062427891771,preceding,preceding,1,1,vehicle
55515.49999998356,38.596756876957905,38.596756876957905,20.82171803616723,20.82171803616723,23.789996666970065,23.789996666970065,23.419070759971994,23.419070759971994,21.1926439431653,21.1926439431653,-0.10434026374093719,-0.10434026374093719,-0.09602535096314568,-0.09602535096314568,-0.09706379938170073,-0.09706379938170073,-0.10330181532239635,-0.10330181532239635,oncoming,oncoming,1,1,vehicle
55515.59999998356,38.57965079484245,38.57965079484245,20.83159225398384,20.83159225398384,23.801186420107552,23.801186420107552,23.43009621608448,23.43009621608448,21.20268245800691,21.20268245800691,-0.12881509560855875,-0.12881509560855875,-0.11535411598585199,-0.11535411598585199,-0.1170352551889664,-0.1170352551889664,-0.12713395640545855,-0.12713395640545855,oncoming,oncoming,1,1,vehicle
55515.699999983546,38.561766110063154,38.561766110063154,20.79595501705439,20.79595501705439,23.76692584378152,23.76692584378152,23.39566370894286,23.39566370894286,21.167217151893052,21.167217151893052,-0.3320717562328923,-0.3320717562328923,-0.3234352009014856,-0.3234352009014856,-0.3245138181318481,-0.3245138181318481,-0.3309931390025014,-0.3309931390025014,oncoming,oncoming,1,1,vehicle
55515.799999983545,38.5572133334908,38.5572133334908,20.765177902743766,20.765177902743766,23.736499379933463,23.736499379933463,23.36519345246435,23.36519345246435,21.136483830212878,21.136483830212878,-0.22423373332686936,-0.22423373332686936,-0.21793273839647043,-0.21793273839647043,-0.21871966753904815,-0.21871966753904815,-0.22344680418430585,-0.22344680418430585,oncoming,oncoming,1,1,vehicle
55515.899999983536,38.54540894048426,38.54540894048426,20.751108270390084,20.751108270390084,23.72333929610319,23.72333929610319,23.351919775436027,23.351919775436027,21.122527791057248,21.122527791057248,-0.19479336068691566,-0.19479336068691566,-0.1845150522016894,-0.1845150522016894,-0.18579870612821026,-0.18579870612821026,-0.19350970676040902,-0.19350970676040902,oncoming,oncoming,1,1,vehicle
55515.999999983535,38.53054462196958,38.53054462196958,20.72621923060758,20.72621923060758,23.699596369494234,23.699596369494234,23.32803371123983,23.32803371123983,21.097781888861984,21.097781888861984,-0.3031100272778957,-0.3031100272778957,-0.290519155484958,-0.290519155484958,-0.2920916234712223,-0.2920916234712223,-0.3015375592916456,-0.3015375592916456,oncoming,oncoming,1,1,vehicle
55516.09999998353,38.51276496955627,38.51276496955627,20.690486264935387,20.690486264935387,23.665235465007044,23.665235465007044,23.293501450742635,23.293501450742635,21.062220279199796,21.062220279199796,-0.386869733863918,-0.386869733863918,-0.3770028875516971,-0.3770028875516971,-0.3782351526513139,-0.3782351526513139,-0.38563746876430116,-0.38563746876430116,oncoming,oncoming,1,1,vehicle
55516.19999998353,38.504978174335,38.504978174335,20.64884528383592,20.64884528383592,23.62419579198499,23.62419579198499,23.252386680710668,23.252386680710668,21.020654395110245,21.020654395110245,-0.37424330704899944,-0.37424330704899944,-0.35694992137803183,-0.35694992137803183,-0.3591096802420708,-0.3591096802420708,-0.37208354818493206,-0.37208354818493206,oncoming,oncoming,1,1,vehicle
55516.29999998354,38.468018893232106,38.468018893232106,20.61563760352457,20.61563760352457,23.593845480730657,23.593845480730657,23.22167951469341,23.22167951469341,20.987803569561816,20.987803569561816,-0.5192374823287764,-0.5192374823287764,-0.4989647572621294,-0.4989647572621294,-0.5014966023870784,-0.5014966023870784,-0.5167056372038417,-0.5167056372038417,oncoming,oncoming,1,1,vehicle
55516.399999983536,38.45255482056902,38.45255482056902,20.544997787370622,20.544997787370622,23.52440284053323,23.52440284053323,23.152087360233892,23.152087360233892,20.91731326766996,20.91731326766996,-0.48525784699242536,-0.48525784699242536,-0.4688837778358703,-0.4688837778358703,-0.4709287197991614,-0.4709287197991614,-0.48321290502912007,-0.48321290502912007,oncoming,oncoming,1,1,vehicle
55516.499999983535,38.425747181199434,38.425747181199434,20.518586034127498,20.518586034127498,23.500068725164848,23.500068725164848,23.127493770734947,23.127493770734947,20.8911609885574,20.8911609885574,-0.26979100949066037,-0.26979100949066037,-0.24116470546583457,-0.24116470546583457,-0.24473981225150965,-0.24473981225150965,-0.2662159027049711,-0.2662159027049711,oncoming,oncoming,1,1,vehicle
55516.59999998353,38.378772363929755,38.378772363929755,20.491039585473278,20.491039585473278,23.476169899440766,23.476169899440766,23.103139397784304,23.103139397784304,20.86407008712974,20.86407008712974,-0.4516676642913353,-0.4516676642913353,-0.4191515525628233,-0.4191515525628233,-0.4232124470597114,-0.4232124470597114,-0.44760676979443303,-0.44760676979443303,oncoming,oncoming,1,1,vehicle
55516.69999998353,38.34207740488359,38.34207740488359,20.428252501270546,20.428252501270546,23.416238414653503,23.416238414653503,23.042851281324236,23.042851281324236,20.801639634599812,20.801639634599812,-0.4396382902044138,-0.4396382902044138,-0.41958365412590126,-0.41958365412590126,-0.42208824769862474,-0.42208824769862474,-0.4371336966316761,-0.4371336966316761,oncoming,oncoming,1,1,vehicle
55516.79999998354,38.32725115426703,38.32725115426703,20.403111927433216,20.403111927433216,23.39225316861637,23.39225316861637,23.018721748245365,23.018721748245365,20.77664334780422,20.77664334780422,-0.1988686917282365,-0.1988686917282365,-0.17153891845816815,-0.17153891845816815,-0.17495208574297294,-0.17495208574297294,-0.19545552444344594,-0.19545552444344594,oncoming,oncoming,1,1,vehicle
55516.899999983536,38.27203413107044,38.27203413107044,20.388478762923267,20.388478762923267,23.381930630960124,23.381930630960124,23.007860864173914,23.007860864173914,20.762548529709477,20.762548529709477,-0.4430699498842898,-0.4430699498842898,-0.40597447356790894,-0.40597447356790894,-0.41060725640501516,-0.41060725640501516,-0.4384371670471836,-0.4384371670471836,oncoming,oncoming,1,1,vehicle
55516.999999983535,38.23231473171598,38.23231473171598,20.31449793745765,20.31449793745765,23.31105827390397,23.31105827390397,22.93660029696556,22.93660029696556,20.68895591439606,20.68895591439606,-0.6299147874564852,-0.6299147874564852,-0.5980073747462455,-0.5980073747462455,-0.6019922212227442,-0.6019922212227442,-0.6259299409800008,-0.6259299409800008,oncoming,oncoming,1,1,vehicle
55517.099999983526,38.19058174606502,38.19058174606502,20.262495805436785,20.262495805436785,23.262329156015355,23.262329156015355,22.887462419933886,22.887462419933886,20.637362541518254,20.637362541518254,-0.47437559254463224,-0.47437559254463224,-0.4411374480633441,-0.4411374480633441,-0.44528847862541454,-0.44528847862541454,-0.4702245619825476,-0.4702245619825476,oncoming,oncoming,1,1,vehicle
55517.19999998352,38.1476485107191,38.1476485107191,20.219622818957006,20.219622818957006,23.222830784299006,23.222830784299006,22.84754260124825,22.84754260124825,20.594911002007763,20.594911002007763,-0.4184144038071764,-0.4184144038071764,-0.3802210533528694,-0.3802210533528694,-0.3849909166699348,-0.3849909166699348,-0.413644540490111,-0.413644540490111,oncoming,oncoming,1,1,vehicle
55517.29999998352,38.093537202664734,38.093537202664734,20.17881292467687,20.17881292467687,23.186284945346316,23.186284945346316,22.810464236601433,22.810464236601433,20.55463363342175,20.55463363342175,-0.6500591841208774,-0.6500591841208774,-0.6115985655164167,-0.6115985655164167,-0.6164017973978417,-0.6164017973978417,-0.6452559522394381,-0.6452559522394381,oncoming,oncoming,1,1,vehicle
55517.39999998352,38.050145769264084,38.050145769264084,20.089610982133514,20.089610982133514,23.100511071196635,23.100511071196635,22.724262241769566,22.724262241769566,20.465859811560584,20.465859811560584,-0.7539198645321505,-0.7539198645321505,-0.717908550651515,-0.717908550651515,-0.7224058852913515,-0.7224058852913515,-0.7494225298923425,-0.7494225298923425,oncoming,oncoming,1,1,vehicle
55517.49999998351,38.00248728550116,38.00248728550116,20.028028951776108,20.028028951776108,23.04270323522129,23.04270323522129,22.66598305954849,22.66598305954849,20.404749127448905,20.404749127448905,-0.7637588312695129,-0.7637588312695129,-0.7229777337864789,-0.7229777337864789,-0.7280707390321055,-0.7280707390321055,-0.7586658260238721,-0.7586658260238721,oncoming,oncoming,1,1,vehicle
55517.59999998352,37.94730289855932,37.94730289855932,19.93685921587753,19.93685921587753,22.955915524437227,22.955915524437227,22.578648093961032,22.578648093961032,20.314126646353724,20.314126646353724,-0.9129752876458497,-0.9129752876458497,-0.8690322948102391,-0.8690322948102391,-0.8745201642918516,-0.8745201642918516,-0.9074874181642514,-0.9074874181642514,oncoming,oncoming,1,1,vehicle
55517.69999998352,37.8919706370098,37.8919706370098,19.84543389424297,19.84543389424297,22.868896776255465,22.868896776255465,22.49107902668632,22.49107902668632,20.223251643812112,20.223251643812112,-1.1742980021577694,-1.1742980021577694,-1.1248967146805455,-1.1248967146805455,-1.1310662309685142,-1.1310662309685142,-1.168128485869829,-1.168128485869829,oncoming,oncoming,1,1,vehicle
55517.79999998352,37.82346307747641,37.82346307747641,19.701999615437064,19.701999615437064,22.7309361814925,22.7309361814925,22.352434847758676,22.352434847758676,20.080500949170887,20.080500949170887,-1.1594944614532494,-1.1594944614532494,-1.1136965380804895,-1.1136965380804895,-1.1194160315663453,-1.1194160315663453,-1.1537749679674079,-1.1537749679674079,oncoming,oncoming,1,1,vehicle
55517.89999998352,37.77747036813569,37.77747036813569,19.61353500194326,19.61353500194326,22.646157468630637,22.646157468630637,22.267195820364282,22.267195820364282,19.992496650209613,19.992496650209613,-1.0423891446151288,-1.0423891446151288,-0.9942903739764262,-0.9942903739764262,-1.0002971889878012,-1.0002971889878012,-1.036382329603768,-1.036382329603768,oncoming,oncoming,1,1,vehicle
55517.99999998351,37.703662034622994,37.703662034622994,19.49352178652695,19.49352178652695,22.532078106709474,22.532078106709474,22.15237540997346,22.15237540997346,19.873224483262966,19.873224483262966,-1.511012418299515,-1.511012418299515,-1.4628597702327681,-1.4628597702327681,-1.4688733002421515,-1.4688733002421515,-1.504998888290146,-1.504998888290146,oncoming,oncoming,1,1,vehicle
55518.09999998352,37.65782639194943,37.65782639194943,19.311332518278704,19.311332518278704,22.353585514578967,22.353585514578967,21.973421160310796,21.973421160310796,19.691496872546875,19.691496872546875,-1.6840925770113273,-1.6840925770113273,-1.6484824153912,-1.6484824153912,-1.6529295678244722,-1.6529295678244722,-1.6796454245780836,-1.6796454245780836,oncoming,oncoming,1,1,vehicle
55518.19999998352,37.61545417794231,37.61545417794231,19.156703271115326,19.156703271115326,22.202381623622053,22.202381623622053,21.82178949639936,21.82178949639936,19.537295398338017,19.537295398338017,-1.8474811172026335,-1.8474811172026335,-1.8007988452791892,-1.8007988452791892,-1.8066287141155755,-1.8066287141155755,-1.841651248366233,-1.841651248366233,oncoming,oncoming,1,1,vehicle
55518.29999998352,37.54255659562209,37.54255659562209,18.94183629482573,18.94183629482573,21.993425745511065,21.993425745511065,21.61209541747557,21.61209541747557,19.323166622861226,19.323166622861226,-1.8995208053718358,-1.8995208053718358,-1.844168730028784,-1.844168730028784,-1.8510813004866833,-1.8510813004866833,-1.8926082349139506,-1.8926082349139506,oncoming,oncoming,1,1,vehicle
55518.39999998352,37.479160601133366,37.479160601133366,18.77679911002904,18.77679911002904,21.833547877604673,21.833547877604673,21.451573236290365,21.451573236290365,19.158773751343347,19.158773751343347,-1.8030930715989655,-1.8030930715989655,-1.7516867525087605,-1.7516867525087605,-1.7581065407909193,-1.7581065407909193,-1.7966732833167924,-1.7966732833167924,oncoming,oncoming,1,1,vehicle
55518.49999998351,37.41643507800896,37.41643507800896,18.581217680526525,18.581217680526525,21.643088395029384,21.643088395029384,21.26047410933752,21.26047410933752,18.96383196621839,18.96383196621839,-2.259412893132236,-2.259412893132236,-2.2088104574514205,-2.2088104574514205,-2.2151298345097814,-2.2151298345097814,-2.253093516073875,-2.253093516073875,oncoming,oncoming,1,1,vehicle
55518.599999983504,37.35542280098585,37.35542280098585,18.324916531442046,18.324916531442046,21.391785786152962,21.391785786152962,21.00854726942709,21.00854726942709,18.708155048167917,18.708155048167917,-2.2203816580392726,-2.2203816580392726,-2.1662034026502823,-2.1662034026502823,-2.172969315574619,-2.172969315574619,-2.21361574511495,-2.21361574511495,oncoming,oncoming,1,1,vehicle
55518.699999983495,37.28442610452859,37.28442610452859,18.137141348957442,18.137141348957442,21.209847714537155,21.209847714537155,20.825880246260542,20.825880246260542,18.521108817234055,18.521108817234055,-2.377539682309717,-2.377539682309717,-2.3273361290287653,-2.3273361290287653,-2.3336056537216763,-2.3336056537216763,-2.3712701576167916,-2.3712701576167916,oncoming,oncoming,1,1,vehicle
55518.79999998349,37.23346458445507,37.23346458445507,17.84940859502162,17.84940859502162,20.92631856038785,20.92631856038785,20.541826138723504,20.541826138723504,18.233901016685966,18.233901016685966,-2.7803536877597566,-2.7803536877597566,-2.732377948842071,-2.732377948842071,-2.73836923872247,-2.73836923872247,-2.774362397879372,-2.774362397879372,oncoming,oncoming,1,1,vehicle
55518.8999999835,37.16830463268185,37.16830463268185,17.581070611397585,17.581070611397585,20.663372124761302,20.663372124761302,20.278206398508555,20.278206398508555,17.966236337650333,17.966236337650333,-2.5855811724138533,-2.5855811724138533,-2.5289580396804894,-2.5289580396804894,-2.5360292083557567,-2.5360292083557567,-2.5785100037385718,-2.5785100037385718,oncoming,oncoming,1,1,vehicle
55518.9999999835,37.09686285271041,37.09686285271041,17.332292360505907,17.332292360505907,20.420526952419383,20.420526952419383,20.034620297019913,20.034620297019913,17.718199015905377,17.718199015905377,-2.656306886164373,-2.656306886164373,-2.607176402457796,-2.607176402457796,-2.6133118620312388,-2.6133118620312388,-2.6501714265909158,-2.6501714265909158,oncoming,oncoming,1,1,vehicle
55519.0999999835,37.05013491149897,37.05013491149897,17.049809234172443,17.049809234172443,20.141936844277332,20.141936844277332,19.755544026109913,19.755544026109913,17.436202052339862,17.436202052339862,-2.6757634027205768,-2.6757634027205768,-2.6253859604059357,-2.6253859604059357,-2.631677117737283,-2.631677117737283,-2.6694722453892297,-2.6694722453892297,oncoming,oncoming,1,1,vehicle
55519.199999983495,36.9761679127691,36.9761679127691,16.79713967996958,16.79713967996958,19.895449760345837,19.895449760345837,19.508284873480115,19.508284873480115,17.1843045668353,17.1843045668353,-2.5399544746331344,-2.5399544746331344,-2.4796804191963986,-2.4796804191963986,-2.4872074471901016,-2.4872074471901016,-2.5324274466394314,-2.5324274466394314,oncoming,oncoming,1,1,vehicle
55519.29999998349,36.90618406789457,36.90618406789457,16.54181833927188,16.54181833927188,19.646000760463526,19.646000760463526,19.25810253669744,19.25810253669744,16.929716563037967,16.929716563037967,-2.554831510430958,-2.554831510430958,-2.4996721557482715,-2.4996721557482715,-2.5065604353353024,-2.5065604353353024,-2.547943230843913,-2.547943230843913,oncoming,oncoming,1,1,vehicle
55519.399999983485,36.84491327943917,36.84491327943917,16.28617337790939,16.28617337790939,19.39551532922157,19.39551532922157,19.006972786438517,19.006972786438517,16.674715920692442,16.674715920692442,-2.712519011666444,-2.712519011666444,-2.661791838722209,-2.661791838722209,-2.668126607730116,-2.668126607730116,-2.7061842426585514,-2.7061842426585514,oncoming,oncoming,1,1,vehicle
55519.49999998348,36.785897177230225,36.785897177230225,15.999314536946487,15.999314536946487,19.11364239272683,19.11364239272683,18.724477215159183,18.724477215159183,16.388479714514133,16.388479714514133,-2.7164874017525733,-2.7164874017525733,-2.6613877712849643,-2.6613877712849643,-2.6682685453246364,-2.6682685453246364,-2.709606627712887,-2.709606627712887,oncoming,oncoming,1,1,vehicle
55519.59999998349,36.714727116996535,36.714727116996535,15.742875897549228,15.742875897549228,18.863237774955252,18.863237774955252,18.47331907736422,18.47331907736422,16.132794595140258,16.132794595140258,-2.6864130213502335,-2.6864130213502335,-2.6325284369335833,-2.6325284369335833,-2.6392574570973864,-2.6392574570973864,-2.6796840011864305,-2.6796840011864305,oncoming,oncoming,1,1,vehicle
55519.69999998349,36.65897849668703,36.65897849668703,15.462031932666486,15.462031932666486,18.587136705330494,18.587136705330494,18.19662572373004,18.19662572373004,15.852542914266936,15.852542914266936,-2.656470963690694,-2.656470963690694,-2.603686113426221,-2.603686113426221,-2.6102777761558826,-2.6102777761558826,-2.649879300961018,-2.649879300961018,oncoming,oncoming,1,1,vehicle
55519.79999998349,36.590869462720235,36.590869462720235,15.21158170481882,15.21158170481882,18.342500552277585,18.342500552277585,17.95126352214064,17.95126352214064,15.602818734955765,15.602818734955765,-2.8026612359697367,-2.8026612359697367,-2.7479737664132955,-2.7479737664132955,-2.7548030032064617,-2.7548030032064617,-2.7958319991765705,-2.7958319991765705,oncoming,oncoming,1,1,vehicle
55519.899999983485,36.531060393637034,36.531060393637034,14.901499685480696,14.901499685480696,18.037541952055832,18.037541952055832,17.645665123096766,17.645665123096766,15.29337651443976,15.29337651443976,-2.905491857583712,-2.905491857583712,-2.8531638048872594,-2.8531638048872594,-2.859698380644346,-2.859698380644346,-2.898957281826611,-2.898957281826611,oncoming,oncoming,1,1,vehicle
55519.99999998348,36.46890516244644,36.46890516244644,14.630483333310535,14.630483333310535,17.771867791308438,17.771867791308438,17.379323846020093,17.379323846020093,15.023027278598882,15.023027278598882,-2.8356505568226424,-2.8356505568226424,-2.7853693784798423,-2.7853693784798423,-2.7916483270929433,-2.7916483270929433,-2.8293716082095273,-2.8293716082095273,oncoming,oncoming,1,1,vehicle
55520.09999998348,36.41423355607806,36.41423355607806,14.33436957412442,14.33436957412442,17.48046807636797,17.48046807636797,17.0873354576863,17.0873354576863,14.727502192806089,14.727502192806089,-2.902287868926024,-2.902287868926024,-2.8465995020361987,-2.8465995020361987,-2.853553656874368,-2.853553656874368,-2.8953337140878546,-2.8953337140878546,oncoming,oncoming,1,1,vehicle
55520.199999983466,36.339997998979086,36.339997998979086,14.050025759574297,14.050025759574297,17.202547890948946,17.202547890948946,16.808613114693117,16.808613114693117,14.443960535830126,14.443960535830126,-2.868918739751109,-2.868918739751109,-2.8046355339022426,-2.8046355339022426,-2.812662951856254,-2.812662951856254,-2.860891321797112,-2.860891321797112,oncoming,oncoming,1,1,vehicle
55520.29999998348,36.26595650367213,36.26595650367213,13.760585826181064,13.760585826181064,16.919540969594202,16.919540969594202,16.524802867321757,16.524802867321757,14.155323928453509,14.155323928453509,-3.0363348764881692,-3.0363348764881692,-2.9884090816563713,-2.9884090816563713,-2.9943938364300067,-2.9943938364300067,-3.030350121714548,-3.030350121714548,oncoming,oncoming,1,1,vehicle
55520.39999998348,36.229786450593515,36.229786450593515,13.442758784245445,13.442758784245445,16.60486607458749,16.60486607458749,16.209734347376806,16.209734347376806,13.83789051145613,13.83789051145613,-3.0604143478959287,-3.0604143478959287,-3.021198229398806,-3.021198229398806,-3.026095342272157,-3.026095342272157,-3.0555172350225916,-3.0555172350225916,oncoming,oncoming,1,1,vehicle
55520.49999998348,36.176090868617145,36.176090868617145,13.148502956590233,13.148502956590233,16.31530132370308,16.31530132370308,15.91958379885593,15.91958379885593,13.54422048143738,13.54422048143738,-3.0869885590162056,-3.0869885590162056,-3.0384595973684583,-3.0384595973684583,-3.0445196358722058,-3.0445196358722058,-3.0809285205124866,-3.0809285205124866,oncoming,oncoming,1,1,vehicle
55520.59999998348,36.118866412718525,36.118866412718525,12.825361072430827,12.825361072430827,15.997174155102613,15.997174155102613,15.600830420191157,15.600830420191157,13.221704807342283,13.221704807342283,-3.1351499398257445,-3.1351499398257445,-3.0917808750501052,-3.0917808750501052,-3.0971965587486068,-3.0971965587486068,-3.129734256127236,-3.129734256127236,oncoming,oncoming,1,1,vehicle
55520.699999983466,36.07722535614599,36.07722535614599,12.52147296867703,12.52147296867703,15.696945148744442,15.696945148744442,15.300144487157663,15.300144487157663,12.918273630263808,12.918273630263808,-3.065418731277262,-3.065418731277262,-3.0139994606757767,-3.0139994606757767,-3.0204203848404063,-3.0204203848404063,-3.058997807112611,-3.058997807112611,oncoming,oncoming,1,1,vehicle
55520.799999983465,36.002078252524775,36.002078252524775,12.212277326228131,12.212277326228131,15.39437426301975,15.39437426301975,14.996746343275422,14.996746343275422,12.60990524597246,12.60990524597246,-3.0748033481449824,-3.0748033481449824,-3.019181189455935,-3.019181189455935,-3.026126926562341,-3.026126926562341,-3.067857611038562,-3.067857611038562,oncoming,oncoming,1,1,vehicle
55520.89999998346,35.95121488942728,35.95121488942728,11.906512299056983,11.906512299056983,15.09310891086204,15.09310891086204,14.694919101854,14.694919101854,12.304702108065024,12.304702108065024,-3.0051371866218375,-3.0051371866218375,-2.9511734966433494,-2.9511734966433494,-2.957912107116158,-2.957912107116158,-2.9983985761490217,-2.9983985761490217,oncoming,oncoming,1,1,vehicle
55520.99999998347,35.880319845694494,35.880319845694494,11.61124988889141,11.61124988889141,14.804139563679092,14.804139563679092,14.405163921840154,14.405163921840154,12.010225530730347,12.010225530730347,-3.118505600059436,-3.118505600059436,-3.05881296455118,-3.05881296455118,-3.066266941774444,-3.066266941774444,-3.1110516228361575,-3.1110516228361575,oncoming,oncoming,1,1,vehicle
55521.09999998347,35.816957706379505,35.816957706379505,11.282811179033896,11.282811179033896,14.481346317940915,14.481346317940915,14.08166571348818,14.08166571348818,11.68249178348663,11.68249178348663,-3.257525973246885,-3.257525973246885,-3.2103003601214652,-3.2103003601214652,-3.216197528269433,-3.216197528269433,-3.251628805098939,-3.251628805098939,oncoming,oncoming,1,1,vehicle
55521.199999983466,35.77443780410916,35.77443780410916,10.959744694251512,10.959744694251512,14.16207949166414,14.16207949166414,13.76192441619563,13.76192441619563,11.359899769720023,11.359899769720023,-3.2881022059967435,-3.2881022059967435,-3.2414341662687463,-3.2414341662687463,-3.24726168811209,-3.24726168811209,-3.2822746841534,-3.2822746841534,oncoming,oncoming,1,1,vehicle
55521.299999983465,35.71269053656906,35.71269053656906,10.625190737844116,10.625190737844116,13.8330594846966,13.8330594846966,13.432213375875213,13.432213375875213,11.026036846665503,11.026036846665503,-3.177109818410358,-3.177109818410358,-3.1277578509079973,-3.1277578509079973,-3.13392050354436,-3.13392050354436,-3.170947165773974,-3.170947165773974,oncoming,oncoming,1,1,vehicle
55521.39999998346,35.6644535566281,35.6644535566281,10.324322730578688,10.324322730578688,13.536527921491645,13.536527921491645,13.135140315495876,13.135140315495876,10.725710336574457,10.725710336574457,-3.1719323011622507,-3.1719323011622507,-3.132263014729105,-3.132263014729105,-3.137216562238379,-3.137216562238379,-3.1669787536529697,-3.1669787536529697,oncoming,oncoming,1,1,vehicle
55521.49999998347,35.624535979163795,35.624535979163795,9.990804277595442,9.990804277595442,13.206606881734677,13.206606881734677,12.804770063411418,12.804770063411418,10.392641095918702,10.392641095918702,-3.2618234987485835,-3.2618234987485835,-3.2220077084027565,-3.2220077084027565,-3.2269795361012896,-3.2269795361012896,-3.2568516710500504,-3.2568516710500504,oncoming,oncoming,1,1,vehicle
55521.59999998347,35.57621261244068,35.57621261244068,9.671958030813663,9.671958030813663,12.892126379795904,12.892126379795904,12.489744408260414,12.489744408260414,10.074340002349153,10.074340002349153,-3.198067968246427,-3.198067968246427,-3.1497360607167835,-3.1497360607167835,-3.1557712850782025,-3.1557712850782025,-3.192032743885001,-3.192032743885001,oncoming,oncoming,1,1,vehicle
55521.699999983466,35.517716941569056,35.517716941569056,9.351190683955465,9.351190683955465,12.576659669600488,12.576659669600488,12.173615806404962,12.173615806404962,9.754234547150991,9.754234547150991,-3.0880969281047754,-3.0880969281047754,-3.0369599826907674,-3.0369599826907674,-3.0433454541008373,-3.0433454541008373,-3.0817114566947055,-3.0817114566947055,oncoming,oncoming,1,1,vehicle
55521.799999983465,35.46351939331784,35.46351939331784,9.054338645201696,9.054338645201696,12.284734383266589,12.284734383266589,11.881075317449104,11.881075317449104,9.45799771101918,9.45799771101918,-3.0496258614620757,-3.0496258614620757,-3.004859747157269,-3.004859747157269,-3.0104496759183235,-3.0104496759183235,-3.0440359327010214,-3.0440359327010214,oncoming,oncoming,1,1,vehicle
55521.899999983456,35.4193481223012,35.4193481223012,8.741265511695294,8.741265511695294,11.97568772020089,11.97568772020089,11.5715258712532,11.5715258712532,9.145427360642984,9.145427360642984,-3.1778484312074866,-3.1778484312074866,-3.146065518662674,-3.146065518662674,-3.1500342303275204,-3.1500342303275204,-3.17387971954264,-3.17387971954264,oncoming,oncoming,1,1,vehicle
55521.999999983454,35.3938364647083,35.3938364647083,8.418768958991883,8.418768958991883,11.655521279565292,11.655521279565292,11.251068471414895,11.251068471414895,8.82322176714228,8.82322176714228,-3.233370124680256,-3.233370124680256,-3.196955419609232,-3.196955419609232,-3.2015024869792015,-3.2015024869792015,-3.2288230573102865,-3.2288230573102865,oncoming,oncoming,1,1,vehicle
55522.099999983446,35.339731308315436,35.339731308315436,8.094591486792302,8.094591486792302,11.33629663631154,11.33629663631154,10.931225373889927,10.931225373889927,8.499662749213915,8.499662749213915,-3.14236649784975,-3.14236649784975,-3.1027908360449956,-3.1027908360449956,-3.1077326004044252,-3.1077326004044252,-3.137424733490313,-3.137424733490313,oncoming,oncoming,1,1,vehicle
55522.19999998344,35.307449754897185,35.307449754897185,7.790295659476806,7.790295659476806,11.034963112410475,11.034963112410475,10.629521951388277,10.629521951388277,8.195736820499004,8.195736820499004,-2.949431294060375,-2.949431294060375,-2.916065624207647,-2.916065624207647,-2.920231942773661,-2.920231942773661,-2.9452649754943607,-2.9452649754943607,oncoming,oncoming,1,1,vehicle
55522.29999998345,35.26709421505242,35.26709421505242,7.504705227971434,7.504705227971434,10.753083511461526,10.753083511461526,10.347178985326671,10.347178985326671,7.910609754106289,7.910609754106289,-3.1550933078917467,-3.1550933078917467,-3.125807738393817,-3.125807738393817,-3.1294645751954064,-3.1294645751954064,-3.1514364710901575,-3.1514364710901575,oncoming,oncoming,1,1,vehicle
55522.39999998345,35.24379528154401,35.24379528154401,7.159276997870434,7.159276997870434,10.409801564704258,10.409801564704258,10.003629036321671,10.003629036321671,7.565449526253022,7.565449526253022,-3.193339733164713,-3.193339733164713,-3.1696244988449536,-3.1696244988449536,-3.1725857717601684,-3.1725857717601684,-3.190378460249498,-3.190378460249498,oncoming,oncoming,1,1,vehicle
55522.49999998345,35.21564725866753,35.21564725866753,6.866037281347786,6.866037281347786,10.11915861170176,10.11915861170176,9.71266183098387,9.71266183098387,7.2725340620656755,7.2725340620656755,-2.958634369371225,-2.958634369371225,-2.924256000809038,-2.924256000809038,-2.9285487485592725,-2.9285487485592725,-2.9543416216209906,-2.9543416216209906,oncoming,oncoming,1,1,vehicle
55522.599999983446,35.16936322077822,35.16936322077822,6.5675501240048,6.5675501240048,9.824950364550961,9.824950364550961,9.41791928661834,9.41791928661834,6.974581201937422,6.974581201937422,-2.9743535466464905,-2.9743535466464905,-2.935508998420765,-2.935508998420765,-2.9403594181262633,-2.9403594181262633,-2.9695031269409853,-2.9695031269409853,oncoming,oncoming,1,1,vehicle
55522.69999998344,35.13170257287118,35.13170257287118,6.271166572048633,6.271166572048633,9.532056812047413,9.532056812047413,9.124589947388467,9.124589947388467,6.67863343670758,6.67863343670758,-2.945803034367497,-2.945803034367497,-2.9114337363880054,-2.9114337363880054,-2.9157253322798056,-2.9157253322798056,-2.9415114384757004,-2.9415114384757004,oncoming,oncoming,1,1,vehicle
55522.79999998344,35.09526414882447,35.09526414882447,5.978389517140398,5.978389517140398,9.242663617282343,9.242663617282343,8.834774220171376,8.834774220171376,6.386278914251365,6.386278914251365,-2.982061373637098,-2.982061373637098,-2.953425313143782,-2.953425313143782,-2.957001009266868,-2.957001009266868,-2.9784856775140085,-2.9784856775140085,oncoming,oncoming,1,1,vehicle
55522.89999998344,35.07007445950396,35.07007445950396,5.6747542973089855,5.6747542973089855,8.94137174940663,8.94137174940663,8.53318974552304,8.53318974552304,6.082936301192574,6.082936301192574,-3.1136244194216793,-3.1136244194216793,-3.08495857675738,-3.08495857675738,-3.088537983764496,-3.088537983764496,-3.110045012414563,-3.110045012414563,oncoming,oncoming,1,1,vehicle
55522.99999998344,35.03369974474938,35.03369974474938,5.355664633265124,5.355664633265124,8.625671901939844,8.625671901939844,8.217066623427465,8.217066623427465,5.764269911777504,5.764269911777504,-2.911989412544713,-2.911989412544713,-2.8891150160569126,-2.8891150160569126,-2.8919712614342146,-2.8919712614342146,-2.909133167167404,-2.909133167167404,oncoming,oncoming,1,1,vehicle
55523.09999998344,35.021001108093174,35.021001108093174,5.092356414808518,5.092356414808518,8.363548746203655,8.363548746203655,7.954795493244614,7.954795493244614,5.50110966776756,5.50110966776756,-2.8319402183251867,-2.8319402183251867,-2.8105034237944295,-2.8105034237944295,-2.813180155187645,-2.813180155187645,-2.8292634869319606,-2.8292634869319606,oncoming,oncoming,1,1,vehicle
55523.19999998344,34.98780171560754,34.98780171560754,4.7892765896083285,4.7892765896083285,8.06357121718914,8.06357121718914,7.654430592398123,7.654430592398123,5.1984172143993455,5.1984172143993455,-2.907033582369152,-2.907033582369152,-2.87705041867725,-2.87705041867725,-2.880794297835557,-2.880794297835557,-2.903289703210845,-2.903289703210845,oncoming,oncoming,1,1,vehicle
55523.29999998344,34.95688447545837,34.95688447545837,4.510949698323797,4.510949698323797,7.788138662457431,7.788138662457431,7.378636633666713,7.378636633666713,4.920451727114515,4.920451727114515,-2.870009993421288,-2.870009993421288,-2.841001072313759,-2.841001072313759,-2.8446232945145553,-2.8446232945145553,-2.866387771220495,-2.866387771220495,oncoming,oncoming,1,1,vehicle
55523.39999998344,34.92588210135209,34.92588210135209,4.215274590912804,4.215274590912804,7.495371002715245,7.495371002715245,7.085505933484054,7.085505933484054,4.625139660143995,4.625139660143995,-2.994956571076102,-2.994956571076102,-2.9608732796895794,-2.9608732796895794,-2.965129107703426,-2.965129107703426,-2.9907007430622556,-2.9907007430622556,oncoming,oncoming,1,1,vehicle
55523.49999998343,34.88428434059169,34.88428434059169,3.91195838413964,3.91195838413964,7.1959640065501596,7.1959640065501596,6.785610812156723,6.785610812156723,4.322311578533076,4.322311578533076,-2.9151386140471907,-2.9151386140471907,-2.882307657473092,-2.882307657473092,-2.8864071045530153,-2.8864071045530153,-2.9110391669672637,-2.9110391669672637,oncoming,oncoming,1,1,vehicle
55523.59999998343,34.856067979231106,34.856067979231106,3.632246868134778,3.632246868134778,6.918909471251613,6.918909471251613,6.50822451260449,6.50822451260449,4.042931826781902,4.042931826781902,-2.729096519626509,-2.729096519626509,-2.698092503536323,-2.698092503536323,-2.7019638196675047,-2.7019638196675047,-2.7252252034953237,-2.7252252034953237,oncoming,oncoming,1,1,vehicle
55523.69999998343,34.81850452335936,34.81850452335936,3.366139080222281,3.366139080222281,6.656345505850748,6.656345505850748,6.245218048231086,6.245218048231086,3.7772665378419426,3.7772665378419426,-2.5696199203124586,-2.5696199203124586,-2.5261627416684362,-2.5261627416684362,-2.531589007864529,-2.531589007864529,-2.5641936541163624,-2.5641936541163624,oncoming,oncoming,1,1,vehicle
55523.79999998343,34.76408523678489,34.76408523678489,3.118322884079765,3.118322884079765,6.413676922925278,6.413676922925278,6.001906711038951,6.001906711038951,3.530093095966092,3.530093095966092,-2.532466357647687,-2.532466357647687,-2.4898499698091285,-2.4898499698091285,-2.4951712388068295,-2.4951712388068295,-2.527145088649995,-2.527145088649995,oncoming,oncoming,1,1,vehicle
55523.89999998343,34.72849073498137,34.72849073498137,2.859645808700114,2.859645808700114,6.158375511896168,6.158375511896168,5.746183800476983,5.746183800476983,3.271837520119298,3.271837520119298,-2.773531936125492,-2.773531936125492,-2.753115995570724,-2.753115995570724,-2.7556652144810236,-2.7556652144810236,-2.770982717215192,-2.770982717215192,oncoming,oncoming,1,1,vehicle
55523.99999998343,34.721039520767285,34.721039520767285,2.563616496839841,2.563616496839841,5.8630537237962015,5.8630537237962015,5.4507736681278285,5.4507736681278285,2.9758965525082144,2.9758965525082144,-2.6212217490452314,-2.6212217490452314,-2.59323782635796,-2.59323782635796,-2.596732005331038,-2.596732005331038,-2.6177275700721516,-2.6177275700721516,oncoming,oncoming,1,1,vehicle
55524.09999998343,34.66963595992353,34.66963595992353,2.3354014588746903,2.3354014588746903,5.639727946608016,5.639727946608016,5.226837399394238,5.226837399394238,2.7482920060884677,2.7482920060884677,-2.419042516328057,-2.419042516328057,-2.3788866084186147,-2.3788866084186147,-2.383900621360098,-2.383900621360098,-2.4140285033865734,-2.4140285033865734,oncoming,oncoming,1,1,vehicle
55524.199999983415,34.636683359294075,34.636683359294075,2.079807993620456,2.079807993620456,5.387276402158258,5.387276402158258,4.973993543901644,4.973993543901644,2.49309085187707,2.49309085187707,-2.409245342006116,-2.409245342006116,-2.3784126414423454,-2.3784126414423454,-2.3822625146741316,-2.3822625146741316,-2.40539546877433,-2.40539546877433,oncoming,oncoming,1,1,vehicle
55524.29999998342,34.60502009542505,34.60502009542505,1.8535523905044122,1.8535523905044122,5.164045418350152,5.164045418350152,4.7503848964900595,4.7503848964900595,2.2672129123645046,2.2672129123645046,-2.0730953735598536,-2.0730953735598536,-2.049238279005035,-2.049238279005035,-2.0522171501180786,-2.0522171501180786,-2.0701165024468065,-2.0701165024468065,oncoming,oncoming,1,1,vehicle
55524.39999998342,34.58676003760132,34.58676003760132,1.665188918896678,1.665188918896678,4.977428746345641,4.977428746345641,4.563550113866393,4.563550113866393,2.0790675513759256,2.0790675513759256,-2.0116832580960304,-2.0116832580960304,-1.98849043834824,-1.98849043834824,-1.9913863603625117,-1.9913863603625117,-2.0087873360817596,-2.0087873360817596,oncoming,oncoming,1,1,vehicle
55524.49999998342,34.55657344889197,34.55657344889197,1.4512157388910607,1.4512157388910607,4.7663473306862905,4.7663473306862905,4.352107624423352,4.352107624423352,1.8654554451539989,1.8654554451539989,-2.0512523080954486,-2.0512523080954486,-2.013954654248316,-2.013954654248316,-2.0186117365593113,-2.0186117365593113,-2.0465952257844435,-2.0465952257844435,oncoming,oncoming,1,1,vehicle
55524.59999998342,34.50899850118501,34.50899850118501,1.2549384572835582,1.2549384572835582,4.5746378155018395,4.5746378155018395,4.159827766560405,4.159827766560405,1.669748506224993,1.669748506224993,-2.011905199243955,-2.011905199243955,-1.9751367028911524,-1.9751367028911524,-1.979727704563576,-1.979727704563576,-2.0073141975715325,-2.0073141975715325,oncoming,oncoming,1,1,vehicle
55524.699999983415,34.480046202531796,34.480046202531796,1.0488346990481252,1.0488346990481252,4.3713199901138085,4.3713199901138085,3.956162083516399,3.956162083516399,1.4639926056455346,1.4639926056455346,-1.8269183635555066,-1.8269183635555066,-1.8052697080168834,-1.8052697080168834,-1.807972805010916,-1.807972805010916,-1.824215266561474,-1.824215266561474,oncoming,oncoming,1,1,vehicle
55524.79999998341,34.46402345274912,34.46402345274912,0.8895547845876597,0.8895547845876597,4.213583873913535,4.213583873913535,3.798233205573311,3.798233205573311,1.3049054529278845,1.3049054529278845,-1.5658351602473308,-1.5658351602473308,-1.5310029919521533,-1.5310029919521533,-1.5353521984014264,-1.5353521984014264,-1.561485953798054,-1.561485953798054,oncoming,oncoming,1,1,vehicle
55524.899999983405,34.407860813511036,34.407860813511036,0.7356676670150015,0.7356676670150015,4.065119391739648,4.065119391739648,3.6490916438523926,3.6490916438523926,1.1516954149022571,1.1516954149022571,-1.5039302939100891,-1.5039302939100891,-1.4749499326572142,-1.4749499326572142,-1.4785684697681383,-1.4785684697681383,-1.5003117567991655,-1.5003117567991655,oncoming,oncoming,1,1,vehicle
55524.99999998341,34.40399983064671,34.40399983064671,0.5887687257995848,0.5887687257995848,3.9185938873757946,3.9185938873757946,3.502519511613415,3.502519511613415,1.0048431015619643,1.0048431015619643,-1.5084098788238176,-1.5084098788238176,-1.4849903408663927,-1.4849903408663927,-1.4879145346558253,-1.4879145346558253,-1.5054856850343867,-1.5054856850343867,oncoming,oncoming,1,1,vehicle
55525.09999998341,34.35949624187194,34.35949624187194,0.4339856912442266,0.4339856912442266,3.7681213235601736,3.7681213235601736,3.351508736915055,3.351508736915055,0.8505982778893453,0.8505982778893453,-1.42086167583605,-1.42086167583605,-1.3834493185002472,-1.3834493185002472,-1.3881206682837472,-1.3881206682837472,-1.4161903260525492,-1.4161903260525492,oncoming,oncoming,1,1,vehicle
55525.19999998341,34.32682022777214,34.32682022777214,0.3045963906365101,0.3045963906365101,3.641904023679772,3.641904023679772,3.224895377960706,3.224895377960706,0.7216050363555762,0.7216050363555762,-1.4038042095180723,-1.4038042095180723,-1.375531420416607,-1.375531420416607,-1.379061585239313,-1.379061585239313,-1.400274044695366,-1.400274044695366,oncoming,oncoming,1,1,vehicle
55525.29999998341,34.30128972733036,34.30128972733036,0.1532248493446977,0.1532248493446977,3.4930150394808557,3.4930150394808557,3.075696419871206,3.075696419871206,0.5705434689543474,0.5705434689543474,-1.1025560917983206,-1.1025560917983206,-1.0804561235995926,-1.0804561235995926,-1.08321553997229,-1.08321553997229,-1.099796675425623,-1.099796675425623,oncoming,oncoming,1,1,vehicle
55525.399999983405,34.28139156699438,34.28139156699438,0.08408517228005485,0.08408517228005485,3.4258127989629976,3.4258127989629976,3.0082522699694003,3.0082522699694003,0.5016457012736524,0.5016457012736524,-0.6922927516643518,-0.6922927516643518,-0.6728436093248327,-0.6728436093248327,-0.6752720382595943,-0.6752720382595943,-0.6898643227295889,-0.6898643227295889,oncoming,oncoming,1,1,vehicle
55525.4999999834,34.261363130014274,34.261363130014274,0.014766299013842188,0.014766299013842188,3.3584463176178474,3.3584463176178474,2.9406420122212524,2.9406420122212524,0.4325706044104374,0.4325706044104374,-0.672204171444792,-0.672204171444792,-0.6617772615852111,-0.6617772615852111,-0.6630791694856821,-0.6630791694856821,-0.6709022635443205,-0.6709022635443205,oncoming,oncoming,1,1,vehicle
55525.5999999834,34.25999971412396,34.25999971412396,-0.05035566200694719,-0.05035566200694719,3.2934573466478816,3.2934573466478816,2.8756364360741937,2.8756364360741937,0.3674652485667409,0.3674652485667409,-0.4769941647520949,-0.4769941647520949,-0.46700687927218354,-0.46700687927218354,-0.4682538939138734,-0.4682538939138734,-0.47574715011040336,-0.47574715011040336,oncoming,oncoming,1,1,vehicle
55525.6999999834,34.24089658013399,34.24089658013399,-0.08063253393518854,-0.08063253393518854,3.2650449417647702,3.2650449417647702,2.8469912334398404,2.8469912334398404,0.3374211743897413,0.3374211743897413,-0.367641386396401,-0.367641386396401,-0.3435051620526366,-0.3435051620526366,-0.3465188131603263,-0.3465188131603263,-0.36462773528871084,-0.36462773528871084,oncoming,oncoming,1,1,vehicle
55525.7999999834,34.21058401681237,34.21058401681237,-0.1238839392851574,-0.1238839392851574,3.224756314238354,3.224756314238354,2.806332673443137,2.806332673443137,0.2945397015100599,0.2945397015100599,-0.23732424845238592,-0.23732424845238592,-0.2134408119901572,-0.2134408119901572,-0.2164228963060122,-0.2164228963060122,-0.23434216413653686,-0.23434216413653686,oncoming,oncoming,1,1,vehicle
55525.8999999834,34.19205212509941,34.19205212509941,-0.12809738362497503,-0.12809738362497503,3.2223567793673595,3.2223567793673595,2.803706654179268,2.803706654179268,0.29055274156311595,0.29055274156311595,-0.04255041923041403,-0.04255041923041403,-0.029796985077929605,-0.029796985077929605,-0.031389376058402974,-0.031389376058402974,-0.04095802824994399,-0.04095802824994399,oncoming,oncoming,1,1,vehicle
55525.9999999834,34.18453053203115,34.18453053203115,-0.132394023131432,-0.132394023131432,3.2187969172225537,3.2187969172225537,2.800054798231245,2.800054798231245,0.28634809585987653,0.28634809585987653,0.08796004101874533,0.08796004101874533,0.10050388507333707,0.10050388507333707,0.09893766534982085,0.09893766534982085,0.08952626074226377,0.08952626074226377,oncoming,oncoming,1,1,vehicle
55526.0999999834,34.166454204427346,34.166454204427346,-0.11050537542274719,-0.11050537542274719,3.2424575563804856,3.2424575563804856,2.823494187247693,2.823494187247693,0.3084579937100449,0.3084579937100449,0.26279623488746623,0.26279623488746623,0.28955186192449744,0.28955186192449744,0.28621116907931565,0.28621116907931565,0.2661369277326464,0.2661369277326464,oncoming,oncoming,1,1,vehicle
55526.199999983386,34.13000115943024,34.13000115943024,-0.07983477615980572,-0.07983477615980572,3.2767072896008558,3.2767072896008558,2.857297032040602,2.857297032040602,0.3395754814004477,0.3395754814004477,0.5023940059032523,0.5023940059032523,0.5288131710949742,0.5288131710949742,0.5255144925409105,0.5255144925409105,0.505692684457322,0.505692684457322,oncoming,oncoming,1,1,vehicle
55526.29999998339,34.11266631581776,34.11266631581776,-0.01002657423867137,-0.01002657423867137,3.3482201906022278,3.3482201906022278,2.9285970857587067,2.9285970857587067,0.4095965306048499,0.4095965306048499,0.6772528210770075,0.6772528210770075,0.6942183827209085,0.6942183827209085,0.6921000782660887,0.6921000782660887,0.6793711255318295,0.6793711255318295,oncoming,oncoming,1,1,vehicle
55526.39999998339,34.09551441433005,34.09551441433005,0.055615788058855475,0.055615788058855475,3.4155509661483725,3.4155509661483725,2.9957170476971453,2.9957170476971453,0.47544970651008267,0.47544970651008267,0.6120508514023596,0.6120508514023596,0.6236339903465833,0.6236339903465833,0.6221877313838604,0.6221877313838604,0.6134971103650813,0.6134971103650813,oncoming,oncoming,1,1,vehicle
55526.49999998339,34.08913703712647,34.08913703712647,0.11238359604001924,0.11238359604001924,3.4729469886697295,3.4729469886697295,3.053034632033668,3.053034632033668,0.5322959526760807,0.5322959526760807,0.7442754774596365,0.7442754774596365,0.7647526383251915,0.7647526383251915,0.7621958852535915,0.7621958852535915,0.7468322305312345,0.7468322305312345,oncoming,oncoming,1,1,vehicle
55526.59999998339,34.05398209921638,34.05398209921638,0.20447088354861664,0.20447088354861664,3.5685014938111848,3.5685014938111848,3.1481562247456454,3.1481562247456454,0.624816152614156,0.624816152614156,1.1601091208509693,1.1601091208509693,1.1795642305026277,1.1795642305026277,1.1771350903460256,1.1771350903460256,1.1625382610075716,1.1625382610075716,oncoming,oncoming,1,1,vehicle
55526.699999983386,34.04969001557184,34.04969001557184,0.34440542020683673,0.34440542020683673,3.7088598347668222,3.7088598347668222,3.288461650099447,3.288461650099447,0.7648036048742115,0.7648036048742115,1.0956179653552303,1.0956179653552303,1.1096033656071462,1.1096033656071462,1.1078571698176596,1.1078571698176596,1.0973641611447191,1.0973641611447191,oncoming,oncoming,1,1,vehicle
55526.79999998339,34.025674596180146,34.025674596180146,0.4235944766200259,0.4235944766200259,3.7904221669331806,3.7904221669331806,3.369727658709718,3.369727658709718,0.8442889848434885,0.8442889848434885,1.0323260672343202,1.0323260672343202,1.0555769047370838,1.0555769047370838,1.0526738431962457,1.0526738431962457,1.035229128775157,1.035229128775157,oncoming,oncoming,1,1,vehicle
55526.899999983376,34.002666288060794,34.002666288060794,0.5508706336326887,0.5508706336326887,3.9199752156930106,3.9199752156930106,3.4989964187174953,3.4989964187174953,0.971849430608204,0.971849430608204,1.1425495912992671,1.1425495912992671,1.1617206205560429,1.1617206205560429,1.1593269603708265,1.1593269603708265,1.1449432514844808,1.1449432514844808,oncoming,oncoming,1,1,vehicle
55526.99999998338,33.98694730812029,33.98694730812029,0.6521043948625564,0.6521043948625564,4.022766291026714,4.022766291026714,3.6015930507662524,3.6015930507662524,1.0732776351230178,1.0732776351230178,0.8825837766770417,0.8825837766770417,0.9021214264065733,0.9021214264065733,0.8996819944564294,0.8996819944564294,0.8850232086271861,0.8850232086271861,oncoming,oncoming,1,1,vehicle
55527.09999998338,33.96325253093314,33.96325253093314,0.7273873889738383,0.7273873889738383,4.100399500980094,4.100399500980094,3.6789328176145464,3.6789328176145464,1.1488540723393859,1.1488540723393859,0.9935254332928785,0.9935254332928785,1.0164967540943408,1.0164967540943408,1.013628604507101,1.013628604507101,0.9963935828801151,0.9963935828801151,oncoming,oncoming,1,1,vehicle
55527.19999998338,33.940658916797716,33.940658916797716,0.8508094815182405,0.8508094815182405,4.226065641842624,4.226065641842624,3.804318771664723,3.804318771664723,1.272556351696141,1.272556351696141,1.169880450722515,1.169880450722515,1.1923444564679286,1.1923444564679286,1.1895396535007698,1.1895396535007698,1.172685253689675,1.172685253689675,oncoming,oncoming,1,1,vehicle
55527.29999998338,33.918048045128074,33.918048045128074,0.9613634791149364,0.9613634791149364,4.33886839227021,4.33886839227021,3.9168407483112384,3.9168407483112384,1.383391123073908,1.383391123073908,1.0621432990586737,1.0621432990586737,1.084769487814782,1.084769487814782,1.08194443937359,1.08194443937359,1.0649683474998675,1.0649683474998675,oncoming,oncoming,1,1,vehicle
55527.399999983376,33.89518896996486,33.89518896996486,1.063238141326884,1.063238141326884,4.443019539402423,4.443019539402423,4.020707659536292,4.020707659536292,1.4855500211930148,1.4855500211930148,1.063356453081548,1.063356453081548,1.085943851449656,1.085943851449656,1.083123650559422,1.083123650559422,1.0661766539717865,1.0661766539717865,oncoming,oncoming,1,1,vehicle
55527.49999998338,33.87271631434252,33.87271631434252,1.1740347697365372,1.1740347697365372,4.556057162565529,4.556057162565529,4.133465478428498,4.133465478428498,1.5966264538735686,1.5966264538735686,1.046869157830133,1.046869157830133,1.0786895359834112,1.0786895359834112,1.0747165390511206,1.0747165390511206,1.0508421547624298,1.0508421547624298,oncoming,oncoming,1,1,vehicle
55527.599999983366,33.8314478178186,33.8314478178186,1.2726119728849141,1.2726119728849141,4.658757446590374,4.658757446590374,4.235650967337876,4.235650967337876,1.6957184521374125,1.6957184521374125,0.9805140422438905,0.9805140422438905,1.0068450670029137,1.0068450670029137,1.0035574580310076,1.0035574580310076,0.9838016512157965,0.9838016512157965,oncoming,oncoming,1,1,vehicle
55527.69999998337,33.820023911324846,33.820023911324846,1.370137578175098,1.370137578175098,4.757426175954976,4.757426175954976,4.334176970023678,4.334176970023678,1.7933867841063957,1.7933867841063957,0.9133569696598567,0.9133569696598567,0.9343922800455537,0.9343922800455537,0.9317658837191338,0.9317658837191338,0.9159833659862784,0.9159833659862784,oncoming,oncoming,1,1,vehicle
55527.79999998337,33.78944217414528,33.78944217414528,1.4552833668217735,1.4552833668217735,4.845635902604325,4.845635902604325,4.422004144086548,4.422004144086548,1.87891512533955,1.87891512533955,0.9168061428812901,0.9168061428812901,0.9434055069539973,0.9434055069539973,0.9400844058980979,0.9400844058980979,0.9201272439371877,0.9201272439371877,oncoming,oncoming,1,1,vehicle
55527.89999998337,33.766960565611114,33.766960565611114,1.5534988067486877,1.5534988067486877,4.946107277343029,4.946107277343029,4.522193851200561,4.522193851200561,1.9774122328911554,1.9774122328911554,0.9218215261180482,0.9218215261180482,0.9538812110101098,0.9538812110101098,0.9498783637207708,0.9498783637207708,0.9258243734073943,0.9258243734073943,oncoming,oncoming,1,1,vehicle
55527.99999998337,33.725621917935314,33.725621917935314,1.6396476720427005,1.6396476720427005,5.036412144803571,5.036412144803571,4.611979816827938,4.611979816827938,2.0640800000183344,2.0640800000183344,0.9032950073506267,0.9032950073506267,0.9391459447651052,0.9391459447651052,0.9346697444796774,0.9346697444796774,0.907771207636058,0.907771207636058,oncoming,oncoming,1,1,vehicle
55528.099999983366,33.69570383118281,33.69570383118281,1.7341578082161841,1.7341578082161841,5.133936466293317,5.133936466293317,4.709127800093777,4.709127800093777,2.158966474415725,2.158966474415725,0.9079707452615207,0.9079707452615207,0.9474864871281987,0.9474864871281987,0.9425527296428307,0.9425527296428307,0.912904502746887,0.912904502746887,oncoming,oncoming,1,1,vehicle
55528.19999998336,33.647289756805996,33.647289756805996,1.821241821086296,1.821241821086296,5.2259094422199635,5.2259094422199635,4.800490362747323,4.800490362747323,2.246660900558936,2.246660900558936,0.803390490525759,0.803390490525759,0.8488327185292768,0.8488327185292768,0.8431590206264765,0.8431590206264765,0.8090641884285574,0.8090641884285574,oncoming,oncoming,1,1,vehicle
55528.29999998336,33.605814262376676,33.605814262376676,1.8948359063170348,1.8948359063170348,5.3037030099946385,5.3037030099946385,4.8777596042145674,4.8777596042145674,2.320779312097106,2.320779312097106,0.779607477692096,0.779607477692096,0.8196338127537004,0.8196338127537004,0.8146363319942296,0.8146363319942296,0.7846049584515669,0.7846049584515669,oncoming,oncoming,1,1,vehicle
55528.39999998336,33.56831520592373,33.56831520592373,1.9771633166274831,1.9771633166274831,5.389836204773674,5.389836204773674,4.963417629149115,4.963417629149115,2.403581892252043,2.403581892252043,0.8986270970651145,0.8986270970651145,0.9476370899832993,0.9476370899832993,0.9415179775640325,0.9415179775640325,0.9047462094843812,0.9047462094843812,oncoming,oncoming,1,1,vehicle
55528.49999998336,33.50940281407686,33.50940281407686,2.0745613257274425,2.0745613257274425,5.49323042798854,5.49323042798854,5.066063199724634,5.066063199724634,2.5017285539913487,2.5017285539913487,0.8674048630919433,0.8674048630919433,0.9316418097561652,0.9316418097561652,0.9236215746552858,0.9236215746552858,0.8754250981928227,0.8754250981928227,oncoming,oncoming,1,1,vehicle
55528.59999998336,33.44234286774152,33.44234286774152,2.1506442892433473,2.1506442892433473,5.576164566722196,5.576164566722196,5.148141944077484,5.148141944077484,2.5786669118880594,2.5786669118880594,0.6884513995725694,0.6884513995725694,0.7479537425629097,0.7479537425629097,0.7405246694297247,0.7405246694297247,0.6958804727057544,0.6958804727057544,oncoming,oncoming,1,1,vehicle
55528.69999998336,33.39309130474118,33.39309130474118,2.2122516056399526,2.2122516056399526,5.642821176498946,5.642821176498946,5.214168133608424,5.214168133608424,2.6409046485304746,2.6409046485304746,0.8579036894188263,0.8579036894188263,0.9016657592846329,0.9016657592846329,0.8962019334202083,0.8962019334202083,0.8633675152832527,0.8633675152832527,oncoming,oncoming,1,1,vehicle
55528.79999998336,33.3570625406566,33.3570625406566,2.322225027134377,2.322225027134377,5.75649771858648,5.75649771858648,5.327382330768871,5.327382330768871,2.7513404149519856,2.7513404149519856,1.0463032761381807,1.0463032761381807,1.0987441689655206,1.0987441689655206,1.092196792611766,1.092196792611766,1.0528506524919337,1.0528506524919337,oncoming,oncoming,1,1,vehicle
55528.89999998336,33.291249836005115,33.291249836005115,2.421512260872934,2.421512260872934,5.8625700102974,5.8625700102974,5.4326074921361265,5.4326074921361265,2.8514747790342074,2.8514747790342074,1.1066561260978194,1.1066561260978194,1.174063086979114,1.174063086979114,1.165647189801163,1.165647189801163,1.1150720232757685,1.1150720232757685,oncoming,oncoming,1,1,vehicle
55528.99999998335,33.226551620352275,33.226551620352275,2.5435562523410122,2.5435562523410122,5.991310335968693,5.991310335968693,5.56051176871558,5.56051176871558,2.974354819594126,2.974354819594126,1.1757150288934444,1.1757150288934444,1.2411760680443784,1.2411760680443784,1.2330031603186669,1.2330031603186669,1.1838879366191613,1.1838879366191613,oncoming,oncoming,1,1,vehicle
55529.09999998335,33.16499052653821,33.16499052653821,2.6566552666389955,2.6566552666389955,6.11080522389296,6.11080522389296,5.67920812418663,5.67920812418663,3.0882523663453263,3.0882523663453263,1.1809134267735715,1.1809134267735715,1.2463637404805255,1.2463637404805255,1.2381922096373685,1.2381922096373685,1.1890849576167284,1.1890849576167284,oncoming,oncoming,1,1,vehicle
55529.19999998335,33.100801739499055,33.100801739499055,2.7797389376922896,2.7797389376922896,6.240583084061171,6.240583084061171,5.80815021063945,5.80815021063945,3.212171811114011,3.212171811114011,1.298412803450196,1.298412803450196,1.363235113165576,1.363235113165576,1.3551420246626016,1.3551420246626016,1.306505891953167,1.306505891953167,oncoming,oncoming,1,1,vehicle
55529.29999998335,33.04090252349087,33.04090252349087,2.916337827325256,2.916337827325256,6.383452246522108,6.383452246522108,5.950236529115206,5.950236529115206,3.3495535447321574,3.3495535447321574,1.4247133473847864,1.4247133473847864,1.4988124222112909,1.4988124222112909,1.489561175179034,1.489561175179034,1.4339645944170414,1.4339645944170414,oncoming,oncoming,1,1,vehicle
55529.39999998335,32.959577839390846,32.959577839390846,3.0646816071651006,3.0646816071651006,6.540345568499067,6.540345568499067,6.106062445670922,6.106062445670922,3.498964729993246,3.498964729993246,1.4398429973905973,1.4398429973905973,1.5237709136178594,1.5237709136178594,1.5132925915433937,1.5132925915433937,1.4503213194650684,1.4503213194650684,oncoming,oncoming,1,1,vehicle
55529.49999998335,32.88161257251274,32.88161257251274,3.204306426809026,3.204306426809026,6.688206429251675,6.688206429251675,6.252895047429837,6.252895047429837,3.639617808630865,3.639617808630865,1.39812812234908,1.39812812234908,1.4784981791416456,1.4784981791416456,1.4684641097674245,1.4684641097674245,1.4081621917232923,1.4081621917232923,oncoming,oncoming,1,1,vehicle
55529.59999998334,32.807757041135105,32.807757041135105,3.3443072316205926,3.3443072316205926,6.836045204312339,6.836045204312339,6.399755267609443,6.399755267609443,3.7805971683234887,3.7805971683234887,1.38865343336969,1.38865343336969,1.4751639116785285,1.4751639116785285,1.4643632875294088,1.4643632875294088,1.3994540575188168,1.3994540575188168,oncoming,oncoming,1,1,vehicle
55529.69999998334,32.71901915679192,32.71901915679192,3.482037113468324,3.482037113468324,6.983239211572213,6.983239211572213,6.545767704920617,6.545767704920617,3.919508620119921,3.919508620119921,1.583289739766574,1.583289739766574,1.6749382776290815,1.6749382776290815,1.6634962460587701,1.6634962460587701,1.5947317713368925,1.5947317713368925,oncoming,oncoming,1,1,vehicle
55529.79999998334,32.63632730730967,32.63632730730967,3.660965179577822,3.660965179577822,7.171032859842514,7.171032859842514,6.7324545168254994,6.7324545168254994,4.0995435225948365,4.0995435225948365,1.657683897593163,1.657683897593163,1.7471105366697586,1.7471105366697586,1.7359459745804102,1.7359459745804102,1.6688484596825148,1.6688484596825148,oncoming,oncoming,1,1,vehicle
55529.89999998334,32.55262497614404,32.55262497614404,3.813573892982132,3.813573892982132,7.332661318901081,7.332661318901081,6.892956899831646,6.892956899831646,4.253278312051568,4.253278312051568,1.720007491395343,1.720007491395343,1.815145108891123,1.815145108891123,1.803267632612382,1.803267632612382,1.731884967674091,1.731884967674091,oncoming,oncoming,1,1,vehicle
55529.99999998334,32.46025437437148,32.46025437437148,4.004966677851885,4.004966677851885,7.5340618816154565,7.5340618816154565,7.093108043342728,7.093108043342728,4.445920516124614,4.445920516124614,1.84824209482532,1.84824209482532,1.9468389332650986,1.9468389332650986,1.9345296711450857,1.9345296711450857,1.8605513569453258,1.8605513569453258,oncoming,oncoming,1,1,vehicle
55530.09999998334,32.371116880375254,32.371116880375254,4.183222311941817,4.183222311941817,7.722029105548435,7.722029105548435,7.279862834055034,7.279862834055034,4.6253885834352175,4.6253885834352175,1.8085097376602306,1.8085097376602306,1.9219051714590734,1.9219051714590734,1.9077485028275376,1.9077485028275376,1.82266640629177,1.82266640629177,oncoming,oncoming,1,1,vehicle
55530.19999998334,32.25285490160608,32.25285490160608,4.3666686253922045,4.3666686253922045,7.918442915916275,7.918442915916275,7.474657743917147,7.474657743917147,4.810453797391332,4.810453797391332,1.7556029869681318,1.7556029869681318,1.8738463593440358,1.8738463593440358,1.8590845645435508,1.8590845645435508,1.7703647817686168,1.7703647817686168,oncoming,oncoming,1,1,vehicle
55530.29999998333,32.15609031252695,32.15609031252695,4.534342909321003,4.534342909321003,8.096798377402097,8.096798377402097,7.6516797469486875,7.6516797469486875,4.979461539774412,4.979461539774412,1.751152726807092,1.751152726807092,1.8741081248584237,1.8741081248584237,1.858758216044933,1.858758216044933,1.7665026356205829,1.7665026356205829,oncoming,oncoming,1,1,vehicle
55530.39999998333,32.030941757903285,32.030941757903285,4.716899170739033,4.716899170739033,8.293264540872823,8.293264540872823,7.8464093871110645,7.8464093871110645,5.1637543245007915,5.1637543245007915,1.6845513314831635,1.6845513314831635,1.8188706691327,1.8188706691327,1.8021022132426552,1.8021022132426552,1.7013197873732082,1.7013197873732082,oncoming,oncoming,1,1,vehicle
55530.49999998333,31.915265852725277,31.915265852725277,4.871253175627042,4.871253175627042,8.460572511238698,8.460572511238698,8.012100189607198,8.012100189607198,5.319725497258542,5.319725497258542,1.6436961602362175,1.6436961602362175,1.7896417603194124,1.7896417603194124,1.7714220762837982,1.7714220762837982,1.6619158442718422,1.6619158442718422,oncoming,oncoming,1,1,vehicle
55530.59999998333,31.77146297704639,31.77146297704639,5.045638402781493,5.045638402781493,8.651192892931498,8.651192892931498,8.200693802362668,8.200693802362668,5.496137493350323,5.496137493350323,1.7098467883238904,1.7098467883238904,1.860221968985826,1.860221968985826,1.8414494822612895,1.8414494822612895,1.7286192750484375,1.7286192750484375,oncoming,oncoming,1,1,vehicle
55530.69999998333,31.649894519668884,31.649894519668884,5.213222533286844,5.213222533286844,8.83261690503045,8.83261690503045,8.380390086054096,8.380390086054096,5.665449352263199,5.665449352263199,1.7086124052945024,1.7086124052945024,1.864313387695418,1.864313387695418,1.8448762760538813,1.8448762760538813,1.7280495169360357,1.7280495169360357,oncoming,oncoming,1,1,vehicle
55530.79999998333,31.49923068975346,31.49923068975346,5.387360883835421,5.387360883835421,9.024055570465155,9.024055570465155,8.569669057568076,8.569669057568076,5.841747396732501,5.841747396732501,1.7934626760014538,1.7934626760014538,1.9646170912694814,1.9646170912694814,1.9432510713822424,1.9432510713822424,1.8148286958886821,1.8148286958886821,oncoming,oncoming,1,1,vehicle
55530.89999998333,31.35316782757416,31.35316782757416,5.571915068495722,5.571915068495722,9.225540323293654,9.225540323293654,8.769040300339762,8.769040300339762,6.028415091449612,6.028415091449612,1.983410056383832,1.983410056383832,2.158740293524673,2.158740293524673,2.136853268970391,2.136853268970391,2.0052970809381208,2.0052970809381208,oncoming,oncoming,1,1,vehicle
55530.99999998332,31.198203694040355,31.198203694040355,5.784042895102402,5.784042895102402,9.45580362915962,9.45580362915962,8.997039711351768,8.997039711351768,6.2428068129102545,6.2428068129102545,2.1049680616183473,2.1049680616183473,2.2848456168814693,2.2848456168814693,2.2623912226206997,2.2623912226206997,2.127422455879124,2.127422455879124,oncoming,oncoming,1,1,vehicle
55531.09999998332,31.047249959970728,31.047249959970728,5.992908680797711,5.992908680797711,9.682509446646415,9.682509446646415,9.2215185448406,9.2215185448406,6.453899582603526,6.453899582603526,2.046281002615885,2.046281002615885,2.2369670919698663,2.2369670919698663,2.2131637888023192,2.2131637888023192,2.0700843057834355,2.0700843057834355,oncoming,oncoming,1,1,vehicle
55531.19999998332,30.877269879474706,30.877269879474706,6.193299095619624,6.193299095619624,9.903197047547083,9.903197047547083,9.43967246910579,9.43967246910579,6.656823674060917,6.656823674060917,1.9787824054367356,1.9787824054367356,2.176286922902001,2.176286922902001,2.151632815154734,2.151632815154734,2.003436513183999,2.003436513183999,oncoming,oncoming,1,1,vehicle
55531.29999998332,30.718150062202376,30.718150062202376,6.3886651618793,6.3886651618793,10.117766831220482,10.117766831220482,9.651845107865286,9.651845107865286,6.854586885234495,6.854586885234495,2.153871398815536,2.153871398815536,2.3561745962629317,2.3561745962629317,2.330921869347378,2.330921869347378,2.179124125731086,2.179124125731086,oncoming,oncoming,1,1,vehicle
55531.39999998332,30.543917157275548,30.543917157275548,6.624073375376462,6.624073375376462,10.374431966792812,10.374431966792812,9.905856842968483,9.905856842968483,7.092648499200791,7.092648499200791,2.424712900646199,2.424712900646199,2.642264216691977,2.642264216691977,2.6151085476616487,2.6151085476616487,2.4518685696765203,2.4518685696765203,oncoming,oncoming,1,1,vehicle
55531.49999998332,30.36361998657235,30.36361998657235,6.873607742020153,6.873607742020153,10.646219674571512,10.646219674571512,10.174866817410123,10.174866817410123,7.34496059918154,7.34496059918154,2.6033144050474846,2.6033144050474846,2.8235489342317166,2.8235489342317166,2.7960587809752724,2.7960587809752724,2.630804558303943,2.630804558303943,oncoming,oncoming,1,1,vehicle
55531.59999998332,30.18909691638491,30.18909691638491,7.144736256395753,7.144736256395753,10.939141753649945,10.939141753649945,10.4650685991742,10.4650685991742,7.618809410871497,7.618809410871497,2.7031772956621083,2.7031772956621083,2.9220188878814213,2.9220188878814213,2.89470306167609,2.89470306167609,2.730493121867447,2.730493121867447,oncoming,oncoming,1,1,vehicle
55531.69999998331,30.015140314941352,30.015140314941352,7.414243201125158,7.414243201125158,11.230623452118136,11.230623452118136,10.753807429715962,10.753807429715962,7.891059223527332,7.891059223527332,2.982958087628191,2.982958087628191,3.212219569577343,3.212219569577343,3.1836036298987764,3.1836036298987764,3.0115740273067573,3.0115740273067573,oncoming,oncoming,1,1,vehicle
55531.79999998331,29.82837689502309,29.82837689502309,7.7413278738951945,7.7413278738951945,11.58158566753702,11.58158566753702,11.101789325125836,11.101789325125836,8.221124216306379,8.221124216306379,3.3928858918880707,3.3928858918880707,3.6097987688066056,3.6097987688066056,3.582724586577662,3.582724586577662,3.4199600741170144,3.4199600741170144,oncoming,oncoming,1,1,vehicle
55531.89999998331,29.677528140256886,29.677528140256886,8.092820379492899,8.092820379492899,11.952583205868951,11.952583205868951,11.470352347021068,11.470352347021068,8.575051238340782,8.575051238340782,3.627071164563283,3.627071164563283,3.8405850273779123,3.8405850273779123,3.8139355798182066,3.8139355798182066,3.6537206121229886,3.6537206121229886,oncoming,oncoming,1,1,vehicle
55531.99999998331,29.500092876792273,29.500092876792273,8.466742106797295,8.466742106797295,12.349702673001424,12.349702673001424,11.864576441078377,11.864576441078377,8.951868338720342,8.951868338720342,4.010617736846335,4.010617736846335,4.24976781302437,4.24976781302437,4.219919126703509,4.219919126703509,4.040466423167189,4.040466423167189,oncoming,oncoming,1,1,vehicle
55532.09999998331,29.313990399003057,29.313990399003057,8.894943926850493,8.894943926850493,12.802536768461456,12.802536768461456,12.314336172349488,12.314336172349488,9.38314452296246,9.38314452296246,4.410010740203262,4.410010740203262,4.655548292757217,4.655548292757217,4.624902945650227,4.624902945650227,4.440656087310259,4.440656087310259,oncoming,oncoming,1,1,vehicle
55532.1999999833,29.131382918914788,29.131382918914788,9.348744254791162,9.348744254791162,13.280812331503595,13.280812331503595,12.78955703015946,12.78955703015946,9.839999556135298,9.839999556135298,4.757396984679119,4.757396984679119,5.0045664570075985,5.0045664570075985,4.9737180317556025,4.9737180317556025,4.788245409931108,4.788245409931108,oncoming,oncoming,1,1,vehicle
55532.2999999833,28.947494063844985,28.947494063844985,9.84642332374105,9.84642332374105,13.803450059815223,13.803450059815223,13.309079778653167,13.309079778653167,10.340793604903105,10.340793604903105,5.230902981150962,5.230902981150962,5.474585326189612,5.474585326189612,5.44417269765156,5.44417269765156,5.261315609689007,5.261315609689007,oncoming,oncoming,1,1,vehicle
55532.3999999833,28.77444936439544,28.77444936439544,10.394924851047888,10.394924851047888,14.37572939676903,14.37572939676903,13.878391569717161,13.878391569717161,10.892262678099756,10.892262678099756,5.635502383821361,5.635502383821361,5.876075688836693,5.876075688836693,5.846051670350178,5.846051670350178,5.66552640230784,5.66552640230784,oncoming,oncoming,1,1,vehicle
55532.4999999833,28.59946304844765,28.59946304844765,10.973523800527733,10.973523800527733,14.97866519760598,14.97866519760598,14.478290112746501,14.478290112746501,11.473898885387213,11.473898885387213,6.039685783139312,6.039685783139312,6.292150362080619,6.292150362080619,6.260642918610998,6.260642918610998,6.0711932266089335,6.0711932266089335,oncoming,oncoming,1,1,vehicle
55532.5999999833,28.413750890689993,28.413750890689993,11.602862007658173,11.602862007658173,15.63415946916684,15.63415946916684,15.13052015342114,15.13052015342114,12.106501323403874,12.106501323403874,6.404801683321338,6.404801683321338,6.661466087043749,6.661466087043749,6.629435145934494,6.629435145934494,6.4368326244306004,6.4368326244306004,oncoming,oncoming,1,1,vehicle
55532.6999999833,28.23725274094503,28.23725274094503,12.25448413717336,12.25448413717336,16.310958414995344,16.310958414995344,15.804177141914106,15.804177141914106,12.761265410254598,12.761265410254598,6.730182319076064,6.730182319076064,6.97470559507029,6.97470559507029,6.944190446264486,6.944190446264486,6.760697467881876,6.760697467881876,oncoming,oncoming,1,1,vehicle
55532.7999999833,28.072905322777952,28.072905322777952,12.948898471453798,12.948898471453798,17.0291005881606,17.0291005881606,16.519358242653826,16.519358242653826,13.458640816960573,13.458640816960573,6.952584890148479,6.952584890148479,7.1943149121286325,7.1943149121286325,7.164148957898391,7.164148957898391,6.982750844378735,6.982750844378735,oncoming,oncoming,1,1,vehicle
55532.8999999833,27.904398634976666,27.904398634976666,13.645001115233532,13.645001115233532,17.749821397452667,17.749821397452667,17.23700693352524,17.23700693352524,14.157815579160959,14.157815579160959,7.5132046746248164,7.5132046746248164,7.766718521402041,7.766718521402041,7.735082687048049,7.735082687048049,7.54484050897878,7.54484050897878,oncoming,oncoming,1,1,vehicle
55532.9999999833,27.72804497541972,27.72804497541972,14.451539406403525,14.451539406403525,18.58244429246677,18.58244429246677,18.066374780089077,18.066374780089077,14.967608918781217,14.967608918781217,8.133993897633374,8.133993897633374,8.388973317096102,8.388973317096102,8.357155244784963,8.357155244784963,8.1658119699445,8.1658119699445,oncoming,oncoming,1,1,vehicle
55533.09999998329,27.561689761587115,27.561689761587115,15.271799894676352,15.271799894676352,19.42761606078552,19.42761606078552,18.90843798239618,18.90843798239618,15.790977973065694,15.790977973065694,8.588149432970368,8.588149432970368,8.832163802320679,8.832163802320679,8.801714655135996,8.801714655135996,8.618598580155037,8.618598580155037,oncoming,oncoming,1,1,vehicle
55533.19999998329,27.404005986144174,27.404005986144174,16.169169292915726,16.169169292915726,20.348877052846476,20.348877052846476,19.826717711032167,19.826717711032167,16.691328634730034,16.691328634730034,9.02130397812273,9.02130397812273,9.268299515211353,9.268299515211353,9.237479013966336,9.237479013966336,9.052124479367748,9.052124479367748,oncoming,oncoming,1,1,vehicle
55533.29999998329,27.237633929481007,27.237633929481007,17.076060690274645,17.076060690274645,21.281275963800816,21.281275963800816,20.75593378516256,20.75593378516256,17.6014028689129,17.6014028689129,9.307316738584461,9.307316738584461,9.55950238823874,9.55950238823874,9.528034901543165,9.528034901543165,9.338784225280051,9.338784225280051,oncoming,oncoming,1,1,vehicle
55533.39999998329,27.076969081916566,27.076969081916566,18.03063264060553,18.03063264060553,22.260777530466402,22.260777530466402,21.732324691313067,21.732324691313067,18.559085479758863,18.559085479758863,9.982512483523266,9.982512483523266,10.219603685035153,10.219603685035153,10.190020268934276,10.190020268934276,10.012095899624128,10.012095899624128,oncoming,oncoming,1,1,vehicle
55533.4999999833,26.933651114080075,26.933651114080075,19.072563187108223,19.072563187108223,23.325196700939173,23.325196700939173,22.793937839080446,22.793937839080446,19.60382204896695,19.60382204896695,10.452337776725614,10.452337776725614,10.678125591139292,10.678125591139292,10.649953141948885,10.649953141948885,10.48051022591605,10.48051022591605,oncoming,oncoming,1,1,vehicle
55533.59999998329,26.790709241464498,26.790709241464498,20.121100195994842,20.121100195994842,24.396402648739397,24.396402648739397,23.86231531974786,23.86231531974786,20.655187524986378,20.655187524986378,10.705597609135353,10.705597609135353,10.93365879812879,10.93365879812879,10.905203243066865,10.905203243066865,10.734053164197263,10.734053164197263,oncoming,oncoming,1,1,vehicle
55533.69999998328,26.647571881549876,26.647571881549876,21.21368270866725,21.21368270866725,25.51192846029123,25.51192846029123,24.974978487420824,24.974978487420824,21.750632681537656,21.750632681537656,10.971305610401743,10.971305610401743,11.19091915722035,11.19091915722035,11.163518141297402,11.163518141297402,10.99870662632469,10.99870662632469,oncoming,oncoming,1,1,vehicle
55533.79999998328,26.518017083590152,26.518017083590152,22.31536131796542,22.31536131796542,26.63458648007103,26.63458648007103,26.095018947895234,26.095018947895234,22.854928850141214,22.854928850141214,11.240940900321945,11.240940900321945,11.450951003692794,11.450951003692794,11.424748699252348,11.424748699252348,11.26714320476242,11.26714320476242,oncoming,oncoming,1,1,vehicle
55533.89999998328,26.389451247494122,26.389451247494122,23.46187088877745,23.46187088877745,27.802118661076516,27.802118661076516,27.259928227317904,27.259928227317904,24.004061322536064,24.004061322536064,11.617388031196597,11.617388031196597,11.819446472381259,11.819446472381259,11.79423671330079,11.79423671330079,11.64259779027708,11.64259779027708,oncoming,oncoming,1,1,vehicle
55533.99999998328,26.271974053904515,26.271974053904515,24.638838924170926,24.638838924170926,28.998475774512883,28.998475774512883,28.453866290521063,28.453866290521063,25.183448408162747,25.183448408162747,11.960101915085588,11.960101915085588,12.13647295783926,12.13647295783926,12.114468432808877,12.114468432808877,11.982106440115999,11.982106440115999,oncoming,oncoming,1,1,vehicle
55534.09999998328,26.17650259917784,26.17650259917784,25.853891271759764,25.853891271759764,30.22941325260905,30.22941325260905,29.682821913844425,29.682821913844425,26.40048261052439,26.40048261052439,12.17049850858426,12.17049850858426,12.33500094315437,12.33500094315437,12.31447750437897,12.31447750437897,12.191021947359658,12.191021947359658,oncoming,oncoming,1,1,vehicle
55534.19999998328,26.075003954407258,26.075003954407258,27.072938625852355,27.072938625852355,31.46547596310786,31.46547596310786,30.91676179136102,30.91676179136102,27.621652797599197,27.621652797599197,12.421924089375352,12.421924089375352,12.570799491641736,12.570799491641736,12.552225925930003,12.552225925930003,12.440497655087086,12.440497655087086,oncoming,oncoming,1,1,vehicle
55534.29999998328,25.999404860942875,25.999404860942875,28.338276089692428,28.338276089692428,32.74357315099534,32.74357315099534,32.19326709908832,32.19326709908832,28.88858214159945,28.88858214159945,12.588398622617404,12.588398622617404,12.713914272669683,12.713914272669683,12.69825525183137,12.69825525183137,12.60405764345569,12.60405764345569,oncoming,oncoming,1,1,vehicle
55534.39999998328,25.926687747339255,25.926687747339255,29.59061835043174,29.59061835043174,34.00825881769827,34.00825881769827,33.4564128417837,33.4564128417837,30.142464326346307,30.142464326346307,12.606323349426845,12.606323349426845,12.694969839676105,12.694969839676105,12.683910612286326,12.683910612286326,12.61738257681668,12.61738257681668,oncoming,oncoming,1,1,vehicle
55534.49999998327,25.895085657606224,25.895085657606224,30.859540759448183,30.859540759448183,35.28256711880054,35.28256711880054,34.73004922141561,34.73004922141561,31.412058656833114,31.412058656833114,12.775690548528871,12.775690548528871,12.859929772585275,12.859929772585275,12.849420491153467,12.849420491153467,12.786199829960651,12.786199829960651,oncoming,oncoming,1,1,vehicle
55534.59999998327,25.828087255967002,25.828087255967002,32.145756460008634,32.145756460008634,36.580244772086026,36.580244772086026,36.02629693988516,36.02629693988516,32.6997042922095,32.6997042922095,12.695130474457955,12.695130474457955,12.771886548835141,12.771886548835141,12.762310868653003,12.762310868653003,12.704706154640121,12.704706154640121,oncoming,oncoming,1,1,vehicle
55534.69999998327,25.805431994469835,25.805431994469835,33.39856685430283,33.39856685430283,37.8369444285304,37.8369444285304,37.28251139510907,37.28251139510907,33.95299988772416,33.95299988772416,12.941284860012729,12.941284860012729,12.9539235537421,12.9539235537421,12.95234682450743,12.95234682450743,12.942861589247428,12.942861589247428,oncoming,oncoming,1,1,vehicle
55534.79999998327,25.813358460667356,25.813358460667356,34.734013431973516,34.734013431973516,39.17102948279675,39.17102948279675,38.61676630474894,38.61676630474894,35.28827661002132,35.28827661002132,13.244198761831882,13.244198761831882,13.249032486154704,13.249032486154704,13.248429460750998,13.248429460750998,13.244801787235588,13.244801787235588,oncoming,oncoming,1,1,vehicle
55534.89999998328,25.79980678553539,25.79980678553539,36.04740660682018,36.04740660682018,40.48675092591291,40.48675092591291,39.932197287410766,39.932197287410766,36.601960245322324,36.601960245322324,13.231994980520398,13.231994980520398,13.233939856705831,13.233939856705831,13.233697225684779,13.233697225684779,13.23223761154145,13.23223761154145,oncoming,oncoming,1,1,vehicle
55534.99999998327,25.811093443059583,25.811093443059583,37.38041242813108,37.38041242813108,41.81781745419234,41.81781745419234,41.26350574994021,41.26350574994021,37.93472413238321,37.93472413238321,13.22357907174748,13.22357907174748,13.182731235239828,13.182731235239828,13.18782717375538,13.18782717375538,13.2184831332319,13.2184831332319,preceding,preceding,1,1,vehicle
55535.099999983264,25.847420367387347,25.847420367387347,38.69212242093876,38.69212242093876,43.12329717273067,43.12329717273067,42.56976272193155,42.56976272193155,39.24565687173788,39.24565687173788,13.293926654496147,13.293926654496147,13.223442482143469,13.223442482143469,13.232235715838101,13.232235715838101,13.285133420801571,13.285133420801571,preceding,preceding,1,1,vehicle
55535.19999998326,25.893434105540006,25.893434105540006,40.03919775889747,40.03919775889747,44.46250595048879,44.46250595048879,43.90995289297551,43.90995289297551,40.59175081641075,40.59175081641075,13.045722391428285,13.045722391428285,12.95467005058589,12.95467005058589,12.966029343999423,12.966029343999423,13.034363098014751,13.034363098014751,preceding,preceding,1,1,vehicle
55535.29999998326,25.95418810472886,25.95418810472886,41.301266899186444,41.301266899186444,45.71423118281015,45.71423118281015,45.1629685906937,45.1629685906937,41.852529491302896,41.852529491302896,12.273681337896761,12.273681337896761,12.166772411413689,12.166772411413689,12.180110014943068,12.180110014943068,12.260343734367382,12.260343734367382,preceding,preceding,1,1,vehicle
55535.39999998326,26.019332816684535,26.019332816684535,42.4939340264411,42.4939340264411,46.89586043273612,46.89586043273612,46.34597489592868,46.34597489592868,43.04381956324855,43.04381956324855,11.904513925854246,11.904513925854246,11.776092408805425,11.776092408805425,11.792114028583086,11.792114028583086,11.888492306076614,11.888492306076614,preceding,preceding,1,1,vehicle
55535.49999998327,26.106280714181878,26.106280714181878,43.682169684495236,43.682169684495236,48.069449664707165,48.069449664707165,47.52139139654649,47.52139139654649,44.23022795265591,44.23022795265591,11.638257539409324,11.638257539409324,11.486278842712522,11.486278842712522,11.505239634099809,11.505239634099809,11.619296748022009,11.619296748022009,preceding,preceding,1,1,vehicle
55535.599999983264,26.200425618775782,26.200425618775782,44.82158553438443,44.82158553438443,49.19311620133967,49.19311620133967,48.64702282280974,48.64702282280974,45.367678912914364,45.367678912914364,11.355280638141153,11.355280638141153,11.180992772395967,11.180992772395967,11.20273716718151,11.20273716718151,11.333536243355582,11.333536243355582,preceding,preceding,1,1,vehicle
55535.699999983255,26.315563695492553,26.315563695492553,45.95322581192518,45.95322581192518,50.30564821899111,50.30564821899111,49.76193882978717,49.76193882978717,46.49693520112912,46.49693520112912,11.272471114704416,11.272471114704416,11.09159590051587,11.09159590051587,11.114162465528835,11.114162465528835,11.249904549691422,11.249904549691422,preceding,preceding,1,1,vehicle
55535.79999998325,26.419258396065253,26.419258396065253,47.07607975712847,47.07607975712847,51.41143538124916,51.41143538124916,50.86985531572143,50.86985531572143,47.6176598226562,47.6176598226562,11.063998967846572,11.063998967846572,10.869720792098178,10.869720792098178,10.89395998431877,10.89395998431877,11.03975977562601,11.03975977562601,preceding,preceding,1,1,vehicle
55535.89999998325,26.55283546354181,26.55283546354181,48.166025605457506,48.166025605457506,52.479592377373635,52.479592377373635,51.94073082661382,51.94073082661382,48.70488715621732,48.70488715621732,10.375992741112753,10.375992741112753,10.139351902887654,10.139351902887654,10.168877033646623,10.168877033646623,10.346467610353756,10.346467610353756,preceding,preceding,1,1,vehicle
55535.99999998325,26.711132113342536,26.711132113342536,49.151278305403935,49.151278305403935,53.43930576187884,53.43930576187884,52.903630722503,52.903630722503,49.68695334477977,49.68695334477977,9.701851380355151,9.701851380355151,9.455029580482119,9.455029580482119,9.485825571333407,9.485825571333407,9.671055389503948,9.671055389503948,preceding,preceding,1,1,vehicle
55536.09999998325,26.86051215361428,26.86051215361428,50.106395881500305,50.106395881500305,54.37059829344254,54.37059829344254,53.83789594085289,53.83789594085289,50.63909823408996,50.63909823408996,9.197592272200978,9.197592272200978,8.93271342038878,8.93271342038878,8.965763166063994,8.965763166063994,9.164542526525736,9.164542526525736,preceding,preceding,1,1,vehicle
55536.199999983255,27.04556875237779,27.04556875237779,50.99079675987913,50.99079675987913,55.22584844599007,55.22584844599007,54.69678335574946,54.69678335574946,51.51986185011974,51.51986185011974,8.648001775511943,8.648001775511943,8.371642216375903,8.371642216375903,8.406125177987576,8.406125177987576,8.6135188139003,8.6135188139003,preceding,preceding,1,1,vehicle
55536.29999998325,27.213569637820346,27.213569637820346,51.835996236583235,51.835996236583235,56.04492673669862,56.04492673669862,55.51912097643126,55.51912097643126,52.361801996850595,52.361801996850595,8.107572446607833,8.107572446607833,7.830712789016729,7.830712789016729,7.865259003916606,7.865259003916606,8.0730262317079,8.0730262317079,preceding,preceding,1,1,vehicle
55536.39999998325,27.40418976566765,27.40418976566765,52.61231124916707,52.61231124916707,56.79199100376014,56.79199100376014,56.269835156499475,56.269835156499475,53.134467096427734,53.134467096427734,7.6027185541627205,7.6027185541627205,7.30073976897728,7.30073976897728,7.338421224418937,7.338421224418937,7.56503709872112,7.56503709872112,preceding,preceding,1,1,vehicle
55536.49999998324,27.610107879937125,27.610107879937125,53.356539947398325,53.356539947398325,57.50507469047778,57.50507469047778,56.98680522129861,56.98680522129861,53.87480941657749,53.87480941657749,7.002649032246268,7.002649032246268,6.68800461839146,6.68800461839146,6.727267512888034,6.727267512888034,6.963386137749694,6.963386137749694,preceding,preceding,1,1,vehicle
55536.59999998324,27.823460702455666,27.823460702455666,54.012841055538594,54.012841055538594,58.129591927363855,58.129591927363855,57.61528865900211,57.61528865900211,54.52714432390034,54.52714432390034,6.265425796845022,6.265425796845022,5.931052084879013,5.931052084879013,5.9727780427094785,5.9727780427094785,6.223699839014557,6.223699839014557,preceding,preceding,1,1,vehicle
55536.69999998324,28.06286978387251,28.06286978387251,54.60962510674909,54.60962510674909,58.691285107436315,58.691285107436315,58.18136082982312,58.18136082982312,55.11954938436229,55.11954938436229,5.918832607261038,5.918832607261038,5.5778536957231495,5.5778536957231495,5.620405039119078,5.620405039119078,5.87628126386511,5.87628126386511,preceding,preceding,1,1,vehicle
55536.79999998324,28.292532428426163,28.292532428426163,55.19660757697358,55.19660757697358,59.24516266649225,59.24516266649225,58.739369666809566,58.739369666809566,55.70240057665626,55.70240057665626,5.348918158334357,5.348918158334357,5.003970280983083,5.003970280983083,5.047018162136851,5.047018162136851,5.305870277180645,5.305870277180645,preceding,preceding,1,1,vehicle
55536.89999998325,28.54575771851018,28.54575771851018,55.67940873846308,55.67940873846308,59.69207916367563,59.69207916367563,59.19076446229373,59.19076446229373,56.18072343984498,56.18072343984498,4.74040939010996,4.74040939010996,4.383567320250563,4.383567320250563,4.428100773537153,4.428100773537153,4.695875936823427,4.695875936823427,preceding,preceding,1,1,vehicle
55536.99999998324,28.80064526459194,28.80064526459194,56.14468945502009,56.14468945502009,60.121876130565234,60.121876130565234,59.62498982154007,59.62498982154007,56.64157576404526,56.64157576404526,4.323710754270053,4.323710754270053,3.960626409595534,3.960626409595534,4.005940214569648,4.005940214569648,4.278396949295882,4.278396949295882,preceding,preceding,1,1,vehicle
55537.09999998324,29.0722946479968,29.0722946479968,56.54415088926825,56.54415088926825,60.48420444554948,60.48420444554948,59.991952505161954,59.991952505161954,57.03640282965578,57.03640282965578,3.982580522836031,3.982580522836031,3.6066646078342046,3.6066646078342046,3.6535811909902804,3.6535811909902804,3.935663939679955,3.935663939679955,preceding,preceding,1,1,vehicle
55537.19999998323,29.356013200636873,29.356013200636873,56.9412055595469,56.9412055595469,60.84320905209559,60.84320905209559,60.35570605970114,60.35570605970114,57.42870855194135,57.42870855194135,3.452256574095543,3.452256574095543,3.077086493360241,3.077086493360241,3.123911354466202,3.123911354466202,3.405431712989582,3.405431712989582,preceding,preceding,1,1,vehicle
55537.29999998323,29.6371339306653,29.6371339306653,57.23460220404466,57.23460220404466,61.09962174418273,61.09962174418273,60.61673477601591,60.61673477601591,57.71748917221148,57.71748917221148,3.0992494419602394,3.0992494419602394,2.7205364097960114,2.7205364097960114,2.7678048771967383,2.7678048771967383,3.0519809745595126,3.0519809745595126,preceding,preceding,1,1,vehicle
55537.39999998323,29.937574160199357,29.937574160199357,57.561055447929924,57.561055447929924,61.38731633404688,61.38731633404688,60.90926703513243,60.90926703513243,58.03910474684437,58.03910474684437,3.0717995179604713,3.0717995179604713,2.683252567076522,2.683252567076522,2.7317498571074452,2.7317498571074452,3.0233022279295483,3.0233022279295483,preceding,preceding,1,1,vehicle
55537.49999998323,30.245696092167673,30.245696092167673,57.84896210762781,57.84896210762781,61.63627225759022,61.63627225759022,61.163084747429444,61.163084747429444,58.32214961778859,58.32214961778859,2.6929857713050183,2.6929857713050183,2.306584215535679,2.306584215535679,2.3548151407748605,2.3548151407748605,2.6447548460658936,2.6447548460658936,preceding,preceding,1,1,vehicle
55537.59999998324,30.555152234380298,30.555152234380298,58.09965260221687,58.09965260221687,61.848633177175536,61.848633177175536,61.380230063309476,61.380230063309476,58.56805571608293,58.56805571608293,2.2725815313731914,2.2725815313731914,1.88134015053447,1.88134015053447,1.9301766391875503,1.9301766391875503,2.223745042720111,2.223745042720111,preceding,preceding,1,1,vehicle
55537.699999983226,30.884234944172594,30.884234944172594,58.303478413909474,58.303478413909474,62.01254028770575,62.01254028770575,61.54912007527539,61.54912007527539,58.76689862633983,58.76689862633983,2.1003498021067344,2.1003498021067344,1.704715688488477,1.704715688488477,1.7541019269926892,1.7541019269926892,2.0509635636024655,2.0509635636024655,preceding,preceding,1,1,vehicle
55537.799999983225,31.214426448950775,31.214426448950775,58.51972256260335,58.51972256260335,62.18957631484537,62.18957631484537,61.73105044867929,61.73105044867929,58.978248428769426,58.978248428769426,1.9299997197591097,1.9299997197591097,1.5394336126827852,1.5394336126827852,1.5881886413538382,1.5881886413538382,1.8812446910879999,1.8812446910879999,preceding,preceding,1,1,vehicle
55537.89999998322,31.549112185536607,31.549112185536607,58.68947835785568,58.68947835785568,62.32042701023782,62.32042701023782,61.86675780354154,61.86675780354154,59.14314756455196,59.14314756455196,1.6172778612605612,1.6172778612605612,1.2265271583592607,1.2265271583592607,1.2753066288829586,1.2753066288829586,1.5684983907368633,1.5684983907368633,preceding,preceding,1,1,vehicle
55537.99999998322,31.894065713922373,31.894065713922373,58.84317813485075,58.84317813485075,62.434881746513646,62.434881746513646,61.98611177445217,61.98611177445217,59.29194810691223,59.29194810691223,1.4503831156320643,1.4503831156320643,1.0695847975914035,1.0695847975914035,1.1171231627193379,1.1171231627193379,1.40284475050413,1.40284475050413,preceding,preceding,1,1,vehicle
55538.09999998322,32.22548479500628,32.22548479500628,58.979554980977866,58.979554980977866,62.534343969752996,62.534343969752996,62.09018243608216,62.09018243608216,59.4237165146487,59.4237165146487,1.64084533664618,1.64084533664618,1.2642244027956622,1.2642244027956622,1.3112425748083751,1.3112425748083751,1.5938271646334101,1.5938271646334101,preceding,preceding,1,1,vehicle
55538.199999983226,32.577709859876435,32.577709859876435,59.171347202191185,59.171347202191185,62.68772662708221,62.68772662708221,62.248360289423516,62.248360289423516,59.61071353984988,59.61071353984988,1.4900268949585325,1.4900268949585325,1.110440177837745,1.110440177837745,1.1578298527089714,1.1578298527089714,1.4426372200872493,1.4426372200872493,preceding,preceding,1,1,vehicle
55538.299999983225,32.929168896221114,32.929168896221114,59.277560359982296,59.277560359982296,62.756432005331554,62.756432005331554,62.32174840663518,62.32174840663518,59.71224395867867,59.71224395867867,1.3405477285065217,1.3405477285065217,0.9619719679251943,0.9619719679251943,1.0092366972680793,1.0092366972680793,1.2932829991636936,1.2932829991636936,preceding,preceding,1,1,vehicle
55538.399999983216,33.295059334953486,33.295059334953486,59.43945674787479,59.43945674787479,62.880121020653455,62.880121020653455,62.45020762886285,62.45020762886285,59.8693701396654,59.8693701396654,1.3709541119382038,1.3709541119382038,0.9944641195043005,0.9944641195043005,1.041469657531934,1.041469657531934,1.3239485739105703,1.3239485739105703,preceding,preceding,1,1,vehicle
55538.499999983214,33.658111011463774,33.658111011463774,59.55175118235236,59.55175118235236,62.95532482921875,62.95532482921875,62.530042338127416,62.530042338127416,59.9770336734437,59.9770336734437,1.4085682803376471,1.4085682803376471,1.0512076208264602,1.0512076208264602,1.0958259327363749,1.0958259327363749,1.3639499684277325,1.3639499684277325,preceding,preceding,1,1,vehicle
55538.59999998321,34.00178211477968,34.00178211477968,59.721170403938224,59.721170403938224,63.09036254481568,63.09036254481568,62.66937281540693,62.66937281540693,60.14216013334698,60.14216013334698,1.4245178738195818,1.4245178738195818,1.077413868072199,1.077413868072199,1.1207526438826676,1.1207526438826676,1.3811790980091132,1.3811790980091132,preceding,preceding,1,1,vehicle
55538.69999998321,34.35931875218301,34.35931875218301,59.83665475711212,59.83665475711212,63.17080760283006,63.17080760283006,62.75419286690068,62.75419286690068,60.2532694930415,60.2532694930415,1.2824876836170915,1.2824876836170915,0.9358100396070768,0.9358100396070768,0.979096577881819,0.979096577881819,1.239201145342406,1.239201145342406,preceding,preceding,1,1,vehicle
55538.79999998321,34.71662431711228,34.71662431711228,59.97766794065791,59.97766794065791,63.27752455273438,63.27752455273438,62.86519213098044,62.86519213098044,60.39000036241185,60.39000036241185,1.2583976520663782,1.2583976520663782,0.9118145246081326,0.9118145246081326,0.9550902679199567,0.9550902679199567,1.2151219087545542,1.2151219087545542,preceding,preceding,1,1,vehicle
55538.899999983216,35.08921838461805,35.08921838461805,60.08833428752869,60.08833428752869,63.35317050775341,63.35317050775341,62.945210920486595,62.945210920486595,60.496293874795505,60.496293874795505,1.401928951186619,1.401928951186619,1.0687367778457997,1.0687367778457997,1.1103413746664614,1.1103413746664614,1.3603243543659005,1.3603243543659005,preceding,preceding,1,1,vehicle
55538.999999983214,35.432545082380436,35.432545082380436,60.25805373089706,60.25805373089706,63.49127190830366,63.49127190830366,63.08726040591407,63.08726040591407,60.66206523328665,60.66206523328665,1.4387957150119632,1.4387957150119632,1.1262888286059365,1.1262888286059365,1.1653113591697775,1.1653113591697775,1.3997731844481223,1.3997731844481223,preceding,preceding,1,1,vehicle
55539.099999983206,35.77443729516736,35.77443729516736,60.376093430520186,60.376093430520186,63.57842827346683,63.57842827346683,63.178273192312396,63.178273192312396,60.776248511674616,60.776248511674616,1.6731266059832137,1.6731266059832137,1.3533275314553634,1.3533275314553634,1.3932614645353851,1.3932614645353851,1.633192672903192,1.633192672903192,preceding,preceding,1,1,vehicle
55539.1999999832,36.14799648465591,36.14799648465591,60.59267905206449,60.59267905206449,63.7619374145711,63.7619374145711,63.36591269879682,63.36591269879682,60.98870376783877,60.98870376783877,1.5605291455679549,1.5605291455679549,1.2517801508419666,1.2517801508419666,1.2903349711873489,1.2903349711873489,1.5219743252225157,1.5219743252225157,preceding,preceding,1,1,vehicle
55539.2999999832,36.47819271948441,36.47819271948441,60.688199259611615,60.688199259611615,63.82878430361459,63.82878430361459,63.43634018652905,63.43634018652905,61.080643376697154,61.080643376697154,0.9963436996886799,0.9963436996886799,0.7073282011336914,0.7073282011336914,0.7434195237423751,0.7434195237423751,0.9602523770799962,0.9602523770799962,preceding,preceding,1,1,vehicle
55539.3999999832,36.81987579149931,36.81987579149931,60.79194779200598,60.79194779200598,63.90340305480036,63.90340305480036,63.51459660354797,63.51459660354797,61.18075424325836,61.18075424325836,1.272808014682937,1.272808014682937,0.988608698497103,0.988608698497103,1.0240992178243573,1.0240992178243573,1.2373174953556259,1.2373174953556259,preceding,preceding,1,1,vehicle
55539.4999999832,37.15089574730781,37.15089574730781,60.942760862544496,60.942760862544496,64.02650604331113,64.02650604331113,63.641160030090944,63.641160030090944,61.328106875764675,61.328106875764675,1.5630628007724,1.5630628007724,1.2877896419616945,1.2877896419616945,1.3221660737906973,1.3221660737906973,1.5286863689433972,1.5286863689433972,preceding,preceding,1,1,vehicle
55539.599999983206,37.483431656646864,37.483431656646864,61.104560352168086,61.104560352168086,64.16096098319915,64.16096098319915,63.7790298183127,63.7790298183127,61.486491517054525,61.486491517054525,1.7058377874685675,1.7058377874685675,1.4434256967767851,1.4434256967767851,1.4761965556888867,1.4761965556888867,1.6730669285565227,1.6730669285565227,preceding,preceding,1,1,vehicle
55539.6999999832,37.79442375358633,37.79442375358633,61.28392842003069,61.28392842003069,64.3151911826594,64.3151911826594,63.93639934122159,63.93639934122159,61.66272026146851,61.66272026146851,1.7218516990177477,1.7218516990177477,1.4777877500910108,1.4777877500910108,1.5082677083888143,1.5082677083888143,1.6913717407198874,1.6913717407198874,preceding,preceding,1,1,vehicle
55539.7999999832,38.092069567333816,38.092069567333816,61.44893069196452,61.44893069196452,64.45651853321117,64.45651853321117,64.08068335998416,64.08068335998416,61.824765865191516,61.824765865191516,1.6567328413357245,1.6567328413357245,1.419976354570906,1.419976354570906,1.4495441556381365,1.4495441556381365,1.6271650402684372,1.6271650402684372,preceding,preceding,1,1,vehicle
55539.8999999832,38.39445616760355,38.39445616760355,61.61527498830497,61.61527498830497,64.59918645357968,64.59918645357968,64.22630817235544,64.22630817235544,61.9881532695292,61.9881532695292,1.4238974714411938,1.4238974714411938,1.1930675566925402,1.1930675566925402,1.2218956050914471,1.2218956050914471,1.3950694230424006,1.3950694230424006,preceding,preceding,1,1,vehicle
55539.99999998319,38.68616239755055,38.68616239755055,61.733710186241744,61.733710186241744,64.69513204454093,64.69513204454093,64.32506248099342,64.32506248099342,62.10377974978926,62.10377974978926,1.184351979471169,1.184351979471169,0.9594559096962726,0.9594559096962726,0.9875430864660112,0.9875430864660112,1.1562648027015725,1.1562648027015725,preceding,preceding,1,1,vehicle
