distance_gt_m,ape_deg,ase_deg_per_s,dee_m,orientation_gt,orientation_pred,object_id_pred,object_track_id_gt
13.06830860403754,0.0,0.0,0.0,preceding,preceding,1,1
13.104510041764074,0.0,0.0,0.0,preceding,preceding,1,1
13.124296071652353,0.0,0.0,0.0,preceding,preceding,1,1
13.163237898531012,0.0,0.0,0.0,preceding,preceding,1,1
13.215983091676751,0.0,0.0,0.0,preceding,preceding,1,1
13.274681862092836,0.0,0.0,0.0,preceding,preceding,1,1
13.349903347440192,0.0,0.0,0.0,preceding,preceding,1,1
13.425081126219764,0.0,0.0,0.0,preceding,preceding,1,1
13.5256223375432,0.0,0.0,0.0,preceding,preceding,1,1
13.650662194472265,0.0,0.0,0.0,preceding,preceding,1,1
13.802652255732283,0.0,0.0,0.0,preceding,preceding,1,1
13.95286808278634,0.0,0.0,0.0,preceding,preceding,1,1
14.139638027897831,0.0,0.0,0.0,preceding,preceding,1,1
14.345348548160429,0.0,0.0,0.0,preceding,preceding,1,1
14.561610326582876,0.0,0.0,0.0,preceding,preceding,1,1
14.803541350542966,0.0,0.0,0.0,preceding,preceding,1,1
15.074346729676453,0.0,0.0,0.0,preceding,preceding,1,1
15.364204940693854,0.0,0.0,0.0,preceding,preceding,1,1
15.650516088384236,0.0,0.0,0.0,preceding,preceding,1,1
15.986521242991245,0.0,0.0,0.0,preceding,preceding,1,1
16.32827010235526,0.0,0.0,0.0,preceding,preceding,1,1
16.67722942587035,0.0,0.0,0.0,preceding,preceding,1,1
17.05417704257636,0.0,0.0,0.0,preceding,preceding,1,1
17.438439635404965,0.0,0.0,0.0,preceding,preceding,1,1
17.85737836546445,0.0,0.0,0.0,preceding,preceding,1,1
18.261775008972258,0.0,0.0,0.0,preceding,preceding,1,1
18.67700549836502,0.0,0.0,0.0,preceding,preceding,1,1
19.08768595368124,0.0,0.0,0.0,preceding,preceding,1,1
19.541522215264045,0.0,0.0,0.0,preceding,preceding,1,1
19.977516273894,0.0,0.0,0.0,preceding,preceding,1,1
20.44844429852991,0.0,0.0,0.0,preceding,preceding,1,1
20.9062260948892,0.0,0.0,0.0,preceding,preceding,1,1
21.372428936432318,0.0,0.0,0.0,preceding,preceding,1,1
21.854052246977155,0.0,0.0,0.0,preceding,preceding,1,1
22.353877637655213,0.0,0.0,0.0,preceding,preceding,1,1
22.83766754306024,0.0,0.0,0.0,preceding,preceding,1,1
23.35772427640932,0.0,0.0,0.0,preceding,preceding,1,1
23.858685941259537,0.0,0.0,0.0,preceding,preceding,1,1
24.369294428571543,0.0,0.0,0.0,preceding,preceding,1,1
24.89289392717915,0.0,0.0,0.0,preceding,preceding,1,1
25.427925243420248,0.0,0.0,0.0,preceding,preceding,1,1
25.95050939757131,0.0,0.0,0.0,preceding,preceding,1,1
26.470589372548755,0.0,0.0,0.0,preceding,preceding,1,1
26.986981004065157,0.0,0.0,0.0,preceding,preceding,1,1
27.50448489555618,0.0,0.0,0.0,preceding,preceding,1,1
28.007534940624023,0.0,0.0,0.0,preceding,preceding,1,1
28.517974758618696,0.0,0.0,0.0,preceding,preceding,1,1
29.030074496882897,0.0,0.0,0.0,preceding,preceding,1,1
29.50903051888653,0.0,0.0,0.0,preceding,preceding,1,1
29.987278379500182,0.0,0.0,0.0,preceding,preceding,1,1
30.47101085960689,0.0,0.0,0.0,preceding,preceding,1,1
30.96658541533795,0.0,0.0,0.0,preceding,preceding,1,1
31.426367298403168,0.0,0.0,0.0,preceding,preceding,1,1
31.896249748916635,0.0,0.0,0.0,preceding,preceding,1,1
32.3565843986913,0.0,0.0,0.0,preceding,preceding,1,1
32.825958986339614,0.0,0.0,0.0,preceding,preceding,1,1
33.297440057128455,0.0,0.0,0.0,preceding,preceding,1,1
33.752285227999955,0.0,0.0,0.0,preceding,preceding,1,1
34.215661851971426,0.0,0.0,0.0,preceding,preceding,1,1
34.67228194460072,0.0,0.0,0.0,preceding,preceding,1,1
35.14251088821371,0.0,0.0,0.0,preceding,preceding,1,1
35.610648558014994,0.0,0.0,0.0,preceding,preceding,1,1
36.04151229389305,0.0,0.0,0.0,preceding,preceding,1,1
36.49685315149596,0.0,0.0,0.0,preceding,preceding,1,1
36.95790514868138,0.0,0.0,0.0,preceding,preceding,1,1
37.41741655311029,0.0,0.0,0.0,preceding,preceding,1,1
37.865953616060665,0.0,0.0,0.0,preceding,preceding,1,1
38.323318005972055,0.0,0.0,0.0,preceding,preceding,1,1
38.76338077790478,0.0,0.0,0.0,preceding,preceding,1,1
39.19897633116787,0.0,0.0,0.0,preceding,preceding,1,1
39.64260074952588,0.0,0.0,0.0,preceding,preceding,1,1
40.07633959510497,0.0,0.0,0.0,preceding,preceding,1,1
40.51807574601836,0.0,0.0,0.0,preceding,preceding,1,1
40.95931325138999,0.0,0.0,0.0,preceding,preceding,1,1
41.386499541574096,0.0,0.0,0.0,preceding,preceding,1,1
41.78575568840622,0.0,0.0,0.0,preceding,preceding,1,1
42.22360921511647,0.0,0.0,0.0,preceding,preceding,1,1
42.65129164284536,0.0,0.0,0.0,preceding,preceding,1,1
43.05210761480875,0.0,0.0,0.0,preceding,preceding,1,1
43.45004265273506,0.0,0.0,0.0,preceding,preceding,1,1
43.853534202840265,0.0,0.0,0.0,preceding,preceding,1,1
44.24564000281994,0.0,0.0,0.0,preceding,preceding,1,1
44.63378591965948,0.0,0.0,0.0,preceding,preceding,1,1
45.02265400323083,0.0,0.0,0.0,preceding,preceding,1,1
45.40246103729141,0.0,0.0,0.0,preceding,preceding,1,1
45.7618094729642,0.0,0.0,0.0,preceding,preceding,1,1
46.13269793923354,0.0,0.0,0.0,preceding,preceding,1,1
46.51031522764437,0.0,0.0,0.0,preceding,preceding,1,1
46.87130973858375,0.0,0.0,0.0,preceding,preceding,1,1
47.234308916153225,0.0,0.0,0.0,preceding,preceding,1,1
47.59035997882965,0.0,0.0,0.0,preceding,preceding,1,1
47.93557157211291,0.0,0.0,0.0,preceding,preceding,1,1
48.28949726201686,0.0,0.0,0.0,preceding,preceding,1,1
48.63749437496431,0.0,0.0,0.0,preceding,preceding,1,1
48.963844058756095,0.0,0.0,0.0,preceding,preceding,1,1
49.30831369109399,0.0,0.0,0.0,preceding,preceding,1,1
49.63725680382531,0.0,0.0,0.0,preceding,preceding,1,1
49.97097050122689,0.0,0.0,0.0,preceding,preceding,1,1
50.28391727762474,0.0,0.0,0.0,preceding,preceding,1,1
50.61647983724768,0.0,0.0,0.0,preceding,preceding,1,1
50.933247474127874,0.0,0.0,0.0,preceding,preceding,1,1
51.23727376702018,0.0,0.0,0.0,preceding,preceding,1,1
51.5533177935396,0.0,0.0,0.0,preceding,preceding,1,1
51.85639693383269,0.0,0.0,0.0,preceding,preceding,1,1
52.16832989933381,0.0,0.0,0.0,preceding,preceding,1,1
52.457013254444206,0.0,0.0,0.0,preceding,preceding,1,1
52.757576575430136,0.0,0.0,0.0,preceding,preceding,1,1
53.04774550313245,0.0,0.0,0.0,preceding,preceding,1,1
53.3553193605986,0.0,0.0,0.0,preceding,preceding,1,1
53.63399816207741,0.0,0.0,0.0,preceding,preceding,1,1
53.90997058585424,0.0,0.0,0.0,preceding,preceding,1,1
54.17544275670076,0.0,0.0,0.0,preceding,preceding,1,1
54.439616476164986,0.0,0.0,0.0,preceding,preceding,1,1
54.71648267170606,0.0,0.0,0.0,preceding,preceding,1,1
54.984816164202,0.0,0.0,0.0,preceding,preceding,1,1
55.23996713592357,0.0,0.0,0.0,preceding,preceding,1,1
55.49473947691185,0.0,0.0,0.0,preceding,preceding,1,1
55.765916048317685,0.0,0.0,0.0,preceding,preceding,1,1
56.02220071015089,0.0,0.0,0.0,preceding,preceding,1,1
56.26723665122611,0.0,0.0,0.0,preceding,preceding,1,1
56.51472665424343,0.0,0.0,0.0,preceding,preceding,1,1
56.759419769053046,0.0,0.0,0.0,preceding,preceding,1,1
57.01116187071674,0.0,0.0,0.0,preceding,preceding,1,1
57.24730874240159,0.0,0.0,0.0,preceding,preceding,1,1
57.50082555423734,0.0,0.0,0.0,preceding,preceding,1,1
57.73355003530623,0.0,0.0,0.0,preceding,preceding,1,1
57.9811177182278,0.0,0.0,0.0,preceding,preceding,1,1
58.22020325393686,0.0,0.0,0.0,preceding,preceding,1,1
58.454856484122345,0.0,0.0,0.0,preceding,preceding,1,1
58.68798989769198,0.0,0.0,0.0,preceding,preceding,1,1
58.94122859780245,0.0,0.0,0.0,preceding,preceding,1,1
59.15725497523882,0.0,0.0,0.0,preceding,preceding,1,1
59.40467319646655,0.0,0.0,0.0,preceding,preceding,1,1
59.63917183096095,0.0,0.0,0.0,preceding,preceding,1,1
59.87386593032456,0.0,0.0,0.0,preceding,preceding,1,1
60.10253051810683,0.0,0.0,0.0,preceding,preceding,1,1
60.33392129535414,0.0,0.0,0.0,preceding,preceding,1,1
60.56206536925429,0.0,0.0,0.0,preceding,preceding,1,1
60.78752715977885,0.0,0.0,0.0,preceding,preceding,1,1
61.01914500953405,0.0,0.0,0.0,preceding,preceding,1,1
61.24126737182975,0.0,0.0,0.0,preceding,preceding,1,1
61.46499343475028,0.0,0.0,0.0,preceding,preceding,1,1
61.70554912072834,0.0,0.0,0.0,preceding,preceding,1,1
61.925938380872736,0.0,0.0,0.0,preceding,preceding,1,1
62.14791782183509,0.0,0.0,0.0,preceding,preceding,1,1
62.359518446087456,0.0,0.0,0.0,preceding,preceding,1,1
62.58063771215794,0.0,0.0,0.0,preceding,preceding,1,1
62.791239065697845,0.0,0.0,0.0,preceding,preceding,1,1
63.019371125688096,0.0,0.0,0.0,preceding,preceding,1,1
63.22650319629442,0.0,0.0,0.0,preceding,preceding,1,1
63.43368703230461,0.0,0.0,0.0,preceding,preceding,1,1
63.63434572352924,0.0,0.0,0.0,preceding,preceding,1,1
63.82462572683339,0.0,0.0,0.0,preceding,preceding,1,1
64.03237536063097,0.0,0.0,0.0,preceding,preceding,1,1
64.22318216065541,0.0,0.0,0.0,preceding,preceding,1,1
64.42745726593111,0.0,0.0,0.0,preceding,preceding,1,1
64.60354829547354,0.0,0.0,0.0,preceding,preceding,1,1
64.80132735651195,0.0,0.0,0.0,preceding,preceding,1,1
64.97149838791005,0.0,0.0,0.0,preceding,preceding,1,1
65.16327960516686,0.0,0.0,0.0,preceding,preceding,1,1
65.33095975610968,0.0,0.0,0.0,preceding,preceding,1,1
65.52974658186115,0.0,0.0,0.0,preceding,preceding,1,1
65.69406723609697,0.0,0.0,0.0,preceding,preceding,1,1
65.87348625277133,0.0,0.0,0.0,preceding,preceding,1,1
66.04482591183489,0.0,0.0,0.0,preceding,preceding,1,1
66.23123906339424,0.0,0.0,0.0,preceding,preceding,1,1
66.4006643124963,0.0,0.0,0.0,preceding,preceding,1,1
66.56597197998303,0.0,0.0,0.0,preceding,preceding,1,1
66.74247340152887,0.0,0.0,0.0,preceding,preceding,1,1
66.92070194447832,0.0,0.0,0.0,preceding,preceding,1,1
67.0841677090748,0.0,0.0,0.0,preceding,preceding,1,1
67.25469325500579,0.0,0.0,0.0,preceding,preceding,1,1
67.42945315370063,0.0,0.0,0.0,preceding,preceding,1,1
67.5939500459124,0.0,0.0,0.0,preceding,preceding,1,1
67.76019666872483,0.0,0.0,0.0,preceding,preceding,1,1
67.91581884332516,0.0,0.0,0.0,preceding,preceding,1,1
68.07149818765359,0.0,0.0,0.0,preceding,preceding,1,1
68.23172393258987,0.0,0.0,0.0,preceding,preceding,1,1
68.38555612249017,0.0,0.0,0.0,preceding,preceding,1,1
68.55280451213687,0.0,0.0,0.0,preceding,preceding,1,1
68.69909432177846,0.0,0.0,0.0,preceding,preceding,1,1
68.84153469638741,0.0,0.0,0.0,preceding,preceding,1,1
68.98562198581872,0.0,0.0,0.0,preceding,preceding,1,1
69.13255193189927,0.0,0.0,0.0,preceding,preceding,1,1
69.29191336796026,0.0,0.0,0.0,preceding,preceding,1,1
69.43797331256908,0.0,0.0,0.0,preceding,preceding,1,1
69.58429275920113,0.0,0.0,0.0,preceding,preceding,1,1
69.71754939170332,0.0,0.0,0.0,preceding,preceding,1,1
69.84541979437284,0.0,0.0,0.0,preceding,preceding,1,1
70.00032939395022,0.0,0.0,0.0,preceding,preceding,1,1
70.14483094033875,0.0,0.0,0.0,preceding,preceding,1,1
70.26404655408962,0.0,0.0,0.0,preceding,preceding,1,1
70.41305758818496,0.0,0.0,0.0,preceding,preceding,1,1
70.54100745038933,0.0,0.0,0.0,preceding,preceding,1,1
70.66654847521134,0.0,0.0,0.0,preceding,preceding,1,1
70.80158561952045,0.0,0.0,0.0,preceding,preceding,1,1
70.90606448497093,0.0,0.0,0.0,preceding,preceding,1,1
71.03506146334287,0.0,0.0,0.0,preceding,preceding,1,1
71.15884995049024,0.0,0.0,0.0,preceding,preceding,1,1
71.26702729135258,0.0,0.0,0.0,preceding,preceding,1,1
71.39560499365122,0.0,0.0,0.0,preceding,preceding,1,1
71.51866135383457,0.0,0.0,0.0,preceding,preceding,1,1
71.63376547553236,0.0,0.0,0.0,preceding,preceding,1,1
71.74778948934768,0.0,0.0,0.0,preceding,preceding,1,1
71.85141068206903,0.0,0.0,0.0,preceding,preceding,1,1
71.972460292879,0.0,0.0,0.0,preceding,preceding,1,1
72.07796196914595,0.0,0.0,0.0,preceding,preceding,1,1
72.16311426478205,0.0,0.0,0.0,preceding,preceding,1,1
72.26614038601362,0.0,0.0,0.0,preceding,preceding,1,1
72.342735462113,0.0,0.0,0.0,preceding,preceding,1,1
72.42313044533509,0.0,0.0,0.0,preceding,preceding,1,1
72.50923226475652,0.0,0.0,0.0,preceding,preceding,1,1
72.57422253555966,0.0,0.0,0.0,preceding,preceding,1,1
72.6563793204619,0.0,0.0,0.0,preceding,preceding,1,1
72.73867555741973,0.0,0.0,0.0,preceding,preceding,1,1
72.80293669865581,0.0,0.0,0.0,preceding,preceding,1,1
72.84745674478714,0.0,0.0,0.0,preceding,preceding,1,1
72.91329345887209,0.0,0.0,0.0,preceding,preceding,1,1
72.94092235620937,0.0,0.0,0.0,preceding,preceding,1,1
72.97544984765163,0.0,0.0,0.0,preceding,preceding,1,1
73.01527279900331,0.0,0.0,0.0,preceding,preceding,1,1
73.02926889238906,0.0,0.0,0.0,preceding,preceding,1,1
73.08137228522958,0.0,0.0,0.0,preceding,preceding,1,1
73.09514944198038,0.0,0.0,0.0,preceding,preceding,1,1
73.09225821609039,0.0,0.0,0.0,preceding,preceding,1,1
73.09980953731132,0.0,0.0,0.0,preceding,preceding,1,1
73.10177437465273,0.0,0.0,0.0,preceding,preceding,1,1
73.10766201283866,0.0,0.0,0.0,oncoming,oncoming,1,1
73.09873096894019,0.0,0.0,0.0,oncoming,oncoming,1,1
73.07892974402485,0.0,0.0,0.0,oncoming,oncoming,1,1
73.04769708460587,0.0,0.0,0.0,oncoming,oncoming,1,1
73.03167968914005,0.0,0.0,0.0,oncoming,oncoming,1,1
72.99294726109352,0.0,0.0,0.0,oncoming,oncoming,1,1
72.9466934676271,0.0,0.0,0.0,oncoming,oncoming,1,1
72.9016827412088,0.0,0.0,0.0,oncoming,oncoming,1,1
72.83834050671611,0.0,0.0,0.0,oncoming,oncoming,1,1
72.78028573668009,0.0,0.0,0.0,oncoming,oncoming,1,1
72.7065772111533,0.0,0.0,0.0,oncoming,oncoming,1,1
72.63842059754663,0.0,0.0,0.0,oncoming,oncoming,1,1
72.57258050466822,0.0,0.0,0.0,oncoming,oncoming,1,1
72.48181574035638,0.0,0.0,0.0,oncoming,oncoming,1,1
72.37922677239561,0.0,0.0,0.0,oncoming,oncoming,1,1
72.28072144864308,0.0,0.0,0.0,oncoming,oncoming,1,1
72.19920024406048,0.0,0.0,0.0,oncoming,oncoming,1,1
72.0662496164737,0.0,0.0,0.0,oncoming,oncoming,1,1
71.97271459755093,0.0,0.0,0.0,oncoming,oncoming,1,1
71.84890298688573,0.0,0.0,0.0,oncoming,oncoming,1,1
71.71277519905836,0.0,0.0,0.0,oncoming,oncoming,1,1
71.60866568900754,0.0,0.0,0.0,oncoming,oncoming,1,1
71.46585873877872,0.0,0.0,0.0,oncoming,oncoming,1,1
71.34513734123883,0.0,0.0,0.0,oncoming,oncoming,1,1
71.204008248194,0.0,0.0,0.0,oncoming,oncoming,1,1
71.06806376573851,0.0,0.0,0.0,oncoming,oncoming,1,1
70.90752309029905,0.0,0.0,0.0,oncoming,oncoming,1,1
70.74427577670888,0.0,0.0,0.0,oncoming,oncoming,1,1
70.58129035094994,0.0,0.0,0.0,oncoming,oncoming,1,1
70.43051734393228,0.0,0.0,0.0,oncoming,oncoming,1,1
70.24959634412193,0.0,0.0,0.0,oncoming,oncoming,1,1
70.08885448860146,0.0,0.0,0.0,oncoming,oncoming,1,1
69.90983728685949,0.0,0.0,0.0,oncoming,oncoming,1,1
69.73151155683902,0.0,0.0,0.0,oncoming,oncoming,1,1
69.53722979898576,0.0,0.0,0.0,oncoming,oncoming,1,1
69.35226453998625,0.0,0.0,0.0,oncoming,oncoming,1,1
69.16634443069158,0.0,0.0,0.0,oncoming,oncoming,1,1
68.96458418755091,0.0,0.0,0.0,oncoming,oncoming,1,1
68.77316636211565,0.0,0.0,0.0,oncoming,oncoming,1,1
68.56687785222229,0.0,0.0,0.0,oncoming,oncoming,1,1
68.35828610097953,0.0,0.0,0.0,oncoming,oncoming,1,1
68.14385233374003,0.0,0.0,0.0,oncoming,oncoming,1,1
67.91073299842706,0.0,0.0,0.0,oncoming,oncoming,1,1
67.69037058517293,0.0,0.0,0.0,oncoming,oncoming,1,1
67.4424648489429,0.0,0.0,0.0,oncoming,oncoming,1,1
67.20536976629582,0.0,0.0,0.0,oncoming,oncoming,1,1
66.97080820834664,0.0,0.0,0.0,oncoming,oncoming,1,1
66.70948425358192,0.0,0.0,0.0,oncoming,oncoming,1,1
66.4802858638066,0.0,0.0,0.0,oncoming,oncoming,1,1
66.21199289424865,0.0,0.0,0.0,oncoming,oncoming,1,1
65.9568508454724,0.0,0.0,0.0,oncoming,oncoming,1,1
65.701101231706,0.0,0.0,0.0,oncoming,oncoming,1,1
65.44029977754457,0.0,0.0,0.0,oncoming,oncoming,1,1
65.18128703856324,0.0,0.0,0.0,oncoming,oncoming,1,1
64.89560106260312,0.0,0.0,0.0,oncoming,oncoming,1,1
64.62250121369509,0.0,0.0,0.0,oncoming,oncoming,1,1
64.36653499690638,0.0,0.0,0.0,oncoming,oncoming,1,1
64.0971362920884,0.0,0.0,0.0,oncoming,oncoming,1,1
63.81476386454028,0.0,0.0,0.0,oncoming,oncoming,1,1
63.55625496417719,0.0,0.0,0.0,oncoming,oncoming,1,1
63.28008208073745,0.0,0.0,0.0,oncoming,oncoming,1,1
62.98254088132698,0.0,0.0,0.0,oncoming,oncoming,1,1
62.72704957629334,0.0,0.0,0.0,oncoming,oncoming,1,1
62.43116014708757,0.0,0.0,0.0,oncoming,oncoming,1,1
62.13596297512739,0.0,0.0,0.0,oncoming,oncoming,1,1
61.87006385482878,0.0,0.0,0.0,oncoming,oncoming,1,1
61.57420512440486,0.0,0.0,0.0,oncoming,oncoming,1,1
61.267502572910736,0.0,0.0,0.0,oncoming,oncoming,1,1
60.97043665000108,0.0,0.0,0.0,oncoming,oncoming,1,1
60.67427108252216,0.0,0.0,0.0,oncoming,oncoming,1,1
60.376830697594336,0.0,0.0,0.0,oncoming,oncoming,1,1
60.06661717965822,0.0,0.0,0.0,oncoming,oncoming,1,1
59.7687957369639,0.0,0.0,0.0,oncoming,oncoming,1,1
59.46999002153628,0.0,0.0,0.0,oncoming,oncoming,1,1
59.16885423344401,0.0,0.0,0.0,oncoming,oncoming,1,1
58.85679032148049,0.0,0.0,0.0,oncoming,oncoming,1,1
58.52516655140143,0.0,0.0,0.0,oncoming,oncoming,1,1
58.22232832595533,0.0,0.0,0.0,oncoming,oncoming,1,1
57.93048377785157,0.0,0.0,0.0,oncoming,oncoming,1,1
57.59679150222816,0.0,0.0,0.0,oncoming,oncoming,1,1
57.29176517234748,0.0,0.0,0.0,oncoming,oncoming,1,1
56.969428566906906,0.0,0.0,0.0,oncoming,oncoming,1,1
56.65351916244461,0.0,0.0,0.0,oncoming,oncoming,1,1
56.34704738192372,0.0,0.0,0.0,oncoming,oncoming,1,1
56.01137834934143,0.0,0.0,0.0,oncoming,oncoming,1,1
55.705204465929135,0.0,0.0,0.0,oncoming,oncoming,1,1
55.3804137850185,0.0,0.0,0.0,oncoming,oncoming,1,1
55.06250727031384,0.0,0.0,0.0,oncoming,oncoming,1,1
54.758503640289305,0.0,0.0,0.0,oncoming,oncoming,1,1
54.43311728995334,0.0,0.0,0.0,oncoming,oncoming,1,1
54.12754544285626,0.0,0.0,0.0,oncoming,oncoming,1,1
53.81454312677936,0.0,0.0,0.0,oncoming,oncoming,1,1
53.52038162410789,0.0,0.0,0.0,oncoming,oncoming,1,1
53.21396057186824,0.0,0.0,0.0,oncoming,oncoming,1,1
52.901659718278864,0.0,0.0,0.0,oncoming,oncoming,1,1
52.60731607461615,0.0,0.0,0.0,oncoming,oncoming,1,1
52.32435068271416,0.0,0.0,0.0,oncoming,oncoming,1,1
52.029325848718734,0.0,0.0,0.0,oncoming,oncoming,1,1
51.74643470664528,0.0,0.0,0.0,oncoming,oncoming,1,1
51.46284154950859,0.0,0.0,0.0,oncoming,oncoming,1,1
51.1689686728284,0.0,0.0,0.0,oncoming,oncoming,1,1
50.89727655293168,0.0,0.0,0.0,oncoming,oncoming,1,1
50.613880635850734,0.0,0.0,0.0,oncoming,oncoming,1,1
50.34336954007572,0.0,0.0,0.0,oncoming,oncoming,1,1
50.09022783375815,0.0,0.0,0.0,oncoming,oncoming,1,1
49.8190817580251,0.0,0.0,0.0,oncoming,oncoming,1,1
49.55898946621415,0.0,0.0,0.0,oncoming,oncoming,1,1
49.31735344301245,0.0,0.0,0.0,oncoming,oncoming,1,1
49.05759861789674,0.0,0.0,0.0,oncoming,oncoming,1,1
48.825930349507786,0.0,0.0,0.0,oncoming,oncoming,1,1
48.5644981570086,0.0,0.0,0.0,oncoming,oncoming,1,1
48.33357714595685,0.0,0.0,0.0,oncoming,oncoming,1,1
48.10297086288576,0.0,0.0,0.0,oncoming,oncoming,1,1
47.87223723125621,0.0,0.0,0.0,oncoming,oncoming,1,1
47.65321983518011,0.0,0.0,0.0,oncoming,oncoming,1,1
47.415009075237535,0.0,0.0,0.0,oncoming,oncoming,1,1
47.2134704839908,0.0,0.0,0.0,oncoming,oncoming,1,1
46.99441183337682,0.0,0.0,0.0,oncoming,oncoming,1,1
46.785203412745766,0.0,0.0,0.0,oncoming,oncoming,1,1
46.59533472428991,0.0,0.0,0.0,oncoming,oncoming,1,1
46.38754863853497,0.0,0.0,0.0,oncoming,oncoming,1,1
46.19112224104156,0.0,0.0,0.0,oncoming,oncoming,1,1
46.013893168013226,0.0,0.0,0.0,oncoming,oncoming,1,1
45.81681044580319,0.0,0.0,0.0,oncoming,oncoming,1,1
45.64961824660824,0.0,0.0,0.0,oncoming,oncoming,1,1
45.47172119445613,0.0,0.0,0.0,oncoming,oncoming,1,1
45.294178249601394,0.0,0.0,0.0,oncoming,oncoming,1,1
45.12653902405069,0.0,0.0,0.0,oncoming,oncoming,1,1
44.94192683430288,0.0,0.0,0.0,oncoming,oncoming,1,1
44.77392944491599,0.0,0.0,0.0,oncoming,oncoming,1,1
44.6190259052396,0.0,0.0,0.0,oncoming,oncoming,1,1
44.47042675151037,0.0,0.0,0.0,oncoming,oncoming,1,1
44.32519069487217,0.0,0.0,0.0,oncoming,oncoming,1,1
44.189457738150594,0.0,0.0,0.0,oncoming,oncoming,1,1
44.04485920393377,0.0,0.0,0.0,oncoming,oncoming,1,1
43.889935561206144,0.0,0.0,0.0,oncoming,oncoming,1,1
43.764726429441474,0.0,0.0,0.0,oncoming,oncoming,1,1
43.621654529867314,0.0,0.0,0.0,oncoming,oncoming,1,1
43.4848397049246,0.0,0.0,0.0,oncoming,oncoming,1,1
43.358095583711055,0.0,0.0,0.0,oncoming,oncoming,1,1
43.24458715041341,0.0,0.0,0.0,oncoming,oncoming,1,1
43.117400409163245,0.0,0.0,0.0,oncoming,oncoming,1,1
42.99097439541652,0.0,0.0,0.0,oncoming,oncoming,1,1
42.89489947590806,0.0,0.0,0.0,oncoming,oncoming,1,1
42.78079400947367,0.0,0.0,0.0,oncoming,oncoming,1,1
42.66534049648968,0.0,0.0,0.0,oncoming,oncoming,1,1
42.57055238815892,0.0,0.0,0.0,oncoming,oncoming,1,1
42.46602485062923,0.0,0.0,0.0,oncoming,oncoming,1,1
42.370188302087705,0.0,0.0,0.0,oncoming,oncoming,1,1
42.27385137601116,0.0,0.0,0.0,oncoming,oncoming,1,1
42.1777346645811,0.0,0.0,0.0,oncoming,oncoming,1,1
42.09340360475998,0.0,0.0,0.0,oncoming,oncoming,1,1
42.00770938647864,0.0,0.0,0.0,oncoming,oncoming,1,1
41.922745881538994,0.0,0.0,0.0,oncoming,oncoming,1,1
41.83795036747447,0.0,0.0,0.0,oncoming,oncoming,1,1
41.75352776056742,0.0,0.0,0.0,oncoming,oncoming,1,1
41.67958106830199,0.0,0.0,0.0,oncoming,oncoming,1,1
41.613916277125135,0.0,0.0,0.0,oncoming,oncoming,1,1
41.53002917046216,0.0,0.0,0.0,oncoming,oncoming,1,1
41.45709980315011,0.0,0.0,0.0,oncoming,oncoming,1,1
41.37163847246958,0.0,0.0,0.0,oncoming,oncoming,1,1
41.28626983865577,0.0,0.0,0.0,oncoming,oncoming,1,1
41.21122361522161,0.0,0.0,0.0,oncoming,oncoming,1,1
41.14499949552636,0.0,0.0,0.0,oncoming,oncoming,1,1
41.1059107179053,0.0,0.0,0.0,oncoming,oncoming,1,1
41.01387783130245,0.0,0.0,0.0,oncoming,oncoming,1,1
40.928349851326864,0.0,0.0,0.0,oncoming,oncoming,1,1
40.83367108573575,0.0,0.0,0.0,oncoming,oncoming,1,1
40.77997563906739,0.0,0.0,0.0,oncoming,oncoming,1,1
40.70516777059979,0.0,0.0,0.0,oncoming,oncoming,1,1
40.64184234026671,0.0,0.0,0.0,oncoming,oncoming,1,1
40.56832390661348,0.0,0.0,0.0,oncoming,oncoming,1,1
40.49391121042387,0.0,0.0,0.0,oncoming,oncoming,1,1
40.418420006796175,0.0,0.0,0.0,oncoming,oncoming,1,1
40.35606929758075,0.0,0.0,0.0,oncoming,oncoming,1,1
40.29283621087868,0.0,0.0,0.0,oncoming,oncoming,1,1
40.22949188310309,0.0,0.0,0.0,oncoming,oncoming,1,1
40.16620967397232,0.0,0.0,0.0,oncoming,oncoming,1,1
40.10328820117227,0.0,0.0,0.0,oncoming,oncoming,1,1
40.01727696889888,0.0,0.0,0.0,oncoming,oncoming,1,1
39.96533974726108,0.0,0.0,0.0,oncoming,oncoming,1,1
39.92126231327881,0.0,0.0,0.0,oncoming,oncoming,1,1
39.871308905319,0.0,0.0,0.0,oncoming,oncoming,1,1
39.80672336688125,0.0,0.0,0.0,oncoming,oncoming,1,1
39.74334823658904,0.0,0.0,0.0,oncoming,oncoming,1,1
39.71072070757296,0.0,0.0,0.0,oncoming,oncoming,1,1
39.64804843982984,0.0,0.0,0.0,oncoming,oncoming,1,1
39.58491142528128,0.0,0.0,0.0,oncoming,oncoming,1,1
39.55190533144224,0.0,0.0,0.0,oncoming,oncoming,1,1
39.50104451639877,0.0,0.0,0.0,oncoming,oncoming,1,1
39.45666877724873,0.0,0.0,0.0,oncoming,oncoming,1,1
39.40544849740407,0.0,0.0,0.0,oncoming,oncoming,1,1
39.3728077833731,0.0,0.0,0.0,oncoming,oncoming,1,1
39.34137213342386,0.0,0.0,0.0,oncoming,oncoming,1,1
39.29058647008455,0.0,0.0,0.0,oncoming,oncoming,1,1
39.257090396748254,0.0,0.0,0.0,oncoming,oncoming,1,1
39.21260144762343,0.0,0.0,0.0,oncoming,oncoming,1,1
39.17992975546587,0.0,0.0,0.0,oncoming,oncoming,1,1
39.14695506602599,0.0,0.0,0.0,oncoming,oncoming,1,1
39.11350997289402,0.0,0.0,0.0,oncoming,oncoming,1,1
39.06943030557337,0.0,0.0,0.0,oncoming,oncoming,1,1
39.03641576222144,0.0,0.0,0.0,oncoming,oncoming,1,1
39.00412779989588,0.0,0.0,0.0,oncoming,oncoming,1,1
38.989598381329664,0.0,0.0,0.0,oncoming,oncoming,1,1
38.97583337458891,0.0,0.0,0.0,oncoming,oncoming,1,1
38.9412685117564,0.0,0.0,0.0,oncoming,oncoming,1,1
38.90755093552959,0.0,0.0,0.0,oncoming,oncoming,1,1
38.87464340672064,0.0,0.0,0.0,oncoming,oncoming,1,1
38.859679454344935,0.0,0.0,0.0,oncoming,oncoming,1,1
38.82564054962118,0.0,0.0,0.0,oncoming,oncoming,1,1
38.82276192197881,0.0,0.0,0.0,oncoming,oncoming,1,1
38.77823177310365,0.0,0.0,0.0,oncoming,oncoming,1,1
38.78258897708486,0.0,0.0,0.0,oncoming,oncoming,1,1
38.74979751927096,0.0,0.0,0.0,oncoming,oncoming,1,1
38.75343613034112,0.0,0.0,0.0,oncoming,oncoming,1,1
38.749638580152165,0.0,0.0,0.0,oncoming,oncoming,1,1
38.74621765730258,0.0,0.0,0.0,oncoming,oncoming,1,1
38.731831127991775,0.0,0.0,0.0,oncoming,oncoming,1,1
38.7170676622183,0.0,0.0,0.0,oncoming,oncoming,1,1
38.73115101964556,0.0,0.0,0.0,oncoming,oncoming,1,1
38.69203253641941,0.0,0.0,0.0,oncoming,oncoming,1,1
38.6770824865198,0.0,0.0,0.0,oncoming,oncoming,1,1
38.662535093056185,0.0,0.0,0.0,oncoming,oncoming,1,1
38.64721597079443,0.0,0.0,0.0,oncoming,oncoming,1,1
38.63856059356036,0.0,0.0,0.0,oncoming,oncoming,1,1
38.62452411529356,0.0,0.0,0.0,oncoming,oncoming,1,1
38.6154523998029,0.0,0.0,0.0,oncoming,oncoming,1,1
38.58910731196315,0.0,0.0,0.0,oncoming,oncoming,1,1
38.562845201857584,0.0,0.0,0.0,oncoming,oncoming,1,1
38.555096256878414,0.0,0.0,0.0,oncoming,oncoming,1,1
38.52852620678545,0.0,0.0,0.0,oncoming,oncoming,1,1
38.491782131382905,0.0,0.0,0.0,oncoming,oncoming,1,1
38.47560980361576,0.0,0.0,0.0,oncoming,oncoming,1,1
38.41889330053998,0.0,0.0,0.0,oncoming,oncoming,1,1
38.42254788712067,0.0,0.0,0.0,oncoming,oncoming,1,1
38.37799208200218,0.0,0.0,0.0,oncoming,oncoming,1,1
38.34028125927093,0.0,0.0,0.0,oncoming,oncoming,1,1
38.32513194932234,0.0,0.0,0.0,oncoming,oncoming,1,1
38.269581022957134,0.0,0.0,0.0,oncoming,oncoming,1,1
38.243722691382246,0.0,0.0,0.0,oncoming,oncoming,1,1
38.21076878873636,0.0,0.0,0.0,oncoming,oncoming,1,1
38.16611614694676,0.0,0.0,0.0,oncoming,oncoming,1,1
38.10978552980238,0.0,0.0,0.0,oncoming,oncoming,1,1
38.0842884616607,0.0,0.0,0.0,oncoming,oncoming,1,1
38.03982437817529,0.0,0.0,0.0,oncoming,oncoming,1,1
38.00655931912571,0.0,0.0,0.0,oncoming,oncoming,1,1
37.95019697809454,0.0,0.0,0.0,oncoming,oncoming,1,1
37.91767285148102,0.0,0.0,0.0,oncoming,oncoming,1,1
37.84374312720818,0.0,0.0,0.0,oncoming,oncoming,1,1
37.81037614028166,0.0,0.0,0.0,oncoming,oncoming,1,1
37.75600707712171,0.0,0.0,0.0,oncoming,oncoming,1,1
37.72161400471912,0.0,0.0,0.0,oncoming,oncoming,1,1
37.66971378867158,0.0,0.0,0.0,oncoming,oncoming,1,1
37.63722139119838,0.0,0.0,0.0,oncoming,oncoming,1,1
37.591936051745016,0.0,0.0,0.0,oncoming,oncoming,1,1
37.55970471989152,0.0,0.0,0.0,oncoming,oncoming,1,1
37.50738315363752,0.0,0.0,0.0,oncoming,oncoming,1,1
37.47365665746504,0.0,0.0,0.0,oncoming,oncoming,1,1
37.432033018104455,0.0,0.0,0.0,oncoming,oncoming,1,1
37.36780582965319,0.0,0.0,0.0,oncoming,oncoming,1,1
37.33425950031463,0.0,0.0,0.0,oncoming,oncoming,1,1
37.291459576134095,0.0,0.0,0.0,oncoming,oncoming,1,1
37.23997025601749,0.0,0.0,0.0,oncoming,oncoming,1,1
37.21619621839889,0.0,0.0,0.0,oncoming,oncoming,1,1
37.15301746320101,0.0,0.0,0.0,oncoming,oncoming,1,1
37.100703493098784,0.0,0.0,0.0,oncoming,oncoming,1,1
37.07817326893193,0.0,0.0,0.0,oncoming,oncoming,1,1
37.04810564357556,0.0,0.0,0.0,oncoming,oncoming,1,1
36.99639154712624,0.0,0.0,0.0,oncoming,oncoming,1,1
36.95509326522634,0.0,0.0,0.0,oncoming,oncoming,1,1
36.93277796065025,0.0,0.0,0.0,oncoming,oncoming,1,1
36.903787264913646,0.0,0.0,0.0,oncoming,oncoming,1,1
36.84395101120385,0.0,0.0,0.0,oncoming,oncoming,1,1
36.814299913610455,0.0,0.0,0.0,oncoming,oncoming,1,1
36.77344870016477,0.0,0.0,0.0,oncoming,oncoming,1,1
36.75089033993284,0.0,0.0,0.0,oncoming,oncoming,1,1
36.70257288356621,0.0,0.0,0.0,oncoming,oncoming,1,1
36.66114803857536,0.0,0.0,0.0,oncoming,oncoming,1,1
36.61945853765223,0.0,0.0,0.0,oncoming,oncoming,1,1
36.59011640242016,0.0,0.0,0.0,oncoming,oncoming,1,1
36.54838167913503,0.0,0.0,0.0,oncoming,oncoming,1,1
36.51913586104367,0.0,0.0,0.0,oncoming,oncoming,1,1
36.45929371592417,0.0,0.0,0.0,oncoming,oncoming,1,1
36.41045598531509,0.0,0.0,0.0,oncoming,oncoming,1,1
36.352062867913226,0.0,0.0,0.0,oncoming,oncoming,1,1
36.31604896261026,0.0,0.0,0.0,oncoming,oncoming,1,1
36.286447817102896,0.0,0.0,0.0,oncoming,oncoming,1,1
36.238968965716666,0.0,0.0,0.0,oncoming,oncoming,1,1
36.19083005398575,0.0,0.0,0.0,oncoming,oncoming,1,1
36.141995146453056,0.0,0.0,0.0,oncoming,oncoming,1,1
36.09405188462596,0.0,0.0,0.0,oncoming,oncoming,1,1
36.05677070839538,0.0,0.0,0.0,oncoming,oncoming,1,1
36.00208634256135,0.0,0.0,0.0,oncoming,oncoming,1,1
35.95376731275426,0.0,0.0,0.0,oncoming,oncoming,1,1
35.89829365495765,0.0,0.0,0.0,oncoming,oncoming,1,1
35.86077541538754,0.0,0.0,0.0,oncoming,oncoming,1,1
35.80457126393818,0.0,0.0,0.0,oncoming,oncoming,1,1
35.759114883224704,0.0,0.0,0.0,oncoming,oncoming,1,1
35.72146558662839,0.0,0.0,0.0,oncoming,oncoming,1,1
35.66571016064958,0.0,0.0,0.0,oncoming,oncoming,1,1
35.6205906888212,0.0,0.0,0.0,oncoming,oncoming,1,1
35.58363746200945,0.0,0.0,0.0,oncoming,oncoming,1,1
35.52019589456843,0.0,0.0,0.0,oncoming,oncoming,1,1
35.47444092874669,0.0,0.0,0.0,oncoming,oncoming,1,1
35.41797343474599,0.0,0.0,0.0,oncoming,oncoming,1,1
35.372652997559854,0.0,0.0,0.0,oncoming,oncoming,1,1
35.32601021918411,0.0,0.0,0.0,oncoming,oncoming,1,1
35.291775192582875,0.0,0.0,0.0,oncoming,oncoming,1,1
35.245791177714935,0.0,0.0,0.0,oncoming,oncoming,1,1
35.211034801669285,0.0,0.0,0.0,oncoming,oncoming,1,1
35.15768820874644,0.0,0.0,0.0,oncoming,oncoming,1,1
35.12257720952265,0.0,0.0,0.0,oncoming,oncoming,1,1
35.08752868312779,0.0,0.0,0.0,oncoming,oncoming,1,1
35.034100135278294,0.0,0.0,0.0,oncoming,oncoming,1,1
34.9988504212613,0.0,0.0,0.0,oncoming,oncoming,1,1
34.97488765440087,0.0,0.0,0.0,oncoming,oncoming,1,1
34.93166191120283,0.0,0.0,0.0,oncoming,oncoming,1,1
34.907903068006355,0.0,0.0,0.0,oncoming,oncoming,1,1
34.865247316010176,0.0,0.0,0.0,oncoming,oncoming,1,1
34.84099778646171,0.0,0.0,0.0,oncoming,oncoming,1,1
34.79815812223381,0.0,0.0,0.0,oncoming,oncoming,1,1
34.77388793385439,0.0,0.0,0.0,oncoming,oncoming,1,1
34.760694715451606,0.0,0.0,0.0,oncoming,oncoming,1,1
34.74789829185061,0.0,0.0,0.0,oncoming,oncoming,1,1
34.705022758000105,0.0,0.0,0.0,oncoming,oncoming,1,1
34.673380328502446,0.0,0.0,0.0,oncoming,oncoming,1,1
34.66035890342993,0.0,0.0,0.0,oncoming,oncoming,1,1
34.647631653594544,0.0,0.0,0.0,oncoming,oncoming,1,1
34.616445775222964,0.0,0.0,0.0,oncoming,oncoming,1,1
34.60373714577296,0.0,0.0,0.0,oncoming,oncoming,1,1
34.572877150830614,0.0,0.0,0.0,oncoming,oncoming,1,1
34.553499691267724,0.0,0.0,0.0,oncoming,oncoming,1,1
34.534109822356285,0.0,0.0,0.0,oncoming,oncoming,1,1
34.533878609273195,0.0,0.0,0.0,preceding,preceding,1,1
34.540915332591126,0.0,0.0,0.0,oncoming,oncoming,1,1
34.52215879655003,0.0,0.0,0.0,oncoming,oncoming,1,1
34.50378914084635,0.0,0.0,0.0,oncoming,oncoming,1,1
34.48545129883116,0.0,0.0,0.0,oncoming,oncoming,1,1
34.47852984386236,0.0,0.0,0.0,oncoming,oncoming,1,1
34.46069147656822,0.0,0.0,0.0,oncoming,oncoming,1,1
34.46161614529928,0.0,0.0,0.0,oncoming,oncoming,1,1
34.45509859846776,0.0,0.0,0.0,preceding,preceding,1,1
34.46736287696229,0.0,0.0,0.0,preceding,preceding,1,1
34.461170626813264,0.0,0.0,0.0,preceding,preceding,1,1
34.48525779283423,0.0,0.0,0.0,preceding,preceding,1,1
34.49116906035778,0.0,0.0,0.0,oncoming,oncoming,1,1
34.47624237898004,0.0,0.0,0.0,oncoming,oncoming,1,1
34.49054551819055,0.0,0.0,0.0,oncoming,oncoming,1,1
34.45675127067387,0.0,0.0,0.0,oncoming,oncoming,1,1
34.48204066831269,0.0,0.0,0.0,preceding,preceding,1,1
34.50839307424592,0.0,0.0,0.0,preceding,preceding,1,1
34.493079206825094,0.0,0.0,0.0,oncoming,oncoming,1,1
34.49223342948302,0.0,0.0,0.0,preceding,preceding,1,1
34.51776575186408,0.0,0.0,0.0,preceding,preceding,1,1
34.52356912673338,0.0,0.0,0.0,preceding,preceding,1,1
34.541320440093266,0.0,0.0,0.0,preceding,preceding,1,1
34.529819739115204,0.0,0.0,0.0,oncoming,oncoming,1,1
34.53666565508622,0.0,0.0,0.0,preceding,preceding,1,1
34.552795871821345,0.0,0.0,0.0,preceding,preceding,1,1
34.54714080449511,0.0,0.0,0.0,oncoming,oncoming,1,1
34.54496693080692,0.0,0.0,0.0,preceding,preceding,1,1
34.561757929318695,0.0,0.0,0.0,preceding,preceding,1,1
34.57877074702907,0.0,0.0,0.0,preceding,preceding,1,1
34.56623685584767,0.0,0.0,0.0,preceding,preceding,1,1
34.58361899551022,0.0,0.0,0.0,preceding,preceding,1,1
34.61173806735917,0.0,0.0,0.0,preceding,preceding,1,1
34.6099935207865,0.0,0.0,0.0,preceding,preceding,1,1
34.62636424090896,0.0,0.0,0.0,preceding,preceding,1,1
34.62525162133132,0.0,0.0,0.0,preceding,preceding,1,1
34.65232004428587,0.0,0.0,0.0,preceding,preceding,1,1
34.680412443434776,0.0,0.0,0.0,preceding,preceding,1,1
34.69653345951761,0.0,0.0,0.0,preceding,preceding,1,1
34.72453592638576,0.0,0.0,0.0,preceding,preceding,1,1
34.75362812881134,0.0,0.0,0.0,preceding,preceding,1,1
34.76292502491998,0.0,0.0,0.0,preceding,preceding,1,1
34.791466329363594,0.0,0.0,0.0,preceding,preceding,1,1
34.83793206019382,0.0,0.0,0.0,preceding,preceding,1,1
34.86591991293386,0.0,0.0,0.0,preceding,preceding,1,1
34.88283433210606,0.0,0.0,0.0,preceding,preceding,1,1
34.91032253677484,0.0,0.0,0.0,preceding,preceding,1,1
34.95628983724776,0.0,0.0,0.0,preceding,preceding,1,1
34.994847120690885,0.0,0.0,0.0,preceding,preceding,1,1
35.02234168407503,0.0,0.0,0.0,preceding,preceding,1,1
35.06698810040513,0.0,0.0,0.0,preceding,preceding,1,1
35.094088631322684,0.0,0.0,0.0,preceding,preceding,1,1
35.132130644446086,0.0,0.0,0.0,preceding,preceding,1,1
35.17559094913517,0.0,0.0,0.0,preceding,preceding,1,1
35.21160537158495,0.0,0.0,0.0,preceding,preceding,1,1
35.25607547935687,0.0,0.0,0.0,preceding,preceding,1,1
35.31250283615377,0.0,0.0,0.0,preceding,preceding,1,1
35.35134820482644,0.0,0.0,0.0,preceding,preceding,1,1
35.376839018889314,0.0,0.0,0.0,preceding,preceding,1,1
35.4307340073115,0.0,0.0,0.0,preceding,preceding,1,1
35.46721383620527,0.0,0.0,0.0,preceding,preceding,1,1
35.49288566372624,0.0,0.0,0.0,preceding,preceding,1,1
35.54862342249599,0.0,0.0,0.0,preceding,preceding,1,1
35.585800516984946,0.0,0.0,0.0,preceding,preceding,1,1
35.62221983732824,0.0,0.0,0.0,preceding,preceding,1,1
35.65803689879406,0.0,0.0,0.0,preceding,preceding,1,1
35.71309026848096,0.0,0.0,0.0,preceding,preceding,1,1
35.7510165346588,0.0,0.0,0.0,preceding,preceding,1,1
35.78830840742424,0.0,0.0,0.0,preceding,preceding,1,1
35.830838175785594,0.0,0.0,0.0,preceding,preceding,1,1
35.84688648465364,0.0,0.0,0.0,preceding,preceding,1,1
35.8941012841102,0.0,0.0,0.0,preceding,preceding,1,1
35.939043025970506,0.0,0.0,0.0,preceding,preceding,1,1
35.97640438873815,0.0,0.0,0.0,preceding,preceding,1,1
36.01318624400874,0.0,0.0,0.0,preceding,preceding,1,1
36.049873383386505,0.0,0.0,0.0,preceding,preceding,1,1
36.07822872238376,0.0,0.0,0.0,preceding,preceding,1,1
36.11606813077023,0.0,0.0,0.0,preceding,preceding,1,1
36.15301952325726,0.0,0.0,0.0,preceding,preceding,1,1
36.19004529161278,0.0,0.0,0.0,preceding,preceding,1,1
36.220494973110384,0.0,0.0,0.0,preceding,preceding,1,1
36.23901933798902,0.0,0.0,0.0,preceding,preceding,1,1
36.25790041655871,0.0,0.0,0.0,preceding,preceding,1,1
36.269431914331165,0.0,0.0,0.0,preceding,preceding,1,1
36.28940404821225,0.0,0.0,0.0,preceding,preceding,1,1
36.319503744659066,0.0,0.0,0.0,preceding,preceding,1,1
36.30941021981087,0.0,0.0,0.0,preceding,preceding,1,1
36.32124129401914,0.0,0.0,0.0,preceding,preceding,1,1
36.3219685274993,0.0,0.0,0.0,preceding,preceding,1,1
36.351979761631846,0.0,0.0,0.0,preceding,preceding,1,1
36.34134262006607,0.0,0.0,0.0,oncoming,oncoming,1,1
36.3427218085955,0.0,0.0,0.0,preceding,preceding,1,1
36.354562321776136,0.0,0.0,0.0,preceding,preceding,1,1
36.344928058782735,0.0,0.0,0.0,preceding,preceding,1,1
36.35679039433379,0.0,0.0,0.0,oncoming,oncoming,1,1
36.339151743200205,0.0,0.0,0.0,oncoming,oncoming,1,1
36.339970395759,0.0,0.0,0.0,preceding,preceding,1,1
36.339781915566704,0.0,0.0,0.0,preceding,preceding,1,1
36.34247268207626,0.0,0.0,0.0,oncoming,oncoming,1,1
36.33322524036207,0.0,0.0,0.0,oncoming,oncoming,1,1
36.31656774570543,0.0,0.0,0.0,oncoming,oncoming,1,1
36.32892493384638,0.0,0.0,0.0,oncoming,oncoming,1,1
36.3136702202693,0.0,0.0,0.0,oncoming,oncoming,1,1
36.2991216560816,0.0,0.0,0.0,oncoming,oncoming,1,1
36.28628421555992,0.0,0.0,0.0,oncoming,oncoming,1,1
36.29019477788161,0.0,0.0,0.0,oncoming,oncoming,1,1
36.27581081833391,0.0,0.0,0.0,oncoming,oncoming,1,1
36.26463525217911,0.0,0.0,0.0,oncoming,oncoming,1,1
36.25314641652493,0.0,0.0,0.0,oncoming,oncoming,1,1
36.24386905287049,0.0,0.0,0.0,oncoming,oncoming,1,1
36.24612802610965,0.0,0.0,0.0,oncoming,oncoming,1,1
36.22887776234812,0.0,0.0,0.0,oncoming,oncoming,1,1
36.22119535861962,0.0,0.0,0.0,oncoming,oncoming,1,1
36.19510597417712,0.0,0.0,0.0,oncoming,oncoming,1,1
36.19240106421111,0.0,0.0,0.0,oncoming,oncoming,1,1
36.177770408263925,0.0,0.0,0.0,oncoming,oncoming,1,1
36.15579793972692,0.0,0.0,0.0,oncoming,oncoming,1,1
36.13706305623813,0.0,0.0,0.0,oncoming,oncoming,1,1
36.13894769841762,0.0,0.0,0.0,oncoming,oncoming,1,1
36.1223607224029,0.0,0.0,0.0,oncoming,oncoming,1,1
36.10954344903211,0.0,0.0,0.0,oncoming,oncoming,1,1
36.09287656672956,0.0,0.0,0.0,oncoming,oncoming,1,1
36.08009932432292,0.0,0.0,0.0,oncoming,oncoming,1,1
36.06906724033843,0.0,0.0,0.0,oncoming,oncoming,1,1
36.06150777705105,0.0,0.0,0.0,oncoming,oncoming,1,1
36.06313933014579,0.0,0.0,0.0,oncoming,oncoming,1,1
36.03931263463876,0.0,0.0,0.0,oncoming,oncoming,1,1
36.02463932498117,0.0,0.0,0.0,oncoming,oncoming,1,1
36.004540851388406,0.0,0.0,0.0,oncoming,oncoming,1,1
36.00121260418492,0.0,0.0,0.0,oncoming,oncoming,1,1
35.99345662315334,0.0,0.0,0.0,oncoming,oncoming,1,1
35.99555986418334,0.0,0.0,0.0,oncoming,oncoming,1,1
35.97394445824064,0.0,0.0,0.0,oncoming,oncoming,1,1
35.982960279617,0.0,0.0,0.0,oncoming,oncoming,1,1
35.96085284112289,0.0,0.0,0.0,oncoming,oncoming,1,1
35.96399656697375,0.0,0.0,0.0,preceding,preceding,1,1
35.97285206680466,0.0,0.0,0.0,oncoming,oncoming,1,1
35.9519211777279,0.0,0.0,0.0,oncoming,oncoming,1,1
35.94066478267645,0.0,0.0,0.0,preceding,preceding,1,1
35.963821948630056,0.0,0.0,0.0,preceding,preceding,1,1
35.94312014097732,0.0,0.0,0.0,oncoming,oncoming,1,1
35.940352285928704,0.0,0.0,0.0,preceding,preceding,1,1
35.94466344309223,0.0,0.0,0.0,preceding,preceding,1,1
35.943246949010046,0.0,0.0,0.0,oncoming,oncoming,1,1
35.93466137459838,0.0,0.0,0.0,oncoming,oncoming,1,1
35.93526025116804,0.0,0.0,0.0,oncoming,oncoming,1,1
35.92218435736237,0.0,0.0,0.0,oncoming,oncoming,1,1
35.918042802689186,0.0,0.0,0.0,oncoming,oncoming,1,1
35.90472031483199,0.0,0.0,0.0,oncoming,oncoming,1,1
35.91454157776366,0.0,0.0,0.0,oncoming,oncoming,1,1
35.8917144564301,0.0,0.0,0.0,oncoming,oncoming,1,1
35.891525557818,0.0,0.0,0.0,oncoming,oncoming,1,1
35.875592652429695,0.0,0.0,0.0,oncoming,oncoming,1,1
35.85461768277972,0.0,0.0,0.0,oncoming,oncoming,1,1
35.85248565790921,0.0,0.0,0.0,oncoming,oncoming,1,1
35.84279076239475,0.0,0.0,0.0,oncoming,oncoming,1,1
35.839631371259806,0.0,0.0,0.0,oncoming,oncoming,1,1
35.826376697898944,0.0,0.0,0.0,oncoming,oncoming,1,1
35.81443753619612,0.0,0.0,0.0,oncoming,oncoming,1,1
35.80305954134585,0.0,0.0,0.0,oncoming,oncoming,1,1
35.80377690671306,0.0,0.0,0.0,oncoming,oncoming,1,1
35.79017969255923,0.0,0.0,0.0,oncoming,oncoming,1,1
35.776620776394616,0.0,0.0,0.0,oncoming,oncoming,1,1
35.77052495484358,0.0,0.0,0.0,oncoming,oncoming,1,1
35.748570325636635,0.0,0.0,0.0,oncoming,oncoming,1,1
35.74144758253381,0.0,0.0,0.0,oncoming,oncoming,1,1
35.72840878520892,0.0,0.0,0.0,oncoming,oncoming,1,1
35.69826742098848,0.0,0.0,0.0,oncoming,oncoming,1,1
35.69637092270561,0.0,0.0,0.0,oncoming,oncoming,1,1
35.68012406880003,0.0,0.0,0.0,oncoming,oncoming,1,1
35.675115011201335,0.0,0.0,0.0,oncoming,oncoming,1,1
35.649604310460816,0.0,0.0,0.0,oncoming,oncoming,1,1
35.630507497881155,0.0,0.0,0.0,oncoming,oncoming,1,1
35.62135400223767,0.0,0.0,0.0,oncoming,oncoming,1,1
35.62184637622209,0.0,0.0,0.0,oncoming,oncoming,1,1
35.60527528279383,0.0,0.0,0.0,oncoming,oncoming,1,1
35.59273662676608,0.0,0.0,0.0,oncoming,oncoming,1,1
35.56676424127205,0.0,0.0,0.0,oncoming,oncoming,1,1
35.55577888726796,0.0,0.0,0.0,oncoming,oncoming,1,1
35.55221798344964,0.0,0.0,0.0,oncoming,oncoming,1,1
35.50955482171499,0.0,0.0,0.0,oncoming,oncoming,1,1
35.51217107127147,0.0,0.0,0.0,oncoming,oncoming,1,1
35.49146828739457,0.0,0.0,0.0,oncoming,oncoming,1,1
35.47419169806317,0.0,0.0,0.0,oncoming,oncoming,1,1
35.44435626398123,0.0,0.0,0.0,oncoming,oncoming,1,1
35.42995722514203,0.0,0.0,0.0,oncoming,oncoming,1,1
35.425952628015,0.0,0.0,0.0,oncoming,oncoming,1,1
35.392277972458864,0.0,0.0,0.0,oncoming,oncoming,1,1
35.36551181196325,0.0,0.0,0.0,oncoming,oncoming,1,1
35.357936795896656,0.0,0.0,0.0,oncoming,oncoming,1,1
35.34809675853231,0.0,0.0,0.0,oncoming,oncoming,1,1
35.31560034045374,0.0,0.0,0.0,oncoming,oncoming,1,1
35.308355597603764,0.0,0.0,0.0,oncoming,oncoming,1,1
35.29583231817254,0.0,0.0,0.0,oncoming,oncoming,1,1
35.2736225113763,0.0,0.0,0.0,oncoming,oncoming,1,1
35.26867039962738,0.0,0.0,0.0,oncoming,oncoming,1,1
35.24460216097217,0.0,0.0,0.0,oncoming,oncoming,1,1
35.2456108751192,0.0,0.0,0.0,oncoming,oncoming,1,1
35.22615665663277,0.0,0.0,0.0,oncoming,oncoming,1,1
35.20653720298088,0.0,0.0,0.0,oncoming,oncoming,1,1
35.20562228496424,0.0,0.0,0.0,oncoming,oncoming,1,1
35.18942993711576,0.0,0.0,0.0,oncoming,oncoming,1,1
35.16994164929081,0.0,0.0,0.0,oncoming,oncoming,1,1
35.153258278303014,0.0,0.0,0.0,oncoming,oncoming,1,1
35.16307820746783,0.0,0.0,0.0,oncoming,oncoming,1,1
35.13332456956427,0.0,0.0,0.0,oncoming,oncoming,1,1
35.13584546431855,0.0,0.0,0.0,oncoming,oncoming,1,1
35.110249595889215,0.0,0.0,0.0,oncoming,oncoming,1,1
35.09618539200213,0.0,0.0,0.0,oncoming,oncoming,1,1
35.086954158183936,0.0,0.0,0.0,oncoming,oncoming,1,1
35.06913180450622,0.0,0.0,0.0,oncoming,oncoming,1,1
35.065115240128044,0.0,0.0,0.0,oncoming,oncoming,1,1
35.05531793979993,0.0,0.0,0.0,oncoming,oncoming,1,1
35.016992436521335,0.0,0.0,0.0,oncoming,oncoming,1,1
34.99837755013592,0.0,0.0,0.0,oncoming,oncoming,1,1
34.99645438216037,0.0,0.0,0.0,oncoming,oncoming,1,1
34.98094804957903,0.0,0.0,0.0,oncoming,oncoming,1,1
34.97598453838276,0.0,0.0,0.0,oncoming,oncoming,1,1
34.9470961581851,0.0,0.0,0.0,oncoming,oncoming,1,1
34.94998443880749,0.0,0.0,0.0,oncoming,oncoming,1,1
34.93598536522725,0.0,0.0,0.0,oncoming,oncoming,1,1
34.923672669375975,0.0,0.0,0.0,oncoming,oncoming,1,1
34.897738117741646,0.0,0.0,0.0,oncoming,oncoming,1,1
34.8884303599132,0.0,0.0,0.0,oncoming,oncoming,1,1
34.87613496649708,0.0,0.0,0.0,oncoming,oncoming,1,1
34.877386948017254,0.0,0.0,0.0,oncoming,oncoming,1,1
34.868171627958525,0.0,0.0,0.0,oncoming,oncoming,1,1
34.86051641827084,0.0,0.0,0.0,oncoming,oncoming,1,1
34.84075670898357,0.0,0.0,0.0,oncoming,oncoming,1,1
34.85129671890386,0.0,0.0,0.0,oncoming,oncoming,1,1
34.82716088142864,0.0,0.0,0.0,oncoming,oncoming,1,1
34.82251502045093,0.0,0.0,0.0,oncoming,oncoming,1,1
34.81785219963414,0.0,0.0,0.0,oncoming,oncoming,1,1
34.82221439945282,0.0,0.0,0.0,oncoming,oncoming,1,1
34.80559081027883,0.0,0.0,0.0,oncoming,oncoming,1,1
34.81448477220264,0.0,0.0,0.0,oncoming,oncoming,1,1
34.79504393903465,0.0,0.0,0.0,oncoming,oncoming,1,1
34.79484673782535,0.0,0.0,0.0,oncoming,oncoming,1,1
34.779937337556944,0.0,0.0,0.0,oncoming,oncoming,1,1
34.778248193827864,0.0,0.0,0.0,oncoming,oncoming,1,1
34.77511129599616,0.0,0.0,0.0,oncoming,oncoming,1,1
34.77214924676887,0.0,0.0,0.0,oncoming,oncoming,1,1
34.773598230708075,0.0,0.0,0.0,preceding,preceding,1,1
34.77222690209868,0.0,0.0,0.0,oncoming,oncoming,1,1
34.76476356740048,0.0,0.0,0.0,oncoming,oncoming,1,1
34.76202231033953,0.0,0.0,0.0,oncoming,oncoming,1,1
34.75431700826416,0.0,0.0,0.0,oncoming,oncoming,1,1
34.75931490777203,0.0,0.0,0.0,preceding,preceding,1,1
34.75636379256361,0.0,0.0,0.0,oncoming,oncoming,1,1
34.748822217799166,0.0,0.0,0.0,oncoming,oncoming,1,1
34.7502703031407,0.0,0.0,0.0,preceding,preceding,1,1
34.76707004592682,0.0,0.0,0.0,preceding,preceding,1,1
34.759564232757135,0.0,0.0,0.0,oncoming,oncoming,1,1
34.76108585880837,0.0,0.0,0.0,oncoming,oncoming,1,1
34.7581261958583,0.0,0.0,0.0,preceding,preceding,1,1
34.76412836286702,0.0,0.0,0.0,preceding,preceding,1,1
34.77300096904605,0.0,0.0,0.0,preceding,preceding,1,1
34.77471251492793,0.0,0.0,0.0,preceding,preceding,1,1
34.78071875131371,0.0,0.0,0.0,preceding,preceding,1,1
34.78942432868638,0.0,0.0,0.0,preceding,preceding,1,1
34.78905144447097,0.0,0.0,0.0,preceding,preceding,1,1
34.79943106114006,0.0,0.0,0.0,preceding,preceding,1,1
34.800556939910216,0.0,0.0,0.0,preceding,preceding,1,1
34.80931480523304,0.0,0.0,0.0,preceding,preceding,1,1
34.82703541168272,0.0,0.0,0.0,preceding,preceding,1,1
34.83293422883365,0.0,0.0,0.0,preceding,preceding,1,1
34.850735811773546,0.0,0.0,0.0,preceding,preceding,1,1
34.85952502657837,0.0,0.0,0.0,preceding,preceding,1,1
34.90446986042674,0.0,0.0,0.0,preceding,preceding,1,1
34.91304625191526,0.0,0.0,0.0,preceding,preceding,1,1
34.93828395108351,0.0,0.0,0.0,preceding,preceding,1,1
34.95879423978688,0.0,0.0,0.0,preceding,preceding,1,1
34.989719250735405,0.0,0.0,0.0,preceding,preceding,1,1
35.010361195438826,0.0,0.0,0.0,preceding,preceding,1,1
35.04335844185547,0.0,0.0,0.0,preceding,preceding,1,1
35.08081405423555,0.0,0.0,0.0,preceding,preceding,1,1
35.125729129405016,0.0,0.0,0.0,preceding,preceding,1,1
35.16621611334925,0.0,0.0,0.0,preceding,preceding,1,1
35.218613203764875,0.0,0.0,0.0,preceding,preceding,1,1
35.251721272559294,0.0,0.0,0.0,preceding,preceding,1,1
35.31928871260039,0.0,0.0,0.0,preceding,preceding,1,1
35.364266459315616,0.0,0.0,0.0,preceding,preceding,1,1
35.41996940977729,0.0,0.0,0.0,preceding,preceding,1,1
35.48005900964022,0.0,0.0,0.0,preceding,preceding,1,1
35.54473419254825,0.0,0.0,0.0,preceding,preceding,1,1
35.6124265463279,0.0,0.0,0.0,preceding,preceding,1,1
35.66787887688169,0.0,0.0,0.0,preceding,preceding,1,1
35.73258542417052,0.0,0.0,0.0,preceding,preceding,1,1
35.81646891533758,0.0,0.0,0.0,preceding,preceding,1,1
35.872079085971215,0.0,0.0,0.0,preceding,preceding,1,1
35.95208026183072,0.0,0.0,0.0,preceding,preceding,1,1
36.03024817012897,0.0,0.0,0.0,preceding,preceding,1,1
36.110263794683874,0.0,0.0,0.0,preceding,preceding,1,1
36.195838940061606,0.0,0.0,0.0,preceding,preceding,1,1
36.27871136885407,0.0,0.0,0.0,preceding,preceding,1,1
36.36590552152062,0.0,0.0,0.0,preceding,preceding,1,1
36.43612657724942,0.0,0.0,0.0,preceding,preceding,1,1
36.53864271009691,0.0,0.0,0.0,preceding,preceding,1,1
36.61709315037776,0.0,0.0,0.0,preceding,preceding,1,1
36.698179245609,0.0,0.0,0.0,preceding,preceding,1,1
36.80814041190697,0.0,0.0,0.0,preceding,preceding,1,1
36.88485547572703,0.0,0.0,0.0,preceding,preceding,1,1
36.99478757276357,0.0,0.0,0.0,preceding,preceding,1,1
37.08027067667271,0.0,0.0,0.0,preceding,preceding,1,1
37.171995720830026,0.0,0.0,0.0,preceding,preceding,1,1
37.27761832845556,0.0,0.0,0.0,preceding,preceding,1,1
37.37657422524052,0.0,0.0,0.0,preceding,preceding,1,1
37.46841854078432,0.0,0.0,0.0,preceding,preceding,1,1
37.57373436505419,0.0,0.0,0.0,preceding,preceding,1,1
37.69271786905951,0.0,0.0,0.0,preceding,preceding,1,1
37.77980291585877,0.0,0.0,0.0,preceding,preceding,1,1
37.89140066837474,0.0,0.0,0.0,preceding,preceding,1,1
38.008596548737714,0.0,0.0,0.0,preceding,preceding,1,1
38.10751036035316,0.0,0.0,0.0,preceding,preceding,1,1
38.20994994384026,0.0,0.0,0.0,preceding,preceding,1,1
38.31063251258046,0.0,0.0,0.0,preceding,preceding,1,1
38.42341087538896,0.0,0.0,0.0,preceding,preceding,1,1
38.52412863146613,0.0,0.0,0.0,preceding,preceding,1,1
38.64122853155565,0.0,0.0,0.0,preceding,preceding,1,1
38.74189974001121,0.0,0.0,0.0,preceding,preceding,1,1
38.838116476338925,0.0,0.0,0.0,preceding,preceding,1,1
38.93261226074724,0.0,0.0,0.0,preceding,preceding,1,1
39.05150382811599,0.0,0.0,0.0,preceding,preceding,1,1
39.15506369539461,0.0,0.0,0.0,preceding,preceding,1,1
39.24954635723917,0.0,0.0,0.0,preceding,preceding,1,1
39.36388188229635,0.0,0.0,0.0,preceding,preceding,1,1
39.454081916989736,0.0,0.0,0.0,preceding,preceding,1,1
39.56674152734342,0.0,0.0,0.0,preceding,preceding,1,1
39.65680493191413,0.0,0.0,0.0,preceding,preceding,1,1
39.75760109901076,0.0,0.0,0.0,preceding,preceding,1,1
39.85518506228302,0.0,0.0,0.0,preceding,preceding,1,1
39.9425366861956,0.0,0.0,0.0,preceding,preceding,1,1
40.02373325267936,0.0,0.0,0.0,preceding,preceding,1,1
40.122881354373966,0.0,0.0,0.0,preceding,preceding,1,1
40.20718706756592,0.0,0.0,0.0,preceding,preceding,1,1
40.27917711430693,0.0,0.0,0.0,preceding,preceding,1,1
40.38296421395218,0.0,0.0,0.0,preceding,preceding,1,1
40.46868829788254,0.0,0.0,0.0,preceding,preceding,1,1
40.54070972485557,0.0,0.0,0.0,preceding,preceding,1,1
40.615789156421336,0.0,0.0,0.0,preceding,preceding,1,1
40.68209172726671,0.0,0.0,0.0,preceding,preceding,1,1
40.7723635259274,0.0,0.0,0.0,preceding,preceding,1,1
40.84168409603511,0.0,0.0,0.0,preceding,preceding,1,1
40.90314068432622,0.0,0.0,0.0,preceding,preceding,1,1
40.98423778728101,0.0,0.0,0.0,preceding,preceding,1,1
41.0336247147965,0.0,0.0,0.0,preceding,preceding,1,1
41.11027753679575,0.0,0.0,0.0,preceding,preceding,1,1
41.15528238490599,0.0,0.0,0.0,preceding,preceding,1,1
41.22284758412179,0.0,0.0,0.0,preceding,preceding,1,1
41.27381814576464,0.0,0.0,0.0,preceding,preceding,1,1
41.33843919612476,0.0,0.0,0.0,preceding,preceding,1,1
41.38945154361255,0.0,0.0,0.0,preceding,preceding,1,1
41.42087148623913,0.0,0.0,0.0,preceding,preceding,1,1
41.462931615136974,0.0,0.0,0.0,preceding,preceding,1,1
41.52736018441414,0.0,0.0,0.0,preceding,preceding,1,1
41.57385224766123,0.0,0.0,0.0,preceding,preceding,1,1
41.615846930167166,0.0,0.0,0.0,preceding,preceding,1,1
41.65047351241519,0.0,0.0,0.0,preceding,preceding,1,1
41.688010087797046,0.0,0.0,0.0,preceding,preceding,1,1
41.73011190984973,0.0,0.0,0.0,preceding,preceding,1,1
41.77043387688207,0.0,0.0,0.0,preceding,preceding,1,1
41.79599792964365,0.0,0.0,0.0,preceding,preceding,1,1
41.82891562849018,0.0,0.0,0.0,preceding,preceding,1,1
41.861906363632606,0.0,0.0,0.0,preceding,preceding,1,1
41.87523582816894,0.0,0.0,0.0,preceding,preceding,1,1
41.908268468990265,0.0,0.0,0.0,preceding,preceding,1,1
41.9351548593034,0.0,0.0,0.0,preceding,preceding,1,1
41.96364371278243,0.0,0.0,0.0,preceding,preceding,1,1
41.98306838414064,0.0,0.0,0.0,preceding,preceding,1,1
41.98731129388516,0.0,0.0,0.0,preceding,preceding,1,1
42.00676687121953,0.0,0.0,0.0,preceding,preceding,1,1
42.02625398658226,0.0,0.0,0.0,preceding,preceding,1,1
42.02440193923043,0.0,0.0,0.0,preceding,preceding,1,1
42.04377372835033,0.0,0.0,0.0,preceding,preceding,1,1
42.0418439582927,0.0,0.0,0.0,preceding,preceding,1,1
42.04773010078984,0.0,0.0,0.0,preceding,preceding,1,1
42.06092725246289,0.0,0.0,0.0,oncoming,oncoming,1,1
42.04699289992866,0.0,0.0,0.0,oncoming,oncoming,1,1
42.055699210536346,0.0,0.0,0.0,oncoming,oncoming,1,1
42.03729957606808,0.0,0.0,0.0,oncoming,oncoming,1,1
42.03704180559175,0.0,0.0,0.0,oncoming,oncoming,1,1
42.03058537018859,0.0,0.0,0.0,oncoming,oncoming,1,1
42.013741809326206,0.0,0.0,0.0,oncoming,oncoming,1,1
41.99382544563392,0.0,0.0,0.0,oncoming,oncoming,1,1
41.9980494387361,0.0,0.0,0.0,oncoming,oncoming,1,1
41.96605778127858,0.0,0.0,0.0,oncoming,oncoming,1,1
41.93712699431886,0.0,0.0,0.0,oncoming,oncoming,1,1
41.932438418796615,0.0,0.0,0.0,oncoming,oncoming,1,1
41.9033903205106,0.0,0.0,0.0,oncoming,oncoming,1,1
41.874442314808206,0.0,0.0,0.0,oncoming,oncoming,1,1
41.860623069587525,0.0,0.0,0.0,oncoming,oncoming,1,1
41.83480783550202,0.0,0.0,0.0,oncoming,oncoming,1,1
41.7938784215743,0.0,0.0,0.0,oncoming,oncoming,1,1
41.7574575789736,0.0,0.0,0.0,oncoming,oncoming,1,1
41.707284036008176,0.0,0.0,0.0,oncoming,oncoming,1,1
41.66938534848127,0.0,0.0,0.0,oncoming,oncoming,1,1
41.62683053262614,0.0,0.0,0.0,oncoming,oncoming,1,1
41.58884096614846,0.0,0.0,0.0,oncoming,oncoming,1,1
41.53428214754963,0.0,0.0,0.0,oncoming,oncoming,1,1
41.47211859847663,0.0,0.0,0.0,oncoming,oncoming,1,1
41.42213602575945,0.0,0.0,0.0,oncoming,oncoming,1,1
41.3480001481578,0.0,0.0,0.0,oncoming,oncoming,1,1
41.288998216365975,0.0,0.0,0.0,oncoming,oncoming,1,1
41.21661553585257,0.0,0.0,0.0,oncoming,oncoming,1,1
41.12725976455189,0.0,0.0,0.0,oncoming,oncoming,1,1
41.05325836029635,0.0,0.0,0.0,oncoming,oncoming,1,1
40.962624206913226,0.0,0.0,0.0,oncoming,oncoming,1,1
40.8927580650682,0.0,0.0,0.0,oncoming,oncoming,1,1
40.79879548777958,0.0,0.0,0.0,oncoming,oncoming,1,1
40.73375075121916,0.0,0.0,0.0,oncoming,oncoming,1,1
40.64171726988933,0.0,0.0,0.0,oncoming,oncoming,1,1
40.55581221912107,0.0,0.0,0.0,oncoming,oncoming,1,1
40.44710974713382,0.0,0.0,0.0,oncoming,oncoming,1,1
40.37917105239023,0.0,0.0,0.0,oncoming,oncoming,1,1
40.29306959728486,0.0,0.0,0.0,oncoming,oncoming,1,1
40.19642054386741,0.0,0.0,0.0,oncoming,oncoming,1,1
40.096773674310974,0.0,0.0,0.0,oncoming,oncoming,1,1
39.997116451357,0.0,0.0,0.0,oncoming,oncoming,1,1
39.92620023256829,0.0,0.0,0.0,oncoming,oncoming,1,1
39.82659456197193,0.0,0.0,0.0,oncoming,oncoming,1,1
39.73593148458928,0.0,0.0,0.0,oncoming,oncoming,1,1
39.63650137406115,0.0,0.0,0.0,oncoming,oncoming,1,1
39.52617218294454,0.0,0.0,0.0,oncoming,oncoming,1,1
39.4401952090979,0.0,0.0,0.0,oncoming,oncoming,1,1
39.34209967499508,0.0,0.0,0.0,oncoming,oncoming,1,1
39.24862741962804,0.0,0.0,0.0,oncoming,oncoming,1,1
39.14443956951891,0.0,0.0,0.0,oncoming,oncoming,1,1
39.05103031660341,0.0,0.0,0.0,oncoming,oncoming,1,1
38.953103123484574,0.0,0.0,0.0,oncoming,oncoming,1,1
38.85342836310231,0.0,0.0,0.0,oncoming,oncoming,1,1
38.77337861308469,0.0,0.0,0.0,oncoming,oncoming,1,1
38.6572768182782,0.0,0.0,0.0,oncoming,oncoming,1,1
38.55475572293064,0.0,0.0,0.0,oncoming,oncoming,1,1
38.474817965426695,0.0,0.0,0.0,oncoming,oncoming,1,1
38.37683438827192,0.0,0.0,0.0,oncoming,oncoming,1,1
38.29080804609939,0.0,0.0,0.0,oncoming,oncoming,1,1
38.192773945834624,0.0,0.0,0.0,oncoming,oncoming,1,1
38.10381998232168,0.0,0.0,0.0,oncoming,oncoming,1,1
38.00575653283624,0.0,0.0,0.0,oncoming,oncoming,1,1
37.92129207239849,0.0,0.0,0.0,oncoming,oncoming,1,1
37.814164970341054,0.0,0.0,0.0,oncoming,oncoming,1,1
37.737104194230994,0.0,0.0,0.0,oncoming,oncoming,1,1
37.649278396847976,0.0,0.0,0.0,oncoming,oncoming,1,1
37.546596914904455,0.0,0.0,0.0,oncoming,oncoming,1,1
37.47124938211682,0.0,0.0,0.0,oncoming,oncoming,1,1
37.38512744643037,0.0,0.0,0.0,oncoming,oncoming,1,1
37.29898590374405,0.0,0.0,0.0,oncoming,oncoming,1,1
37.21286608871284,0.0,0.0,0.0,oncoming,oncoming,1,1
37.128430826014586,0.0,0.0,0.0,oncoming,oncoming,1,1
37.01962646102929,0.0,0.0,0.0,oncoming,oncoming,1,1
36.93218979063262,0.0,0.0,0.0,oncoming,oncoming,1,1
36.8521543311834,0.0,0.0,0.0,oncoming,oncoming,1,1
36.75247240736133,0.0,0.0,0.0,oncoming,oncoming,1,1
36.66502541589418,0.0,0.0,0.0,oncoming,oncoming,1,1
36.58638882750803,0.0,0.0,0.0,oncoming,oncoming,1,1
36.488403387139805,0.0,0.0,0.0,oncoming,oncoming,1,1
36.38420249427414,0.0,0.0,0.0,oncoming,oncoming,1,1
36.3013720200678,0.0,0.0,0.0,oncoming,oncoming,1,1
36.20478741091344,0.0,0.0,0.0,oncoming,oncoming,1,1
36.10834327405057,0.0,0.0,0.0,oncoming,oncoming,1,1
36.03612380037134,0.0,0.0,0.0,oncoming,oncoming,1,1
35.92489838107124,0.0,0.0,0.0,oncoming,oncoming,1,1
35.84714059927617,0.0,0.0,0.0,oncoming,oncoming,1,1
35.75401311457649,0.0,0.0,0.0,oncoming,oncoming,1,1
35.66705232528596,0.0,0.0,0.0,oncoming,oncoming,1,1
35.56579576080089,0.0,0.0,0.0,oncoming,oncoming,1,1
35.48259295852529,0.0,0.0,0.0,oncoming,oncoming,1,1
35.397531979062364,0.0,0.0,0.0,oncoming,oncoming,1,1
35.29929749340323,0.0,0.0,0.0,oncoming,oncoming,1,1
35.221634277567446,0.0,0.0,0.0,oncoming,oncoming,1,1
35.135131834104534,0.0,0.0,0.0,oncoming,oncoming,1,1
35.04599360598575,0.0,0.0,0.0,oncoming,oncoming,1,1
34.96647180726998,0.0,0.0,0.0,oncoming,oncoming,1,1
34.87287365162224,0.0,0.0,0.0,oncoming,oncoming,1,1
34.790071548863466,0.0,0.0,0.0,oncoming,oncoming,1,1
34.71627217331738,0.0,0.0,0.0,oncoming,oncoming,1,1
34.62171712756128,0.0,0.0,0.0,oncoming,oncoming,1,1
34.533561822492054,0.0,0.0,0.0,oncoming,oncoming,1,1
34.44597273993632,0.0,0.0,0.0,oncoming,oncoming,1,1
34.37554618251707,0.0,0.0,0.0,oncoming,oncoming,1,1
34.284525776489986,0.0,0.0,0.0,oncoming,oncoming,1,1
34.18798127284686,0.0,0.0,0.0,oncoming,oncoming,1,1
34.107312931165374,0.0,0.0,0.0,oncoming,oncoming,1,1
34.013779775158625,0.0,0.0,0.0,oncoming,oncoming,1,1
33.926068463993154,0.0,0.0,0.0,oncoming,oncoming,1,1
33.854160316421414,0.0,0.0,0.0,oncoming,oncoming,1,1
33.766150174167805,0.0,0.0,0.0,oncoming,oncoming,1,1
33.68975573635649,0.0,0.0,0.0,oncoming,oncoming,1,1
33.59718527006735,0.0,0.0,0.0,oncoming,oncoming,1,1
33.51670202698656,0.0,0.0,0.0,oncoming,oncoming,1,1
33.45884743945879,0.0,0.0,0.0,oncoming,oncoming,1,1
33.3813882689833,0.0,0.0,0.0,oncoming,oncoming,1,1
33.30468159373483,0.0,0.0,0.0,oncoming,oncoming,1,1
33.23625103063109,0.0,0.0,0.0,oncoming,oncoming,1,1
33.16088122193612,0.0,0.0,0.0,oncoming,oncoming,1,1
33.091508447417446,0.0,0.0,0.0,oncoming,oncoming,1,1
33.03701468660654,0.0,0.0,0.0,oncoming,oncoming,1,1
32.973240749261905,0.0,0.0,0.0,oncoming,oncoming,1,1
32.881836802680674,0.0,0.0,0.0,oncoming,oncoming,1,1
32.826154300087,0.0,0.0,0.0,oncoming,oncoming,1,1
32.7673207755394,0.0,0.0,0.0,oncoming,oncoming,1,1
32.71112287433926,0.0,0.0,0.0,oncoming,oncoming,1,1
32.66441392330077,0.0,0.0,0.0,oncoming,oncoming,1,1
32.58794232781008,0.0,0.0,0.0,oncoming,oncoming,1,1
32.536049213501684,0.0,0.0,0.0,oncoming,oncoming,1,1
32.48643248596414,0.0,0.0,0.0,oncoming,oncoming,1,1
32.43125525993274,0.0,0.0,0.0,oncoming,oncoming,1,1
32.38396905737143,0.0,0.0,0.0,oncoming,oncoming,1,1
32.33450283247125,0.0,0.0,0.0,oncoming,oncoming,1,1
32.29256155079775,0.0,0.0,0.0,oncoming,oncoming,1,1
32.2602859384208,0.0,0.0,0.0,oncoming,oncoming,1,1
32.23633546976557,0.0,0.0,0.0,oncoming,oncoming,1,1
32.18431088712971,0.0,0.0,0.0,oncoming,oncoming,1,1
32.1596713098095,0.0,0.0,0.0,oncoming,oncoming,1,1
32.1400933870974,0.0,0.0,0.0,oncoming,oncoming,1,1
32.09933643974577,0.0,0.0,0.0,oncoming,oncoming,1,1
32.0737860904464,0.0,0.0,0.0,oncoming,oncoming,1,1
32.06946400480468,0.0,0.0,0.0,oncoming,oncoming,1,1
32.04186650533031,0.0,0.0,0.0,oncoming,oncoming,1,1
32.01209805393389,0.0,0.0,0.0,oncoming,oncoming,1,1
32.00199384983832,0.0,0.0,0.0,oncoming,oncoming,1,1
31.97391412211949,0.0,0.0,0.0,oncoming,oncoming,1,1
31.944342438609286,0.0,0.0,0.0,oncoming,oncoming,1,1
31.91331182982145,0.0,0.0,0.0,oncoming,oncoming,1,1
31.894581429782995,0.0,0.0,0.0,oncoming,oncoming,1,1
31.88134016744363,0.0,0.0,0.0,oncoming,oncoming,1,1
31.835962454664973,0.0,0.0,0.0,oncoming,oncoming,1,1
31.81238919060309,0.0,0.0,0.0,oncoming,oncoming,1,1
31.762037161889385,0.0,0.0,0.0,oncoming,oncoming,1,1
31.74219313983136,0.0,0.0,0.0,oncoming,oncoming,1,1
31.688254598556743,0.0,0.0,0.0,oncoming,oncoming,1,1
31.65524099646378,0.0,0.0,0.0,oncoming,oncoming,1,1
31.641956855878476,0.0,0.0,0.0,oncoming,oncoming,1,1
31.578095334983917,0.0,0.0,0.0,oncoming,oncoming,1,1
31.54444219814633,0.0,0.0,0.0,oncoming,oncoming,1,1
31.508439308574648,0.0,0.0,0.0,oncoming,oncoming,1,1
31.49892387484224,0.0,0.0,0.0,oncoming,oncoming,1,1
31.46165267041545,0.0,0.0,0.0,oncoming,oncoming,1,1
31.427222443509784,0.0,0.0,0.0,oncoming,oncoming,1,1
31.39383506589597,0.0,0.0,0.0,oncoming,oncoming,1,1
31.37185276628712,0.0,0.0,0.0,oncoming,oncoming,1,1
31.35834173225151,0.0,0.0,0.0,oncoming,oncoming,1,1
31.33964171712737,0.0,0.0,0.0,oncoming,oncoming,1,1
31.32471156847019,0.0,0.0,0.0,oncoming,oncoming,1,1
31.287981392629977,0.0,0.0,0.0,oncoming,oncoming,1,1
31.27426259385592,0.0,0.0,0.0,oncoming,oncoming,1,1
31.24518140369204,0.0,0.0,0.0,oncoming,oncoming,1,1
31.214181471656467,0.0,0.0,0.0,oncoming,oncoming,1,1
31.198904492364825,0.0,0.0,0.0,oncoming,oncoming,1,1
31.1627740356952,0.0,0.0,0.0,oncoming,oncoming,1,1
31.128474112518838,0.0,0.0,0.0,oncoming,oncoming,1,1
31.108093817050037,0.0,0.0,0.0,oncoming,oncoming,1,1
31.05697188847204,0.0,0.0,0.0,oncoming,oncoming,1,1
31.02069911521353,0.0,0.0,0.0,oncoming,oncoming,1,1
30.955822824831763,0.0,0.0,0.0,oncoming,oncoming,1,1
30.88356008514006,0.0,0.0,0.0,oncoming,oncoming,1,1
30.792034681629666,0.0,0.0,0.0,oncoming,oncoming,1,1
30.741744714308,0.0,0.0,0.0,oncoming,oncoming,1,1
30.63765340297556,0.0,0.0,0.0,oncoming,oncoming,1,1
30.54429621312089,0.0,0.0,0.0,oncoming,oncoming,1,1
30.42192550577551,0.0,0.0,0.0,oncoming,oncoming,1,1
30.295104926041635,0.0,0.0,0.0,oncoming,oncoming,1,1
30.16198498844792,0.0,0.0,0.0,oncoming,oncoming,1,1
30.01929588340855,0.0,0.0,0.0,oncoming,oncoming,1,1
29.870466902728708,0.0,0.0,0.0,oncoming,oncoming,1,1
29.68621118419941,0.0,0.0,0.0,oncoming,oncoming,1,1
29.514493767742778,0.0,0.0,0.0,oncoming,oncoming,1,1
29.32564995517856,0.0,0.0,0.0,oncoming,oncoming,1,1
29.130709671516968,0.0,0.0,0.0,oncoming,oncoming,1,1
28.918605594134537,0.0,0.0,0.0,oncoming,oncoming,1,1
28.729909146064028,0.0,0.0,0.0,oncoming,oncoming,1,1
28.50491079258829,0.0,0.0,0.0,oncoming,oncoming,1,1
28.29267182522005,0.0,0.0,0.0,oncoming,oncoming,1,1
28.085262028977453,0.0,0.0,0.0,oncoming,oncoming,1,1
27.859729601317596,0.0,0.0,0.0,oncoming,oncoming,1,1
27.639081756990556,0.0,0.0,0.0,oncoming,oncoming,1,1
27.420849087044157,0.0,0.0,0.0,oncoming,oncoming,1,1
27.19354593431581,0.0,0.0,0.0,oncoming,oncoming,1,1
26.97072028733508,0.0,0.0,0.0,oncoming,oncoming,1,1
26.7722164050268,0.0,0.0,0.0,oncoming,oncoming,1,1
26.583943029068408,0.0,0.0,0.0,oncoming,oncoming,1,1
26.41960320705011,0.0,0.0,0.0,oncoming,oncoming,1,1
26.24648575023232,0.0,0.0,0.0,oncoming,oncoming,1,1
26.085548365883675,0.0,0.0,0.0,oncoming,oncoming,1,1
25.928040812292192,0.0,0.0,0.0,oncoming,oncoming,1,1
25.792089683452524,0.0,0.0,0.0,oncoming,oncoming,1,1
25.69697160049059,0.0,0.0,0.0,oncoming,oncoming,1,1
25.58737227070656,0.0,0.0,0.0,oncoming,oncoming,1,1
25.497469551987,0.0,0.0,0.0,oncoming,oncoming,1,1
25.422348276154327,0.0,0.0,0.0,oncoming,oncoming,1,1
25.360706682998625,0.0,0.0,0.0,oncoming,oncoming,1,1
25.309382567181604,0.0,0.0,0.0,oncoming,oncoming,1,1
25.284609973234243,0.0,0.0,0.0,oncoming,oncoming,1,1
25.26714218565591,0.0,0.0,0.0,oncoming,oncoming,1,1
25.284565940671754,0.0,0.0,0.0,preceding,preceding,1,1
25.285600337221982,0.0,0.0,0.0,preceding,preceding,1,1
25.32479363010859,0.0,0.0,0.0,preceding,preceding,1,1
25.360619219699537,0.0,0.0,0.0,preceding,preceding,1,1
25.458699078887136,0.0,0.0,0.0,preceding,preceding,1,1
25.536887770632887,0.0,0.0,0.0,preceding,preceding,1,1
25.62895836427153,0.0,0.0,0.0,preceding,preceding,1,1
25.744643896530032,0.0,0.0,0.0,preceding,preceding,1,1
25.88995017538237,0.0,0.0,0.0,preceding,preceding,1,1
26.038530521715245,0.0,0.0,0.0,preceding,preceding,1,1
26.204979321104467,0.0,0.0,0.0,preceding,preceding,1,1
26.376045385833777,0.0,0.0,0.0,preceding,preceding,1,1
26.55050849705188,0.0,0.0,0.0,preceding,preceding,1,1
26.73499968839295,0.0,0.0,0.0,preceding,preceding,1,1
26.94688573742136,0.0,0.0,0.0,preceding,preceding,1,1
27.14605167038828,0.0,0.0,0.0,preceding,preceding,1,1
27.37449259701232,0.0,0.0,0.0,preceding,preceding,1,1
27.583582998458866,0.0,0.0,0.0,preceding,preceding,1,1
27.801794703646472,0.0,0.0,0.0,preceding,preceding,1,1
28.02936358897657,0.0,0.0,0.0,preceding,preceding,1,1
28.260651672365952,0.0,0.0,0.0,preceding,preceding,1,1
28.50126516246856,0.0,0.0,0.0,preceding,preceding,1,1
28.73300401948093,0.0,0.0,0.0,preceding,preceding,1,1
28.97762921987073,0.0,0.0,0.0,preceding,preceding,1,1
29.206199188313438,0.0,0.0,0.0,preceding,preceding,1,1
29.44224024497344,0.0,0.0,0.0,preceding,preceding,1,1
29.6851717076894,0.0,0.0,0.0,preceding,preceding,1,1
29.917561298271394,0.0,0.0,0.0,preceding,preceding,1,1
30.14600060239933,0.0,0.0,0.0,preceding,preceding,1,1
30.363894300466093,0.0,0.0,0.0,preceding,preceding,1,1
30.601232038532924,0.0,0.0,0.0,preceding,preceding,1,1
30.80443968037423,0.0,0.0,0.0,preceding,preceding,1,1
31.02696033933488,0.0,0.0,0.0,preceding,preceding,1,1
31.231858767070715,0.0,0.0,0.0,preceding,preceding,1,1
31.45016361352326,0.0,0.0,0.0,preceding,preceding,1,1
31.64716469375041,0.0,0.0,0.0,preceding,preceding,1,1
31.837110602694583,0.0,0.0,0.0,preceding,preceding,1,1
32.02974234171254,0.0,0.0,0.0,preceding,preceding,1,1
32.222458572205376,0.0,0.0,0.0,preceding,preceding,1,1
32.40221904479113,0.0,0.0,0.0,preceding,preceding,1,1
32.56818713862859,0.0,0.0,0.0,preceding,preceding,1,1
32.75285576291886,0.0,0.0,0.0,preceding,preceding,1,1
32.914303332207226,0.0,0.0,0.0,preceding,preceding,1,1
33.08289064757205,0.0,0.0,0.0,preceding,preceding,1,1
33.24087037543025,0.0,0.0,0.0,preceding,preceding,1,1
33.38558707163815,0.0,0.0,0.0,preceding,preceding,1,1
33.530685756642924,0.0,0.0,0.0,preceding,preceding,1,1
33.686441849352185,0.0,0.0,0.0,preceding,preceding,1,1
33.830867266007424,0.0,0.0,0.0,preceding,preceding,1,1
33.97366142874558,0.0,0.0,0.0,preceding,preceding,1,1
34.101236824995,0.0,0.0,0.0,preceding,preceding,1,1
34.22803499312629,0.0,0.0,0.0,preceding,preceding,1,1
34.37716209708625,0.0,0.0,0.0,preceding,preceding,1,1
34.502114131453176,0.0,0.0,0.0,preceding,preceding,1,1
34.62306333860687,0.0,0.0,0.0,preceding,preceding,1,1
34.74559544033121,0.0,0.0,0.0,preceding,preceding,1,1
34.88188564742192,0.0,0.0,0.0,preceding,preceding,1,1
35.00213045558079,0.0,0.0,0.0,preceding,preceding,1,1
35.114768448735326,0.0,0.0,0.0,preceding,preceding,1,1
35.23807339694512,0.0,0.0,0.0,preceding,preceding,1,1
35.36131463270284,0.0,0.0,0.0,preceding,preceding,1,1
35.46513353427575,0.0,0.0,0.0,preceding,preceding,1,1
35.581204687204824,0.0,0.0,0.0,preceding,preceding,1,1
35.69377691030541,0.0,0.0,0.0,preceding,preceding,1,1
35.79765632677903,0.0,0.0,0.0,preceding,preceding,1,1
35.905542753457745,0.0,0.0,0.0,preceding,preceding,1,1
36.01241548867145,0.0,0.0,0.0,preceding,preceding,1,1
36.1143928434854,0.0,0.0,0.0,preceding,preceding,1,1
36.21186696953961,0.0,0.0,0.0,preceding,preceding,1,1
36.31139909628288,0.0,0.0,0.0,preceding,preceding,1,1
36.40534674861848,0.0,0.0,0.0,preceding,preceding,1,1
36.49608294017179,0.0,0.0,0.0,preceding,preceding,1,1
36.5867873665824,0.0,0.0,0.0,preceding,preceding,1,1
36.69519644617847,0.0,0.0,0.0,preceding,preceding,1,1
36.78210253454738,0.0,0.0,0.0,preceding,preceding,1,1
36.86657117263925,0.0,0.0,0.0,preceding,preceding,1,1
36.95027096791386,0.0,0.0,0.0,preceding,preceding,1,1
37.04600942883192,0.0,0.0,0.0,preceding,preceding,1,1
37.14365005742095,0.0,0.0,0.0,preceding,preceding,1,1
37.23454089614571,0.0,0.0,0.0,preceding,preceding,1,1
37.31922987456262,0.0,0.0,0.0,preceding,preceding,1,1
37.41193646746834,0.0,0.0,0.0,preceding,preceding,1,1
37.48194855031305,0.0,0.0,0.0,preceding,preceding,1,1
37.57741556368077,0.0,0.0,0.0,preceding,preceding,1,1
37.694640712423,0.0,0.0,0.0,preceding,preceding,1,1
37.76669208766078,0.0,0.0,0.0,preceding,preceding,1,1
37.87099937901926,0.0,0.0,0.0,preceding,preceding,1,1
37.95605030142238,0.0,0.0,0.0,preceding,preceding,1,1
38.063007559766845,0.0,0.0,0.0,preceding,preceding,1,1
38.16731273200728,0.0,0.0,0.0,preceding,preceding,1,1
38.2742832948177,0.0,0.0,0.0,preceding,preceding,1,1
38.37424217570593,0.0,0.0,0.0,preceding,preceding,1,1
38.4724692170981,0.0,0.0,0.0,preceding,preceding,1,1
38.56645677690504,0.0,0.0,0.0,preceding,preceding,1,1
38.682224716862784,0.0,0.0,0.0,preceding,preceding,1,1
38.80151405480587,0.0,0.0,0.0,preceding,preceding,1,1
38.89986684446105,0.0,0.0,0.0,preceding,preceding,1,1
39.00875859828075,0.0,0.0,0.0,preceding,preceding,1,1
39.10437181215471,0.0,0.0,0.0,preceding,preceding,1,1
39.22447222839359,0.0,0.0,0.0,preceding,preceding,1,1
39.32558627876082,0.0,0.0,0.0,preceding,preceding,1,1
39.44594582822801,0.0,0.0,0.0,preceding,preceding,1,1
39.56622014014112,0.0,0.0,0.0,preceding,preceding,1,1
39.66936320197774,0.0,0.0,0.0,preceding,preceding,1,1
39.78559311476724,0.0,0.0,0.0,preceding,preceding,1,1
39.90261140238316,0.0,0.0,0.0,preceding,preceding,1,1
39.993769351876985,0.0,0.0,0.0,preceding,preceding,1,1
40.09195511336506,0.0,0.0,0.0,preceding,preceding,1,1
40.211870958575766,0.0,0.0,0.0,preceding,preceding,1,1
40.33820238691983,0.0,0.0,0.0,preceding,preceding,1,1
40.44115601007091,0.0,0.0,0.0,preceding,preceding,1,1
40.544282803619694,0.0,0.0,0.0,preceding,preceding,1,1
40.64748739816706,0.0,0.0,0.0,preceding,preceding,1,1
40.76029939536058,0.0,0.0,0.0,preceding,preceding,1,1
40.87312904923687,0.0,0.0,0.0,preceding,preceding,1,1
40.97557535284566,0.0,0.0,0.0,preceding,preceding,1,1
41.08626645934043,0.0,0.0,0.0,preceding,preceding,1,1
41.20173104184176,0.0,0.0,0.0,preceding,preceding,1,1
41.30052218866631,0.0,0.0,0.0,preceding,preceding,1,1
41.3974277249346,0.0,0.0,0.0,preceding,preceding,1,1
41.501117546159776,0.0,0.0,0.0,preceding,preceding,1,1
41.60258952852096,0.0,0.0,0.0,preceding,preceding,1,1
41.70068923673541,0.0,0.0,0.0,preceding,preceding,1,1
41.79584885221959,0.0,0.0,0.0,preceding,preceding,1,1
41.87659998443344,0.0,0.0,0.0,preceding,preceding,1,1
41.97289855354777,0.0,0.0,0.0,preceding,preceding,1,1
42.071685539251504,0.0,0.0,0.0,preceding,preceding,1,1
42.1400929672205,0.0,0.0,0.0,preceding,preceding,1,1
42.21564791188262,0.0,0.0,0.0,preceding,preceding,1,1
42.305820039288896,0.0,0.0,0.0,preceding,preceding,1,1
42.365565105451616,0.0,0.0,0.0,preceding,preceding,1,1
42.44540761581191,0.0,0.0,0.0,preceding,preceding,1,1
42.52091363385284,0.0,0.0,0.0,preceding,preceding,1,1
42.570283234792505,0.0,0.0,0.0,preceding,preceding,1,1
42.630540839433486,0.0,0.0,0.0,preceding,preceding,1,1
42.69091355251155,0.0,0.0,0.0,preceding,preceding,1,1
42.74201418494902,0.0,0.0,0.0,preceding,preceding,1,1
42.77989314923988,0.0,0.0,0.0,preceding,preceding,1,1
42.83198293385061,0.0,0.0,0.0,preceding,preceding,1,1
42.86992498996149,0.0,0.0,0.0,preceding,preceding,1,1
42.88457116990538,0.0,0.0,0.0,preceding,preceding,1,1
42.91604982665561,0.0,0.0,0.0,preceding,preceding,1,1
42.94763492424487,0.0,0.0,0.0,preceding,preceding,1,1
42.968659387901546,0.0,0.0,0.0,preceding,preceding,1,1
42.970391535012766,0.0,0.0,0.0,preceding,preceding,1,1
42.97800588952759,0.0,0.0,0.0,preceding,preceding,1,1
42.97470163178308,0.0,0.0,0.0,oncoming,oncoming,1,1
42.97359303627564,0.0,0.0,0.0,preceding,preceding,1,1
42.97472505607408,0.0,0.0,0.0,oncoming,oncoming,1,1
42.968820145751046,0.0,0.0,0.0,oncoming,oncoming,1,1
42.95463771168304,0.0,0.0,0.0,oncoming,oncoming,1,1
42.95827642610872,0.0,0.0,0.0,oncoming,oncoming,1,1
42.9465018399976,0.0,0.0,0.0,oncoming,oncoming,1,1
42.93975504168751,0.0,0.0,0.0,oncoming,oncoming,1,1
42.917621200510446,0.0,0.0,0.0,oncoming,oncoming,1,1
42.89786225843335,0.0,0.0,0.0,oncoming,oncoming,1,1
42.89762543946581,0.0,0.0,0.0,oncoming,oncoming,1,1
42.88921180349765,0.0,0.0,0.0,oncoming,oncoming,1,1
42.86337132857234,0.0,0.0,0.0,oncoming,oncoming,1,1
42.84259921154612,0.0,0.0,0.0,oncoming,oncoming,1,1
42.82598048231804,0.0,0.0,0.0,oncoming,oncoming,1,1
42.79854039899711,0.0,0.0,0.0,oncoming,oncoming,1,1
42.78239854563651,0.0,0.0,0.0,oncoming,oncoming,1,1
42.76413412021483,0.0,0.0,0.0,oncoming,oncoming,1,1
42.73313120850781,0.0,0.0,0.0,oncoming,oncoming,1,1
42.73868487160368,0.0,0.0,0.0,oncoming,oncoming,1,1
42.72026586999849,0.0,0.0,0.0,oncoming,oncoming,1,1
42.6890822311897,0.0,0.0,0.0,oncoming,oncoming,1,1
42.68378499870963,0.0,0.0,0.0,oncoming,oncoming,1,1
42.65853268897347,0.0,0.0,0.0,oncoming,oncoming,1,1
42.62036572809254,0.0,0.0,0.0,oncoming,oncoming,1,1
42.603973752135424,0.0,0.0,0.0,oncoming,oncoming,1,1
42.59158493452031,0.0,0.0,0.0,oncoming,oncoming,1,1
42.580954968959006,0.0,0.0,0.0,oncoming,oncoming,1,1
42.54685235396691,0.0,0.0,0.0,oncoming,oncoming,1,1
42.533804456209566,0.0,0.0,0.0,oncoming,oncoming,1,1
42.49733330367669,0.0,0.0,0.0,oncoming,oncoming,1,1
42.47141500524181,0.0,0.0,0.0,oncoming,oncoming,1,1
42.45780505005664,0.0,0.0,0.0,oncoming,oncoming,1,1
42.42676069682391,0.0,0.0,0.0,oncoming,oncoming,1,1
42.40288065913817,0.0,0.0,0.0,oncoming,oncoming,1,1
42.373682767870896,0.0,0.0,0.0,oncoming,oncoming,1,1
42.344588791432784,0.0,0.0,0.0,oncoming,oncoming,1,1
42.31548330635755,0.0,0.0,0.0,oncoming,oncoming,1,1
42.27330914426525,0.0,0.0,0.0,oncoming,oncoming,1,1
42.25903240032094,0.0,0.0,0.0,oncoming,oncoming,1,1
42.22476771426439,0.0,0.0,0.0,oncoming,oncoming,1,1
42.1799911987467,0.0,0.0,0.0,oncoming,oncoming,1,1
42.15704299459748,0.0,0.0,0.0,oncoming,oncoming,1,1
42.137749443681614,0.0,0.0,0.0,oncoming,oncoming,1,1
42.09047817247699,0.0,0.0,0.0,oncoming,oncoming,1,1
42.05020601989999,0.0,0.0,0.0,oncoming,oncoming,1,1
42.02208050879537,0.0,0.0,0.0,oncoming,oncoming,1,1
41.992212586005664,0.0,0.0,0.0,oncoming,oncoming,1,1
41.95104176860735,0.0,0.0,0.0,oncoming,oncoming,1,1
41.908106507226265,0.0,0.0,0.0,oncoming,oncoming,1,1
41.890652323251615,0.0,0.0,0.0,oncoming,oncoming,1,1
41.84947388678521,0.0,0.0,0.0,oncoming,oncoming,1,1
41.823241226803205,0.0,0.0,0.0,oncoming,oncoming,1,1
41.784876830261545,0.0,0.0,0.0,oncoming,oncoming,1,1
41.746375793970216,0.0,0.0,0.0,oncoming,oncoming,1,1
41.712264656564514,0.0,0.0,0.0,oncoming,oncoming,1,1
41.67560277006555,0.0,0.0,0.0,oncoming,oncoming,1,1
41.66944115812817,0.0,0.0,0.0,oncoming,oncoming,1,1
41.62483972644054,0.0,0.0,0.0,oncoming,oncoming,1,1
41.58817131904575,0.0,0.0,0.0,oncoming,oncoming,1,1
41.57144073229761,0.0,0.0,0.0,oncoming,oncoming,1,1
41.52685445432182,0.0,0.0,0.0,oncoming,oncoming,1,1
41.50395187290746,0.0,0.0,0.0,oncoming,oncoming,1,1
41.48987968540432,0.0,0.0,0.0,oncoming,oncoming,1,1
41.462901452541125,0.0,0.0,0.0,oncoming,oncoming,1,1
41.4401013639974,0.0,0.0,0.0,oncoming,oncoming,1,1
41.43049689246246,0.0,0.0,0.0,oncoming,oncoming,1,1
41.399662105627456,0.0,0.0,0.0,oncoming,oncoming,1,1
41.38379876688011,0.0,0.0,0.0,oncoming,oncoming,1,1
41.3436585260391,0.0,0.0,0.0,oncoming,oncoming,1,1
41.31020339546442,0.0,0.0,0.0,oncoming,oncoming,1,1
41.27679957485141,0.0,0.0,0.0,oncoming,oncoming,1,1
41.26255674517438,0.0,0.0,0.0,oncoming,oncoming,1,1
41.21606806904264,0.0,0.0,0.0,oncoming,oncoming,1,1
41.19386694526605,0.0,0.0,0.0,oncoming,oncoming,1,1
41.15789527068098,0.0,0.0,0.0,oncoming,oncoming,1,1
41.11987646356067,0.0,0.0,0.0,oncoming,oncoming,1,1
41.06457271790946,0.0,0.0,0.0,oncoming,oncoming,1,1
41.02825098944843,0.0,0.0,0.0,oncoming,oncoming,1,1
40.99455092927792,0.0,0.0,0.0,oncoming,oncoming,1,1
40.92772440168262,0.0,0.0,0.0,oncoming,oncoming,1,1
40.89838917874195,0.0,0.0,0.0,oncoming,oncoming,1,1
40.84280227005412,0.0,0.0,0.0,oncoming,oncoming,1,1
40.80038915030979,0.0,0.0,0.0,oncoming,oncoming,1,1
40.76409489179714,0.0,0.0,0.0,oncoming,oncoming,1,1
40.70780119603476,0.0,0.0,0.0,oncoming,oncoming,1,1
40.65862465941265,0.0,0.0,0.0,oncoming,oncoming,1,1
40.60100453931455,0.0,0.0,0.0,oncoming,oncoming,1,1
40.545303786925125,0.0,0.0,0.0,oncoming,oncoming,1,1
40.48803530230162,0.0,0.0,0.0,oncoming,oncoming,1,1
40.45213472072628,0.0,0.0,0.0,oncoming,oncoming,1,1
40.39462936651885,0.0,0.0,0.0,oncoming,oncoming,1,1
40.32196443250935,0.0,0.0,0.0,oncoming,oncoming,1,1
40.26291439946095,0.0,0.0,0.0,oncoming,oncoming,1,1
40.202091845207214,0.0,0.0,0.0,oncoming,oncoming,1,1
40.13908018711908,0.0,0.0,0.0,oncoming,oncoming,1,1
40.09158643590029,0.0,0.0,0.0,oncoming,oncoming,1,1
40.03818189890406,0.0,0.0,0.0,oncoming,oncoming,1,1
39.97570634247621,0.0,0.0,0.0,oncoming,oncoming,1,1
39.893185376192925,0.0,0.0,0.0,oncoming,oncoming,1,1
39.83356412136592,0.0,0.0,0.0,oncoming,oncoming,1,1
39.77234198638695,0.0,0.0,0.0,oncoming,oncoming,1,1
39.691727012832544,0.0,0.0,0.0,oncoming,oncoming,1,1
39.63338024198461,0.0,0.0,0.0,oncoming,oncoming,1,1
39.57020211189351,0.0,0.0,0.0,oncoming,oncoming,1,1
39.47875325852459,0.0,0.0,0.0,oncoming,oncoming,1,1
39.43800620412344,0.0,0.0,0.0,oncoming,oncoming,1,1
39.37035716847233,0.0,0.0,0.0,oncoming,oncoming,1,1
39.29391499836851,0.0,0.0,0.0,oncoming,oncoming,1,1
39.238695550229714,0.0,0.0,0.0,oncoming,oncoming,1,1
39.1626465743441,0.0,0.0,0.0,oncoming,oncoming,1,1
39.092173531390905,0.0,0.0,0.0,oncoming,oncoming,1,1
39.02197530764341,0.0,0.0,0.0,oncoming,oncoming,1,1
38.97200653534141,0.0,0.0,0.0,oncoming,oncoming,1,1
38.89321463618017,0.0,0.0,0.0,oncoming,oncoming,1,1
38.843945886094765,0.0,0.0,0.0,oncoming,oncoming,1,1
38.78295104037501,0.0,0.0,0.0,oncoming,oncoming,1,1
38.72796412934149,0.0,0.0,0.0,oncoming,oncoming,1,1
38.67015417926208,0.0,0.0,0.0,oncoming,oncoming,1,1
38.59988438749352,0.0,0.0,0.0,oncoming,oncoming,1,1
38.55942199583972,0.0,0.0,0.0,oncoming,oncoming,1,1
38.4928672721059,0.0,0.0,0.0,oncoming,oncoming,1,1
38.43939888931928,0.0,0.0,0.0,oncoming,oncoming,1,1
38.3733740978894,0.0,0.0,0.0,oncoming,oncoming,1,1
38.34255073301024,0.0,0.0,0.0,oncoming,oncoming,1,1
38.27355913785568,0.0,0.0,0.0,oncoming,oncoming,1,1
38.22742440208158,0.0,0.0,0.0,oncoming,oncoming,1,1
38.183908955771294,0.0,0.0,0.0,oncoming,oncoming,1,1
38.12389066404924,0.0,0.0,0.0,oncoming,oncoming,1,1
38.09563817539877,0.0,0.0,0.0,oncoming,oncoming,1,1
38.01883232738377,0.0,0.0,0.0,oncoming,oncoming,1,1
37.97891449703263,0.0,0.0,0.0,oncoming,oncoming,1,1
37.93006719128925,0.0,0.0,0.0,oncoming,oncoming,1,1
37.89662122546884,0.0,0.0,0.0,oncoming,oncoming,1,1
37.83949762442658,0.0,0.0,0.0,oncoming,oncoming,1,1
37.81066258905572,0.0,0.0,0.0,oncoming,oncoming,1,1
37.75628282970816,0.0,0.0,0.0,oncoming,oncoming,1,1
37.72144518283365,0.0,0.0,0.0,oncoming,oncoming,1,1
37.68167704522035,0.0,0.0,0.0,oncoming,oncoming,1,1
37.64809261134101,0.0,0.0,0.0,oncoming,oncoming,1,1
37.61439251295489,0.0,0.0,0.0,oncoming,oncoming,1,1
37.58170574184688,0.0,0.0,0.0,oncoming,oncoming,1,1
37.53557601531114,0.0,0.0,0.0,oncoming,oncoming,1,1
37.50855250280972,0.0,0.0,0.0,oncoming,oncoming,1,1
37.4971257608907,0.0,0.0,0.0,oncoming,oncoming,1,1
37.45244635044752,0.0,0.0,0.0,oncoming,oncoming,1,1
37.43304581403792,0.0,0.0,0.0,oncoming,oncoming,1,1
37.40440790027606,0.0,0.0,0.0,oncoming,oncoming,1,1
37.392162752681074,0.0,0.0,0.0,oncoming,oncoming,1,1
37.37564763849943,0.0,0.0,0.0,oncoming,oncoming,1,1
37.35189087664018,0.0,0.0,0.0,oncoming,oncoming,1,1
37.335381956687534,0.0,0.0,0.0,oncoming,oncoming,1,1
37.31892555367468,0.0,0.0,0.0,oncoming,oncoming,1,1
37.31347773116682,0.0,0.0,0.0,oncoming,oncoming,1,1
37.29261589258592,0.0,0.0,0.0,oncoming,oncoming,1,1
37.28533322423458,0.0,0.0,0.0,oncoming,oncoming,1,1
37.27989558181115,0.0,0.0,0.0,oncoming,oncoming,1,1
37.26629270956532,0.0,0.0,0.0,oncoming,oncoming,1,1
37.245413630107606,0.0,0.0,0.0,oncoming,oncoming,1,1
37.2399424533176,0.0,0.0,0.0,oncoming,oncoming,1,1
37.230605785312136,0.0,0.0,0.0,oncoming,oncoming,1,1
37.22514893376141,0.0,0.0,0.0,oncoming,oncoming,1,1
37.21151036408702,0.0,0.0,0.0,oncoming,oncoming,1,1
37.20403497963477,0.0,0.0,0.0,oncoming,oncoming,1,1
37.20286004686902,0.0,0.0,0.0,oncoming,oncoming,1,1
37.17994999652782,0.0,0.0,0.0,oncoming,oncoming,1,1
37.186066264079024,0.0,0.0,0.0,oncoming,oncoming,1,1
37.1757698136845,0.0,0.0,0.0,oncoming,oncoming,1,1
37.15290920006073,0.0,0.0,0.0,oncoming,oncoming,1,1
37.14685609747588,0.0,0.0,0.0,oncoming,oncoming,1,1
37.14367287281197,0.0,0.0,0.0,oncoming,oncoming,1,1
37.12510799812989,0.0,0.0,0.0,oncoming,oncoming,1,1
37.11990721196458,0.0,0.0,0.0,preceding,preceding,1,1
37.12602015093989,0.0,0.0,0.0,oncoming,oncoming,1,1
37.11361750132392,0.0,0.0,0.0,oncoming,oncoming,1,1
37.09078358996975,0.0,0.0,0.0,oncoming,oncoming,1,1
37.08767011175518,0.0,0.0,0.0,preceding,preceding,1,1
37.09175401488106,0.0,0.0,0.0,oncoming,oncoming,1,1
37.08429692439853,0.0,0.0,0.0,oncoming,oncoming,1,1
37.08406576721764,0.0,0.0,0.0,oncoming,oncoming,1,1
37.06553074608446,0.0,0.0,0.0,oncoming,oncoming,1,1
37.05612648962094,0.0,0.0,0.0,oncoming,oncoming,1,1
37.04868460955372,0.0,0.0,0.0,preceding,preceding,1,1
37.05776895655131,0.0,0.0,0.0,preceding,preceding,1,1
37.05762204735321,0.0,0.0,0.0,oncoming,oncoming,1,1
37.04104778519062,0.0,0.0,0.0,oncoming,oncoming,1,1
37.02315688683956,0.0,0.0,0.0,oncoming,oncoming,1,1
37.00644726402112,0.0,0.0,0.0,oncoming,oncoming,1,1
36.99084845962838,0.0,0.0,0.0,oncoming,oncoming,1,1
36.97908715557026,0.0,0.0,0.0,oncoming,oncoming,1,1
36.9519243794423,0.0,0.0,0.0,oncoming,oncoming,1,1
36.94259769034352,0.0,0.0,0.0,oncoming,oncoming,1,1
36.92274797336541,0.0,0.0,0.0,oncoming,oncoming,1,1
36.89076293669413,0.0,0.0,0.0,oncoming,oncoming,1,1
36.87893594352015,0.0,0.0,0.0,oncoming,oncoming,1,1
36.84256579234364,0.0,0.0,0.0,oncoming,oncoming,1,1
36.81547129159199,0.0,0.0,0.0,oncoming,oncoming,1,1
36.78350808570968,0.0,0.0,0.0,oncoming,oncoming,1,1
36.76249176308275,0.0,0.0,0.0,oncoming,oncoming,1,1
36.71882536028956,0.0,0.0,0.0,oncoming,oncoming,1,1
36.68435670402147,0.0,0.0,0.0,oncoming,oncoming,1,1
36.64798429309472,0.0,0.0,0.0,oncoming,oncoming,1,1
36.611687006129806,0.0,0.0,0.0,oncoming,oncoming,1,1
36.587771434388856,0.0,0.0,0.0,oncoming,oncoming,1,1
36.53816241230613,0.0,0.0,0.0,oncoming,oncoming,1,1
36.49025919906255,0.0,0.0,0.0,oncoming,oncoming,1,1
36.4558270120644,0.0,0.0,0.0,oncoming,oncoming,1,1
36.42144083604789,0.0,0.0,0.0,oncoming,oncoming,1,1
36.37781968345404,0.0,0.0,0.0,oncoming,oncoming,1,1
36.32377927733729,0.0,0.0,0.0,oncoming,oncoming,1,1
36.2821078741708,0.0,0.0,0.0,oncoming,oncoming,1,1
36.23857679783487,0.0,0.0,0.0,oncoming,oncoming,1,1
36.177202321136924,0.0,0.0,0.0,oncoming,oncoming,1,1
36.13550357034289,0.0,0.0,0.0,oncoming,oncoming,1,1
36.08099832962228,0.0,0.0,0.0,oncoming,oncoming,1,1
36.03493538124856,0.0,0.0,0.0,oncoming,oncoming,1,1
35.9841100034322,0.0,0.0,0.0,oncoming,oncoming,1,1
35.922198549145,0.0,0.0,0.0,oncoming,oncoming,1,1
35.871218025414365,0.0,0.0,0.0,oncoming,oncoming,1,1
35.82950724535624,0.0,0.0,0.0,oncoming,oncoming,1,1
35.76472128823668,0.0,0.0,0.0,oncoming,oncoming,1,1
35.71873287419927,0.0,0.0,0.0,oncoming,oncoming,1,1
35.65885712604082,0.0,0.0,0.0,oncoming,oncoming,1,1
35.614269435875414,0.0,0.0,0.0,oncoming,oncoming,1,1
35.577070523276326,0.0,0.0,0.0,oncoming,oncoming,1,1
35.52822864602767,0.0,0.0,0.0,oncoming,oncoming,1,1
35.49303190701244,0.0,0.0,0.0,oncoming,oncoming,1,1
35.422187340342724,0.0,0.0,0.0,oncoming,oncoming,1,1
35.377845137783424,0.0,0.0,0.0,oncoming,oncoming,1,1
35.33163699019121,0.0,0.0,0.0,oncoming,oncoming,1,1
35.29157687787631,0.0,0.0,0.0,oncoming,oncoming,1,1
35.24326878321314,0.0,0.0,0.0,oncoming,oncoming,1,1
35.20128472165487,0.0,0.0,0.0,oncoming,oncoming,1,1
35.14083183754591,0.0,0.0,0.0,oncoming,oncoming,1,1
35.11416191873555,0.0,0.0,0.0,oncoming,oncoming,1,1
35.05970899953911,0.0,0.0,0.0,oncoming,oncoming,1,1
35.03315074028328,0.0,0.0,0.0,oncoming,oncoming,1,1
34.98919952434045,0.0,0.0,0.0,oncoming,oncoming,1,1
34.946178510489226,0.0,0.0,0.0,oncoming,oncoming,1,1
34.904104271858515,0.0,0.0,0.0,oncoming,oncoming,1,1
34.86151134947895,0.0,0.0,0.0,oncoming,oncoming,1,1
34.844101647765775,0.0,0.0,0.0,oncoming,oncoming,1,1
34.813718202139725,0.0,0.0,0.0,oncoming,oncoming,1,1
34.7810106526948,0.0,0.0,0.0,oncoming,oncoming,1,1
34.74338221647115,0.0,0.0,0.0,oncoming,oncoming,1,1
34.732654056675706,0.0,0.0,0.0,oncoming,oncoming,1,1
34.6950853716702,0.0,0.0,0.0,oncoming,oncoming,1,1
34.66237581455634,0.0,0.0,0.0,oncoming,oncoming,1,1
34.63396780809924,0.0,0.0,0.0,oncoming,oncoming,1,1
34.585489447472014,0.0,0.0,0.0,oncoming,oncoming,1,1
34.57979709755229,0.0,0.0,0.0,oncoming,oncoming,1,1
34.54531295125056,0.0,0.0,0.0,oncoming,oncoming,1,1
34.522401662317,0.0,0.0,0.0,oncoming,oncoming,1,1
34.49821726920848,0.0,0.0,0.0,oncoming,oncoming,1,1
34.49267764188615,0.0,0.0,0.0,oncoming,oncoming,1,1
34.47463749979335,0.0,0.0,0.0,oncoming,oncoming,1,1
34.44808324912189,0.0,0.0,0.0,oncoming,oncoming,1,1
34.44879491363909,0.0,0.0,0.0,oncoming,oncoming,1,1
34.41723529690636,0.0,0.0,0.0,oncoming,oncoming,1,1
34.40941206651268,0.0,0.0,0.0,oncoming,oncoming,1,1
34.40156025820448,0.0,0.0,0.0,oncoming,oncoming,1,1
34.38748473633698,0.0,0.0,0.0,oncoming,oncoming,1,1
34.395198514505815,0.0,0.0,0.0,oncoming,oncoming,1,1
34.38224253668301,0.0,0.0,0.0,oncoming,oncoming,1,1
34.35402926626766,0.0,0.0,0.0,oncoming,oncoming,1,1
34.353828002829474,0.0,0.0,0.0,oncoming,oncoming,1,1
34.3383127564054,0.0,0.0,0.0,oncoming,oncoming,1,1
34.32308479215191,0.0,0.0,0.0,oncoming,oncoming,1,1
34.324918127967045,0.0,0.0,0.0,oncoming,oncoming,1,1
34.320187016798336,0.0,0.0,0.0,oncoming,oncoming,1,1
34.321075757327314,0.0,0.0,0.0,oncoming,oncoming,1,1
34.314366786844744,0.0,0.0,0.0,oncoming,oncoming,1,1
34.30879006056005,0.0,0.0,0.0,preceding,preceding,1,1
34.3223795999226,0.0,0.0,0.0,preceding,preceding,1,1
34.33254267630218,0.0,0.0,0.0,oncoming,oncoming,1,1
34.31274877294612,0.0,0.0,0.0,oncoming,oncoming,1,1
34.32423656091406,0.0,0.0,0.0,preceding,preceding,1,1
34.325256152007654,0.0,0.0,0.0,oncoming,oncoming,1,1
34.32361049618952,0.0,0.0,0.0,preceding,preceding,1,1
34.33063464114595,0.0,0.0,0.0,preceding,preceding,1,1
34.336133103518826,0.0,0.0,0.0,preceding,preceding,1,1
34.3466482215069,0.0,0.0,0.0,preceding,preceding,1,1
34.33966493965088,0.0,0.0,0.0,oncoming,oncoming,1,1
34.341705092121146,0.0,0.0,0.0,oncoming,oncoming,1,1
34.33492936149669,0.0,0.0,0.0,preceding,preceding,1,1
34.34847470880502,0.0,0.0,0.0,preceding,preceding,1,1
34.337405685085535,0.0,0.0,0.0,preceding,preceding,1,1
34.353715790462694,0.0,0.0,0.0,preceding,preceding,1,1
34.347889222867266,0.0,0.0,0.0,preceding,preceding,1,1
34.35642549691234,0.0,0.0,0.0,preceding,preceding,1,1
34.354400638544135,0.0,0.0,0.0,oncoming,oncoming,1,1
34.34452790369137,0.0,0.0,0.0,preceding,preceding,1,1
34.357196685608976,0.0,0.0,0.0,preceding,preceding,1,1
34.34630478618273,0.0,0.0,0.0,oncoming,oncoming,1,1
34.35008102796729,0.0,0.0,0.0,oncoming,oncoming,1,1
34.34141239243489,0.0,0.0,0.0,oncoming,oncoming,1,1
34.33764067159023,0.0,0.0,0.0,oncoming,oncoming,1,1
34.32423513246873,0.0,0.0,0.0,oncoming,oncoming,1,1
34.321429103235936,0.0,0.0,0.0,oncoming,oncoming,1,1
34.31902494518744,0.0,0.0,0.0,oncoming,oncoming,1,1
34.320779601796886,0.0,0.0,0.0,preceding,preceding,1,1
34.333416493993774,0.0,0.0,0.0,preceding,preceding,1,1
34.33387062522018,0.0,0.0,0.0,oncoming,oncoming,1,1
34.32294285846503,0.0,0.0,0.0,oncoming,oncoming,1,1
34.32628723438413,0.0,0.0,0.0,preceding,preceding,1,1
34.33389773680093,0.0,0.0,0.0,preceding,preceding,1,1
34.3503787526512,0.0,0.0,0.0,preceding,preceding,1,1
34.351783459723215,0.0,0.0,0.0,preceding,preceding,1,1
34.35934261170049,0.0,0.0,0.0,preceding,preceding,1,1
34.39649994404076,0.0,0.0,0.0,preceding,preceding,1,1
34.41310442626587,0.0,0.0,0.0,preceding,preceding,1,1
34.41868356569547,0.0,0.0,0.0,preceding,preceding,1,1
34.45409116362468,0.0,0.0,0.0,preceding,preceding,1,1
34.45300371056991,0.0,0.0,0.0,preceding,preceding,1,1
34.48186968892387,0.0,0.0,0.0,preceding,preceding,1,1
34.50908344528282,0.0,0.0,0.0,preceding,preceding,1,1
34.51408239210705,0.0,0.0,0.0,preceding,preceding,1,1
34.53868972856354,0.0,0.0,0.0,preceding,preceding,1,1
34.56317259706733,0.0,0.0,0.0,preceding,preceding,1,1
34.57478635873047,0.0,0.0,0.0,preceding,preceding,1,1
34.6017448390388,0.0,0.0,0.0,preceding,preceding,1,1
34.628288677749126,0.0,0.0,0.0,preceding,preceding,1,1
34.645812800895804,0.0,0.0,0.0,preceding,preceding,1,1
34.69159837615079,0.0,0.0,0.0,preceding,preceding,1,1
34.69654019292808,0.0,0.0,0.0,preceding,preceding,1,1
34.7135493546874,0.0,0.0,0.0,preceding,preceding,1,1
34.7466564466648,0.0,0.0,0.0,preceding,preceding,1,1
34.78254739183669,0.0,0.0,0.0,preceding,preceding,1,1
34.78235776485786,0.0,0.0,0.0,preceding,preceding,1,1
34.787005125135366,0.0,0.0,0.0,preceding,preceding,1,1
34.81151645410629,0.0,0.0,0.0,preceding,preceding,1,1
34.82740243326143,0.0,0.0,0.0,preceding,preceding,1,1
34.82934451172278,0.0,0.0,0.0,oncoming,oncoming,1,1
34.812329387930426,0.0,0.0,0.0,oncoming,oncoming,1,1
34.81534114044274,0.0,0.0,0.0,preceding,preceding,1,1
34.817676240282154,0.0,0.0,0.0,oncoming,oncoming,1,1
34.79293506444518,0.0,0.0,0.0,oncoming,oncoming,1,1
34.761168287474995,0.0,0.0,0.0,oncoming,oncoming,1,1
34.75739899516704,0.0,0.0,0.0,oncoming,oncoming,1,1
34.71845783502873,0.0,0.0,0.0,oncoming,oncoming,1,1
34.702892050007314,0.0,0.0,0.0,oncoming,oncoming,1,1
34.66565689370771,0.0,0.0,0.0,oncoming,oncoming,1,1
34.62184305952275,0.0,0.0,0.0,oncoming,oncoming,1,1
34.59446932511412,0.0,0.0,0.0,oncoming,oncoming,1,1
34.57202953778068,0.0,0.0,0.0,oncoming,oncoming,1,1
34.51900745755003,0.0,0.0,0.0,oncoming,oncoming,1,1
34.49393345609863,0.0,0.0,0.0,oncoming,oncoming,1,1
34.46074351728352,0.0,0.0,0.0,oncoming,oncoming,1,1
34.439058407314306,0.0,0.0,0.0,oncoming,oncoming,1,1
34.38820584363532,0.0,0.0,0.0,oncoming,oncoming,1,1
34.36793793856062,0.0,0.0,0.0,oncoming,oncoming,1,1
34.315476473819665,0.0,0.0,0.0,oncoming,oncoming,1,1
34.28446296831046,0.0,0.0,0.0,oncoming,oncoming,1,1
34.2501255117816,0.0,0.0,0.0,oncoming,oncoming,1,1
34.200923768318745,0.0,0.0,0.0,oncoming,oncoming,1,1
34.1625706279235,0.0,0.0,0.0,oncoming,oncoming,1,1
34.118838393327614,0.0,0.0,0.0,oncoming,oncoming,1,1
34.055348909743884,0.0,0.0,0.0,oncoming,oncoming,1,1
34.018311274429834,0.0,0.0,0.0,oncoming,oncoming,1,1
33.969767919399395,0.0,0.0,0.0,oncoming,oncoming,1,1
33.9259584496858,0.0,0.0,0.0,oncoming,oncoming,1,1
33.87223828582225,0.0,0.0,0.0,oncoming,oncoming,1,1
33.822817686429126,0.0,0.0,0.0,oncoming,oncoming,1,1
33.76074960557665,0.0,0.0,0.0,oncoming,oncoming,1,1
33.712812873574066,0.0,0.0,0.0,oncoming,oncoming,1,1
33.66167341174154,0.0,0.0,0.0,oncoming,oncoming,1,1
33.592498695416324,0.0,0.0,0.0,oncoming,oncoming,1,1
33.55077683685222,0.0,0.0,0.0,oncoming,oncoming,1,1
33.48156211973056,0.0,0.0,0.0,oncoming,oncoming,1,1
33.43104609400016,0.0,0.0,0.0,oncoming,oncoming,1,1
33.37134252638343,0.0,0.0,0.0,oncoming,oncoming,1,1
33.31163025224115,0.0,0.0,0.0,oncoming,oncoming,1,1
33.24634879208766,0.0,0.0,0.0,oncoming,oncoming,1,1
33.19347952386127,0.0,0.0,0.0,oncoming,oncoming,1,1
33.125550809110734,0.0,0.0,0.0,oncoming,oncoming,1,1
33.083651829109215,0.0,0.0,0.0,oncoming,oncoming,1,1
33.023577268466134,0.0,0.0,0.0,oncoming,oncoming,1,1
32.97890933623201,0.0,0.0,0.0,oncoming,oncoming,1,1
32.918897876981255,0.0,0.0,0.0,oncoming,oncoming,1,1
32.857792402395745,0.0,0.0,0.0,oncoming,oncoming,1,1
32.807531687097416,0.0,0.0,0.0,oncoming,oncoming,1,1
32.75736300495375,0.0,0.0,0.0,oncoming,oncoming,1,1
32.72785179665896,0.0,0.0,0.0,oncoming,oncoming,1,1
32.65534876287168,0.0,0.0,0.0,oncoming,oncoming,1,1
32.61752671569781,0.0,0.0,0.0,oncoming,oncoming,1,1
32.56477380437319,0.0,0.0,0.0,oncoming,oncoming,1,1
32.53109616140779,0.0,0.0,0.0,oncoming,oncoming,1,1
32.472570754218616,0.0,0.0,0.0,oncoming,oncoming,1,1
32.404657508623536,0.0,0.0,0.0,oncoming,oncoming,1,1
32.3643308598704,0.0,0.0,0.0,oncoming,oncoming,1,1
32.29314919888673,0.0,0.0,0.0,oncoming,oncoming,1,1
32.245479915933345,0.0,0.0,0.0,oncoming,oncoming,1,1
32.18688133054045,0.0,0.0,0.0,oncoming,oncoming,1,1
32.139692286408014,0.0,0.0,0.0,oncoming,oncoming,1,1
32.07696355959818,0.0,0.0,0.0,oncoming,oncoming,1,1
32.03375037721439,0.0,0.0,0.0,oncoming,oncoming,1,1
31.980731167354968,0.0,0.0,0.0,oncoming,oncoming,1,1
31.919260253880086,0.0,0.0,0.0,oncoming,oncoming,1,1
31.852103590664974,0.0,0.0,0.0,oncoming,oncoming,1,1
31.801447064269126,0.0,0.0,0.0,oncoming,oncoming,1,1
31.759314166050515,0.0,0.0,0.0,oncoming,oncoming,1,1
31.695036211339364,0.0,0.0,0.0,oncoming,oncoming,1,1
31.63632285899925,0.0,0.0,0.0,oncoming,oncoming,1,1
31.57753860042201,0.0,0.0,0.0,oncoming,oncoming,1,1
31.532111936287706,0.0,0.0,0.0,oncoming,oncoming,1,1
31.458143957023356,0.0,0.0,0.0,oncoming,oncoming,1,1
31.42114042736322,0.0,0.0,0.0,oncoming,oncoming,1,1
31.351671565879727,0.0,0.0,0.0,oncoming,oncoming,1,1
31.29013426491122,0.0,0.0,0.0,oncoming,oncoming,1,1
31.229272998595885,0.0,0.0,0.0,oncoming,oncoming,1,1
31.148691348370424,0.0,0.0,0.0,oncoming,oncoming,1,1
31.089360434711708,0.0,0.0,0.0,oncoming,oncoming,1,1
30.99219339921032,0.0,0.0,0.0,oncoming,oncoming,1,1
30.9244149580975,0.0,0.0,0.0,oncoming,oncoming,1,1
30.83944899940966,0.0,0.0,0.0,oncoming,oncoming,1,1
30.76674525259449,0.0,0.0,0.0,oncoming,oncoming,1,1
30.68738147458768,0.0,0.0,0.0,oncoming,oncoming,1,1
30.604635656810213,0.0,0.0,0.0,oncoming,oncoming,1,1
30.502672274038968,0.0,0.0,0.0,oncoming,oncoming,1,1
30.410368248943637,0.0,0.0,0.0,oncoming,oncoming,1,1
30.3193947573497,0.0,0.0,0.0,oncoming,oncoming,1,1
30.23239022160943,0.0,0.0,0.0,oncoming,oncoming,1,1
30.13413411679784,0.0,0.0,0.0,oncoming,oncoming,1,1
30.045303423878508,0.0,0.0,0.0,oncoming,oncoming,1,1
29.956934412717683,0.0,0.0,0.0,oncoming,oncoming,1,1
29.873098175690647,0.0,0.0,0.0,oncoming,oncoming,1,1
29.778410782019392,0.0,0.0,0.0,oncoming,oncoming,1,1
29.70547278942011,0.0,0.0,0.0,oncoming,oncoming,1,1
29.60475691248084,0.0,0.0,0.0,oncoming,oncoming,1,1
29.50483610443163,0.0,0.0,0.0,oncoming,oncoming,1,1
29.422042900606677,0.0,0.0,0.0,oncoming,oncoming,1,1
29.30738919135101,0.0,0.0,0.0,oncoming,oncoming,1,1
29.20082455993009,0.0,0.0,0.0,oncoming,oncoming,1,1
29.07518203402384,0.0,0.0,0.0,oncoming,oncoming,1,1
28.987141682606392,0.0,0.0,0.0,oncoming,oncoming,1,1
28.855580368809825,0.0,0.0,0.0,oncoming,oncoming,1,1
28.72372896671034,0.0,0.0,0.0,oncoming,oncoming,1,1
28.58263575874297,0.0,0.0,0.0,oncoming,oncoming,1,1
28.482774302415937,0.0,0.0,0.0,oncoming,oncoming,1,1
28.35370358308018,0.0,0.0,0.0,oncoming,oncoming,1,1
28.228605949590158,0.0,0.0,0.0,oncoming,oncoming,1,1
28.10094270667208,0.0,0.0,0.0,oncoming,oncoming,1,1
27.97843697649793,0.0,0.0,0.0,oncoming,oncoming,1,1
27.844920925954373,0.0,0.0,0.0,oncoming,oncoming,1,1
27.72372058499173,0.0,0.0,0.0,oncoming,oncoming,1,1
27.60405165667539,0.0,0.0,0.0,oncoming,oncoming,1,1
27.475628021970863,0.0,0.0,0.0,oncoming,oncoming,1,1
27.35009907738957,0.0,0.0,0.0,oncoming,oncoming,1,1
27.235374896816516,0.0,0.0,0.0,oncoming,oncoming,1,1
27.112481560540093,0.0,0.0,0.0,oncoming,oncoming,1,1
27.005046736121862,0.0,0.0,0.0,oncoming,oncoming,1,1
26.90396860792621,0.0,0.0,0.0,oncoming,oncoming,1,1
26.81516278803115,0.0,0.0,0.0,oncoming,oncoming,1,1
26.70104953399569,0.0,0.0,0.0,oncoming,oncoming,1,1
26.59774591628121,0.0,0.0,0.0,oncoming,oncoming,1,1
26.50667921574685,0.0,0.0,0.0,oncoming,oncoming,1,1
26.44752760200504,0.0,0.0,0.0,oncoming,oncoming,1,1
26.392929150533547,0.0,0.0,0.0,oncoming,oncoming,1,1
26.33605880822834,0.0,0.0,0.0,oncoming,oncoming,1,1
26.29640946977566,0.0,0.0,0.0,oncoming,oncoming,1,1
26.256905456785415,0.0,0.0,0.0,oncoming,oncoming,1,1
26.22823177283519,0.0,0.0,0.0,oncoming,oncoming,1,1
26.213203227376887,0.0,0.0,0.0,oncoming,oncoming,1,1
26.207810754191566,0.0,0.0,0.0,oncoming,oncoming,1,1
26.20123571699597,0.0,0.0,0.0,preceding,preceding,1,1
26.233719285642383,0.0,0.0,0.0,preceding,preceding,1,1
26.25312802980549,0.0,0.0,0.0,preceding,preceding,1,1
26.294414744276157,0.0,0.0,0.0,preceding,preceding,1,1
26.328573257953025,0.0,0.0,0.0,preceding,preceding,1,1
26.38224491373021,0.0,0.0,0.0,preceding,preceding,1,1
26.466041050164268,0.0,0.0,0.0,preceding,preceding,1,1
26.52210165023086,0.0,0.0,0.0,preceding,preceding,1,1
26.61582917226908,0.0,0.0,0.0,preceding,preceding,1,1
26.71444194511815,0.0,0.0,0.0,preceding,preceding,1,1
26.792511161462617,0.0,0.0,0.0,preceding,preceding,1,1
26.89974268769267,0.0,0.0,0.0,preceding,preceding,1,1
27.017957055227345,0.0,0.0,0.0,preceding,preceding,1,1
27.140150935633688,0.0,0.0,0.0,preceding,preceding,1,1
27.26350324779854,0.0,0.0,0.0,preceding,preceding,1,1
27.40256328214394,0.0,0.0,0.0,preceding,preceding,1,1
27.530101447766786,0.0,0.0,0.0,preceding,preceding,1,1
27.653612997194053,0.0,0.0,0.0,preceding,preceding,1,1
27.808869736485253,0.0,0.0,0.0,preceding,preceding,1,1
27.96434909196377,0.0,0.0,0.0,preceding,preceding,1,1
28.12100290414218,0.0,0.0,0.0,preceding,preceding,1,1
28.298589410779247,0.0,0.0,0.0,preceding,preceding,1,1
28.458226159742296,0.0,0.0,0.0,preceding,preceding,1,1
28.621935460387817,0.0,0.0,0.0,preceding,preceding,1,1
28.80562653335076,0.0,0.0,0.0,preceding,preceding,1,1
28.989141024335257,0.0,0.0,0.0,preceding,preceding,1,1
29.17410134195365,0.0,0.0,0.0,preceding,preceding,1,1
29.37455744955434,0.0,0.0,0.0,preceding,preceding,1,1
29.576399694708996,0.0,0.0,0.0,preceding,preceding,1,1
29.7838881749199,0.0,0.0,0.0,preceding,preceding,1,1
30.00535572038815,0.0,0.0,0.0,preceding,preceding,1,1
30.21133933867713,0.0,0.0,0.0,preceding,preceding,1,1
30.436759749157744,0.0,0.0,0.0,preceding,preceding,1,1
30.66541279011313,0.0,0.0,0.0,preceding,preceding,1,1
30.8964491190772,0.0,0.0,0.0,preceding,preceding,1,1
31.14361988815449,0.0,0.0,0.0,preceding,preceding,1,1
31.376088742741448,0.0,0.0,0.0,preceding,preceding,1,1
31.63946174658163,0.0,0.0,0.0,preceding,preceding,1,1
31.890188817748367,0.0,0.0,0.0,preceding,preceding,1,1
32.16017499069602,0.0,0.0,0.0,preceding,preceding,1,1
32.408965125804734,0.0,0.0,0.0,preceding,preceding,1,1
32.68473711701689,0.0,0.0,0.0,preceding,preceding,1,1
32.962694721020085,0.0,0.0,0.0,preceding,preceding,1,1
33.22382913696958,0.0,0.0,0.0,preceding,preceding,1,1
33.508857032077074,0.0,0.0,0.0,preceding,preceding,1,1
33.79069676823554,0.0,0.0,0.0,preceding,preceding,1,1
34.088546656714314,0.0,0.0,0.0,preceding,preceding,1,1
34.37690991765728,0.0,0.0,0.0,preceding,preceding,1,1
34.67121386330839,0.0,0.0,0.0,preceding,preceding,1,1
34.95286141222226,0.0,0.0,0.0,preceding,preceding,1,1
35.25252498786933,0.0,0.0,0.0,preceding,preceding,1,1
35.5414280458631,0.0,0.0,0.0,preceding,preceding,1,1
35.84832265692059,0.0,0.0,0.0,preceding,preceding,1,1
36.17028650316412,0.0,0.0,0.0,preceding,preceding,1,1
36.47178950177323,0.0,0.0,0.0,preceding,preceding,1,1
36.77053624939224,0.0,0.0,0.0,preceding,preceding,1,1
37.073355758613175,0.0,0.0,0.0,preceding,preceding,1,1
37.38833778463717,0.0,0.0,0.0,preceding,preceding,1,1
37.68717075671408,0.0,0.0,0.0,preceding,preceding,1,1
37.99870015789251,0.0,0.0,0.0,preceding,preceding,1,1
38.31204478110854,0.0,0.0,0.0,preceding,preceding,1,1
38.61327466206245,0.0,0.0,0.0,preceding,preceding,1,1
38.92918370975114,0.0,0.0,0.0,preceding,preceding,1,1
39.23001404415982,0.0,0.0,0.0,preceding,preceding,1,1
39.5261298234196,0.0,0.0,0.0,preceding,preceding,1,1
39.82964539197396,0.0,0.0,0.0,preceding,preceding,1,1
40.137741545389794,0.0,0.0,0.0,preceding,preceding,1,1
40.43771335250472,0.0,0.0,0.0,preceding,preceding,1,1
40.73941670072303,0.0,0.0,0.0,preceding,preceding,1,1
41.04666437556342,0.0,0.0,0.0,preceding,preceding,1,1
41.33397602572183,0.0,0.0,0.0,preceding,preceding,1,1
41.645860066929686,0.0,0.0,0.0,preceding,preceding,1,1
41.94798958075384,0.0,0.0,0.0,preceding,preceding,1,1
42.25803406288549,0.0,0.0,0.0,preceding,preceding,1,1
42.54187231811678,0.0,0.0,0.0,preceding,preceding,1,1
42.846717990125306,0.0,0.0,0.0,preceding,preceding,1,1
43.15166911133967,0.0,0.0,0.0,preceding,preceding,1,1
43.43504679525923,0.0,0.0,0.0,preceding,preceding,1,1
43.7354883135054,0.0,0.0,0.0,preceding,preceding,1,1
44.02464009330113,0.0,0.0,0.0,preceding,preceding,1,1
44.32966348587885,0.0,0.0,0.0,preceding,preceding,1,1
44.62787295522712,0.0,0.0,0.0,preceding,preceding,1,1
44.91143599915233,0.0,0.0,0.0,preceding,preceding,1,1
45.21539509110848,0.0,0.0,0.0,preceding,preceding,1,1
45.48678450692379,0.0,0.0,0.0,preceding,preceding,1,1
45.76560099876757,0.0,0.0,0.0,preceding,preceding,1,1
46.0502741957083,0.0,0.0,0.0,preceding,preceding,1,1
46.34450576336402,0.0,0.0,0.0,preceding,preceding,1,1
46.61854546439974,0.0,0.0,0.0,preceding,preceding,1,1
46.89130187701767,0.0,0.0,0.0,preceding,preceding,1,1
47.168938467942965,0.0,0.0,0.0,preceding,preceding,1,1
47.4177944362582,0.0,0.0,0.0,preceding,preceding,1,1
47.68503747436432,0.0,0.0,0.0,preceding,preceding,1,1
47.92924291265243,0.0,0.0,0.0,preceding,preceding,1,1
48.183238444957965,0.0,0.0,0.0,preceding,preceding,1,1
48.43516015733023,0.0,0.0,0.0,preceding,preceding,1,1
48.66907772085828,0.0,0.0,0.0,preceding,preceding,1,1
48.909189091945656,0.0,0.0,0.0,preceding,preceding,1,1
49.15041181454803,0.0,0.0,0.0,preceding,preceding,1,1
49.36905208594005,0.0,0.0,0.0,preceding,preceding,1,1
49.60718668537015,0.0,0.0,0.0,preceding,preceding,1,1
49.837363163846746,0.0,0.0,0.0,preceding,preceding,1,1
50.065984259229566,0.0,0.0,0.0,preceding,preceding,1,1
50.2632899542572,0.0,0.0,0.0,preceding,preceding,1,1
50.46695066016141,0.0,0.0,0.0,preceding,preceding,1,1
50.69027032983514,0.0,0.0,0.0,preceding,preceding,1,1
50.90086184452132,0.0,0.0,0.0,preceding,preceding,1,1
51.09938053787621,0.0,0.0,0.0,preceding,preceding,1,1
51.28498268531933,0.0,0.0,0.0,preceding,preceding,1,1
51.4621056943337,0.0,0.0,0.0,preceding,preceding,1,1
51.62478642993739,0.0,0.0,0.0,preceding,preceding,1,1
51.79232280175511,0.0,0.0,0.0,preceding,preceding,1,1
51.96984367723746,0.0,0.0,0.0,preceding,preceding,1,1
52.13767742527386,0.0,0.0,0.0,preceding,preceding,1,1
52.26370766339943,0.0,0.0,0.0,preceding,preceding,1,1
52.4284754596916,0.0,0.0,0.0,preceding,preceding,1,1
52.5419010035047,0.0,0.0,0.0,preceding,preceding,1,1
52.67591241099918,0.0,0.0,0.0,preceding,preceding,1,1
52.78877577056539,0.0,0.0,0.0,preceding,preceding,1,1
52.90074215093835,0.0,0.0,0.0,preceding,preceding,1,1
52.99572593576944,0.0,0.0,0.0,preceding,preceding,1,1
53.08205320958966,0.0,0.0,0.0,preceding,preceding,1,1
53.18289768187178,0.0,0.0,0.0,preceding,preceding,1,1
53.26177567114456,0.0,0.0,0.0,preceding,preceding,1,1
53.32864843115242,0.0,0.0,0.0,preceding,preceding,1,1
53.38976177864172,0.0,0.0,0.0,preceding,preceding,1,1
53.45429257826824,0.0,0.0,0.0,preceding,preceding,1,1
53.48210825263125,0.0,0.0,0.0,preceding,preceding,1,1
53.52419198077207,0.0,0.0,0.0,preceding,preceding,1,1
53.5568445336121,0.0,0.0,0.0,preceding,preceding,1,1
53.546232467084806,0.0,0.0,0.0,preceding,preceding,1,1
53.57050975676946,0.0,0.0,0.0,preceding,preceding,1,1
53.58081081022204,0.0,0.0,0.0,oncoming,oncoming,1,1
53.56135419216907,0.0,0.0,0.0,oncoming,oncoming,1,1
53.54264435745806,0.0,0.0,0.0,oncoming,oncoming,1,1
53.52946582564709,0.0,0.0,0.0,oncoming,oncoming,1,1
53.51767442010858,0.0,0.0,0.0,oncoming,oncoming,1,1
53.500023586901634,0.0,0.0,0.0,oncoming,oncoming,1,1
53.45040279196095,0.0,0.0,0.0,oncoming,oncoming,1,1
53.41223477153857,0.0,0.0,0.0,oncoming,oncoming,1,1
53.33177069127063,0.0,0.0,0.0,oncoming,oncoming,1,1
53.27148098269657,0.0,0.0,0.0,oncoming,oncoming,1,1
53.19338403850597,0.0,0.0,0.0,oncoming,oncoming,1,1
53.11208902730698,0.0,0.0,0.0,oncoming,oncoming,1,1
53.043761312149904,0.0,0.0,0.0,oncoming,oncoming,1,1
52.92324504247977,0.0,0.0,0.0,oncoming,oncoming,1,1
52.805578706526816,0.0,0.0,0.0,oncoming,oncoming,1,1
52.72410411250112,0.0,0.0,0.0,oncoming,oncoming,1,1
52.60576656677488,0.0,0.0,0.0,oncoming,oncoming,1,1
52.50388077043916,0.0,0.0,0.0,oncoming,oncoming,1,1
52.3743578784221,0.0,0.0,0.0,oncoming,oncoming,1,1
52.25126336995378,0.0,0.0,0.0,oncoming,oncoming,1,1
52.116011568419246,0.0,0.0,0.0,oncoming,oncoming,1,1
51.96506019441154,0.0,0.0,0.0,oncoming,oncoming,1,1
51.82237920509331,0.0,0.0,0.0,oncoming,oncoming,1,1
51.66892475959059,0.0,0.0,0.0,oncoming,oncoming,1,1
51.48579395335622,0.0,0.0,0.0,oncoming,oncoming,1,1
51.33877301586282,0.0,0.0,0.0,oncoming,oncoming,1,1
51.13612862130359,0.0,0.0,0.0,oncoming,oncoming,1,1
50.93140489159338,0.0,0.0,0.0,oncoming,oncoming,1,1
50.74396725576028,0.0,0.0,0.0,oncoming,oncoming,1,1
50.55799307220567,0.0,0.0,0.0,oncoming,oncoming,1,1
50.3415127378489,0.0,0.0,0.0,oncoming,oncoming,1,1
50.15950677560877,0.0,0.0,0.0,oncoming,oncoming,1,1
49.91259652194866,0.0,0.0,0.0,oncoming,oncoming,1,1
49.72743964028124,0.0,0.0,0.0,oncoming,oncoming,1,1
49.52484971054669,0.0,0.0,0.0,oncoming,oncoming,1,1
49.30873414952457,0.0,0.0,0.0,oncoming,oncoming,1,1
49.09585355515255,0.0,0.0,0.0,oncoming,oncoming,1,1
48.87625666749735,0.0,0.0,0.0,oncoming,oncoming,1,1
48.68228131157014,0.0,0.0,0.0,oncoming,oncoming,1,1
48.48332543748996,0.0,0.0,0.0,oncoming,oncoming,1,1
48.279533880513725,0.0,0.0,0.0,oncoming,oncoming,1,1
48.060631520873294,0.0,0.0,0.0,oncoming,oncoming,1,1
47.850608215890354,0.0,0.0,0.0,oncoming,oncoming,1,1
47.65202306727691,0.0,0.0,0.0,oncoming,oncoming,1,1
47.4715047547607,0.0,0.0,0.0,oncoming,oncoming,1,1
47.272953565584544,0.0,0.0,0.0,oncoming,oncoming,1,1
47.06305885862943,0.0,0.0,0.0,oncoming,oncoming,1,1
46.86188616537235,0.0,0.0,0.0,oncoming,oncoming,1,1
46.64830541831333,0.0,0.0,0.0,oncoming,oncoming,1,1
46.47321110881196,0.0,0.0,0.0,oncoming,oncoming,1,1
46.3009812993684,0.0,0.0,0.0,oncoming,oncoming,1,1
46.0957821238961,0.0,0.0,0.0,oncoming,oncoming,1,1
45.91902688718292,0.0,0.0,0.0,oncoming,oncoming,1,1
45.75122807385728,0.0,0.0,0.0,oncoming,oncoming,1,1
45.5594625202088,0.0,0.0,0.0,oncoming,oncoming,1,1
45.38085677992844,0.0,0.0,0.0,oncoming,oncoming,1,1
45.18542177300665,0.0,0.0,0.0,oncoming,oncoming,1,1
45.03387997069643,0.0,0.0,0.0,oncoming,oncoming,1,1
44.84567398654652,0.0,0.0,0.0,oncoming,oncoming,1,1
44.71606058848306,0.0,0.0,0.0,oncoming,oncoming,1,1
44.51432131124334,0.0,0.0,0.0,oncoming,oncoming,1,1
44.33666874595659,0.0,0.0,0.0,oncoming,oncoming,1,1
44.1895217231796,0.0,0.0,0.0,oncoming,oncoming,1,1
44.04155069146639,0.0,0.0,0.0,oncoming,oncoming,1,1
43.89772301933375,0.0,0.0,0.0,oncoming,oncoming,1,1
43.74545451037108,0.0,0.0,0.0,oncoming,oncoming,1,1
43.557806099101526,0.0,0.0,0.0,oncoming,oncoming,1,1
43.409098265192135,0.0,0.0,0.0,oncoming,oncoming,1,1
43.27005672153013,0.0,0.0,0.0,oncoming,oncoming,1,1
43.109493991437766,0.0,0.0,0.0,oncoming,oncoming,1,1
42.95883479186831,0.0,0.0,0.0,oncoming,oncoming,1,1
42.80418563072394,0.0,0.0,0.0,oncoming,oncoming,1,1
42.65331085985628,0.0,0.0,0.0,oncoming,oncoming,1,1
42.49935147449165,0.0,0.0,0.0,oncoming,oncoming,1,1
42.33238336736691,0.0,0.0,0.0,oncoming,oncoming,1,1
42.17555323011116,0.0,0.0,0.0,oncoming,oncoming,1,1
42.06709468392622,0.0,0.0,0.0,oncoming,oncoming,1,1
41.9413907129308,0.0,0.0,0.0,oncoming,oncoming,1,1
41.81246032071636,0.0,0.0,0.0,oncoming,oncoming,1,1
41.71332884033115,0.0,0.0,0.0,oncoming,oncoming,1,1
41.55405906007107,0.0,0.0,0.0,oncoming,oncoming,1,1
41.41379632588174,0.0,0.0,0.0,oncoming,oncoming,1,1
41.275605693331016,0.0,0.0,0.0,oncoming,oncoming,1,1
41.155053136927904,0.0,0.0,0.0,oncoming,oncoming,1,1
41.036528746148655,0.0,0.0,0.0,oncoming,oncoming,1,1
40.888834919764186,0.0,0.0,0.0,oncoming,oncoming,1,1
40.7718157720372,0.0,0.0,0.0,oncoming,oncoming,1,1
40.6550329094168,0.0,0.0,0.0,oncoming,oncoming,1,1
40.5261801608065,0.0,0.0,0.0,oncoming,oncoming,1,1
40.39866685826114,0.0,0.0,0.0,oncoming,oncoming,1,1
40.28203165987033,0.0,0.0,0.0,oncoming,oncoming,1,1
40.16599627663176,0.0,0.0,0.0,oncoming,oncoming,1,1
40.04724007562275,0.0,0.0,0.0,oncoming,oncoming,1,1
39.9408699568977,0.0,0.0,0.0,oncoming,oncoming,1,1
39.805563034817126,0.0,0.0,0.0,oncoming,oncoming,1,1
39.71124559470871,0.0,0.0,0.0,oncoming,oncoming,1,1
39.60579237957272,0.0,0.0,0.0,oncoming,oncoming,1,1
39.47971890530915,0.0,0.0,0.0,oncoming,oncoming,1,1
39.37446153662417,0.0,0.0,0.0,oncoming,oncoming,1,1
39.26314917651072,0.0,0.0,0.0,oncoming,oncoming,1,1
39.14663947946377,0.0,0.0,0.0,oncoming,oncoming,1,1
39.0424310808984,0.0,0.0,0.0,oncoming,oncoming,1,1
38.91089643678543,0.0,0.0,0.0,oncoming,oncoming,1,1
38.81786163972244,0.0,0.0,0.0,oncoming,oncoming,1,1
38.74750014771708,0.0,0.0,0.0,oncoming,oncoming,1,1
38.66959403764554,0.0,0.0,0.0,oncoming,oncoming,1,1
38.58493631181462,0.0,0.0,0.0,oncoming,oncoming,1,1
38.47317346542418,0.0,0.0,0.0,oncoming,oncoming,1,1
38.39057234202541,0.0,0.0,0.0,oncoming,oncoming,1,1
38.287339317347545,0.0,0.0,0.0,oncoming,oncoming,1,1
38.18706022390414,0.0,0.0,0.0,oncoming,oncoming,1,1
38.087890067987175,0.0,0.0,0.0,oncoming,oncoming,1,1
38.01107031482567,0.0,0.0,0.0,oncoming,oncoming,1,1
37.92278506433826,0.0,0.0,0.0,oncoming,oncoming,1,1
37.83322610414163,0.0,0.0,0.0,oncoming,oncoming,1,1
37.74397289812825,0.0,0.0,0.0,oncoming,oncoming,1,1
37.64960245758565,0.0,0.0,0.0,oncoming,oncoming,1,1
37.58334658767863,0.0,0.0,0.0,oncoming,oncoming,1,1
37.51345876908377,0.0,0.0,0.0,oncoming,oncoming,1,1
37.41700919902093,0.0,0.0,0.0,oncoming,oncoming,1,1
37.35044764751184,0.0,0.0,0.0,oncoming,oncoming,1,1
37.253156588932285,0.0,0.0,0.0,oncoming,oncoming,1,1
37.1770153320797,0.0,0.0,0.0,oncoming,oncoming,1,1
37.10296732474293,0.0,0.0,0.0,oncoming,oncoming,1,1
37.03770687390658,0.0,0.0,0.0,oncoming,oncoming,1,1
36.97148780340864,0.0,0.0,0.0,oncoming,oncoming,1,1
36.89712670686317,0.0,0.0,0.0,oncoming,oncoming,1,1
36.841691477987375,0.0,0.0,0.0,oncoming,oncoming,1,1
36.76892160461486,0.0,0.0,0.0,oncoming,oncoming,1,1
36.72517110183909,0.0,0.0,0.0,oncoming,oncoming,1,1
36.65104890825461,0.0,0.0,0.0,oncoming,oncoming,1,1
36.59733718289083,0.0,0.0,0.0,oncoming,oncoming,1,1
36.54377116542116,0.0,0.0,0.0,oncoming,oncoming,1,1
36.48085708826437,0.0,0.0,0.0,oncoming,oncoming,1,1
36.41914778124719,0.0,0.0,0.0,oncoming,oncoming,1,1
36.369470543031454,0.0,0.0,0.0,oncoming,oncoming,1,1
36.32595684524652,0.0,0.0,0.0,oncoming,oncoming,1,1
36.28652052399719,0.0,0.0,0.0,oncoming,oncoming,1,1
36.21410493971808,0.0,0.0,0.0,oncoming,oncoming,1,1
36.16265523376602,0.0,0.0,0.0,oncoming,oncoming,1,1
36.13460819478483,0.0,0.0,0.0,oncoming,oncoming,1,1
36.08480790215245,0.0,0.0,0.0,oncoming,oncoming,1,1
36.03561641399639,0.0,0.0,0.0,oncoming,oncoming,1,1
36.00793814045619,0.0,0.0,0.0,oncoming,oncoming,1,1
35.958482743754395,0.0,0.0,0.0,oncoming,oncoming,1,1
35.93158850049419,0.0,0.0,0.0,oncoming,oncoming,1,1
35.891551646570555,0.0,0.0,0.0,oncoming,oncoming,1,1
35.85378966926284,0.0,0.0,0.0,oncoming,oncoming,1,1
35.82554406007823,0.0,0.0,0.0,oncoming,oncoming,1,1
35.777331089423605,0.0,0.0,0.0,oncoming,oncoming,1,1
35.726887856879394,0.0,0.0,0.0,oncoming,oncoming,1,1
35.69899320018124,0.0,0.0,0.0,oncoming,oncoming,1,1
35.68114296951229,0.0,0.0,0.0,oncoming,oncoming,1,1
35.63459558121427,0.0,0.0,0.0,oncoming,oncoming,1,1
35.61679789159967,0.0,0.0,0.0,oncoming,oncoming,1,1
35.58929106570498,0.0,0.0,0.0,oncoming,oncoming,1,1
35.56681121271535,0.0,0.0,0.0,oncoming,oncoming,1,1
35.53787767953615,0.0,0.0,0.0,oncoming,oncoming,1,1
35.53327839496195,0.0,0.0,0.0,oncoming,oncoming,1,1
35.51608512313991,0.0,0.0,0.0,oncoming,oncoming,1,1
35.48213165577552,0.0,0.0,0.0,oncoming,oncoming,1,1
35.477400014135775,0.0,0.0,0.0,oncoming,oncoming,1,1
35.45438707846303,0.0,0.0,0.0,oncoming,oncoming,1,1
35.421115809323894,0.0,0.0,0.0,oncoming,oncoming,1,1
35.41780189122138,0.0,0.0,0.0,oncoming,oncoming,1,1
35.397841759931616,0.0,0.0,0.0,oncoming,oncoming,1,1
35.39395956268393,0.0,0.0,0.0,oncoming,oncoming,1,1
35.374718316091965,0.0,0.0,0.0,oncoming,oncoming,1,1
35.3470955294782,0.0,0.0,0.0,oncoming,oncoming,1,1
35.326543649877834,0.0,0.0,0.0,oncoming,oncoming,1,1
35.30924101563315,0.0,0.0,0.0,oncoming,oncoming,1,1
35.29319409459137,0.0,0.0,0.0,oncoming,oncoming,1,1
35.258526562576975,0.0,0.0,0.0,oncoming,oncoming,1,1
35.23178195551264,0.0,0.0,0.0,oncoming,oncoming,1,1
35.21780881813921,0.0,0.0,0.0,oncoming,oncoming,1,1
35.1828269824403,0.0,0.0,0.0,oncoming,oncoming,1,1
35.152729795744975,0.0,0.0,0.0,oncoming,oncoming,1,1
35.137470079547064,0.0,0.0,0.0,oncoming,oncoming,1,1
35.105909220448986,0.0,0.0,0.0,oncoming,oncoming,1,1
35.0608130833271,0.0,0.0,0.0,oncoming,oncoming,1,1
35.02532523386412,0.0,0.0,0.0,oncoming,oncoming,1,1
34.99042518970176,0.0,0.0,0.0,oncoming,oncoming,1,1
34.93581571088912,0.0,0.0,0.0,oncoming,oncoming,1,1
34.94266007787943,0.0,0.0,0.0,oncoming,oncoming,1,1
34.903164915947414,0.0,0.0,0.0,oncoming,oncoming,1,1
34.88551691222854,0.0,0.0,0.0,oncoming,oncoming,1,1
34.86640839177656,0.0,0.0,0.0,oncoming,oncoming,1,1
34.842524433888684,0.0,0.0,0.0,oncoming,oncoming,1,1
34.80379759577868,0.0,0.0,0.0,oncoming,oncoming,1,1
34.777323817201896,0.0,0.0,0.0,oncoming,oncoming,1,1
34.74865175470368,0.0,0.0,0.0,oncoming,oncoming,1,1
34.724490907610544,0.0,0.0,0.0,oncoming,oncoming,1,1
34.703798270018865,0.0,0.0,0.0,oncoming,oncoming,1,1
34.66367519776011,0.0,0.0,0.0,oncoming,oncoming,1,1
34.64676970073392,0.0,0.0,0.0,oncoming,oncoming,1,1
34.61199787066013,0.0,0.0,0.0,oncoming,oncoming,1,1
34.59282954314114,0.0,0.0,0.0,oncoming,oncoming,1,1
34.55664850367706,0.0,0.0,0.0,oncoming,oncoming,1,1
34.55026281400818,0.0,0.0,0.0,oncoming,oncoming,1,1
34.5314349286752,0.0,0.0,0.0,oncoming,oncoming,1,1
34.48956012611264,0.0,0.0,0.0,oncoming,oncoming,1,1
34.47474259773851,0.0,0.0,0.0,oncoming,oncoming,1,1
34.44053112519197,0.0,0.0,0.0,oncoming,oncoming,1,1
34.41153917238347,0.0,0.0,0.0,oncoming,oncoming,1,1
34.38060624042452,0.0,0.0,0.0,oncoming,oncoming,1,1
34.35652775820635,0.0,0.0,0.0,oncoming,oncoming,1,1
34.31454751383851,0.0,0.0,0.0,oncoming,oncoming,1,1
34.302417904491634,0.0,0.0,0.0,oncoming,oncoming,1,1
34.26357603075405,0.0,0.0,0.0,oncoming,oncoming,1,1
34.21245410402876,0.0,0.0,0.0,oncoming,oncoming,1,1
34.17597928062504,0.0,0.0,0.0,oncoming,oncoming,1,1
34.124940969396334,0.0,0.0,0.0,oncoming,oncoming,1,1
34.09143233872621,0.0,0.0,0.0,oncoming,oncoming,1,1
34.05788127281747,0.0,0.0,0.0,oncoming,oncoming,1,1
34.00622661948067,0.0,0.0,0.0,oncoming,oncoming,1,1
33.96315008074948,0.0,0.0,0.0,oncoming,oncoming,1,1
33.91465060272059,0.0,0.0,0.0,oncoming,oncoming,1,1
33.86483481755267,0.0,0.0,0.0,oncoming,oncoming,1,1
33.83744520298552,0.0,0.0,0.0,oncoming,oncoming,1,1
33.79145362673366,0.0,0.0,0.0,oncoming,oncoming,1,1
33.73716838168672,0.0,0.0,0.0,oncoming,oncoming,1,1
33.7242195538433,0.0,0.0,0.0,oncoming,oncoming,1,1
33.65496904646546,0.0,0.0,0.0,oncoming,oncoming,1,1
33.64632287945703,0.0,0.0,0.0,oncoming,oncoming,1,1
33.61037054050063,0.0,0.0,0.0,oncoming,oncoming,1,1
33.56506184352828,0.0,0.0,0.0,oncoming,oncoming,1,1
33.543689940044686,0.0,0.0,0.0,oncoming,oncoming,1,1
33.51324808972916,0.0,0.0,0.0,oncoming,oncoming,1,1
33.48593203057387,0.0,0.0,0.0,oncoming,oncoming,1,1
33.47020168260738,0.0,0.0,0.0,oncoming,oncoming,1,1
33.43785876700222,0.0,0.0,0.0,oncoming,oncoming,1,1
33.41632936901358,0.0,0.0,0.0,oncoming,oncoming,1,1
33.399387540275285,0.0,0.0,0.0,oncoming,oncoming,1,1
33.37255976062501,0.0,0.0,0.0,oncoming,oncoming,1,1
33.336830656737824,0.0,0.0,0.0,oncoming,oncoming,1,1
33.35531479861493,0.0,0.0,0.0,oncoming,oncoming,1,1
33.32179797084647,0.0,0.0,0.0,oncoming,oncoming,1,1
33.30402600313995,0.0,0.0,0.0,oncoming,oncoming,1,1
33.317752813833714,0.0,0.0,0.0,oncoming,oncoming,1,1
33.29527364836995,0.0,0.0,0.0,oncoming,oncoming,1,1
33.2820904860318,0.0,0.0,0.0,oncoming,oncoming,1,1
33.28403647023059,0.0,0.0,0.0,oncoming,oncoming,1,1
33.26603934369705,0.0,0.0,0.0,oncoming,oncoming,1,1
33.26182234677919,0.0,0.0,0.0,oncoming,oncoming,1,1
33.248628692103416,0.0,0.0,0.0,oncoming,oncoming,1,1
33.24153398806971,0.0,0.0,0.0,oncoming,oncoming,1,1
33.235830860119655,0.0,0.0,0.0,oncoming,oncoming,1,1
33.229891665533884,0.0,0.0,0.0,oncoming,oncoming,1,1
33.207287047225634,0.0,0.0,0.0,oncoming,oncoming,1,1
33.213012168720404,0.0,0.0,0.0,preceding,preceding,1,1
33.21773476733106,0.0,0.0,0.0,preceding,preceding,1,1
33.23667136820736,0.0,0.0,0.0,preceding,preceding,1,1
33.25776269086727,0.0,0.0,0.0,preceding,preceding,1,1
33.26330911519995,0.0,0.0,0.0,oncoming,oncoming,1,1
33.25233519154627,0.0,0.0,0.0,preceding,preceding,1,1
33.28283265649711,0.0,0.0,0.0,preceding,preceding,1,1
33.29651578126802,0.0,0.0,0.0,preceding,preceding,1,1
33.31190731945544,0.0,0.0,0.0,preceding,preceding,1,1
33.32992365460226,0.0,0.0,0.0,preceding,preceding,1,1
33.31422049085361,0.0,0.0,0.0,preceding,preceding,1,1
33.34875176449796,0.0,0.0,0.0,preceding,preceding,1,1
33.35791780429452,0.0,0.0,0.0,preceding,preceding,1,1
33.38797277871807,0.0,0.0,0.0,preceding,preceding,1,1
33.40722675125669,0.0,0.0,0.0,preceding,preceding,1,1
33.43120789674379,0.0,0.0,0.0,preceding,preceding,1,1
33.44052308267956,0.0,0.0,0.0,preceding,preceding,1,1
33.47574229200421,0.0,0.0,0.0,preceding,preceding,1,1
33.506027551103905,0.0,0.0,0.0,preceding,preceding,1,1
33.53331664026098,0.0,0.0,0.0,preceding,preceding,1,1
33.55051155407278,0.0,0.0,0.0,preceding,preceding,1,1
33.60088229492922,0.0,0.0,0.0,preceding,preceding,1,1
33.60461887226427,0.0,0.0,0.0,preceding,preceding,1,1
33.65341643797443,0.0,0.0,0.0,preceding,preceding,1,1
33.689849335895765,0.0,0.0,0.0,preceding,preceding,1,1
33.70851542783131,0.0,0.0,0.0,preceding,preceding,1,1
33.735425360247454,0.0,0.0,0.0,preceding,preceding,1,1
33.78485661553454,0.0,0.0,0.0,preceding,preceding,1,1
33.80914233366664,0.0,0.0,0.0,preceding,preceding,1,1
33.850693400014016,0.0,0.0,0.0,preceding,preceding,1,1
33.88209445698088,0.0,0.0,0.0,preceding,preceding,1,1
33.92315142471776,0.0,0.0,0.0,preceding,preceding,1,1
33.95441003328374,0.0,0.0,0.0,preceding,preceding,1,1
34.00225414007963,0.0,0.0,0.0,preceding,preceding,1,1
34.04751888776598,0.0,0.0,0.0,preceding,preceding,1,1
34.07889907899955,0.0,0.0,0.0,preceding,preceding,1,1
34.11135790428943,0.0,0.0,0.0,preceding,preceding,1,1
34.14002514651157,0.0,0.0,0.0,preceding,preceding,1,1
34.190617128282184,0.0,0.0,0.0,preceding,preceding,1,1
34.21264032970611,0.0,0.0,0.0,preceding,preceding,1,1
34.262270750840315,0.0,0.0,0.0,preceding,preceding,1,1
34.29888831902578,0.0,0.0,0.0,preceding,preceding,1,1
34.36350637386082,0.0,0.0,0.0,preceding,preceding,1,1
34.39267393517542,0.0,0.0,0.0,preceding,preceding,1,1
34.42632318302689,0.0,0.0,0.0,preceding,preceding,1,1
34.47389016596408,0.0,0.0,0.0,preceding,preceding,1,1
34.52452293908705,0.0,0.0,0.0,preceding,preceding,1,1
34.558035983007805,0.0,0.0,0.0,preceding,preceding,1,1
34.60169952179057,0.0,0.0,0.0,preceding,preceding,1,1
34.64143095830123,0.0,0.0,0.0,preceding,preceding,1,1
34.688034676167625,0.0,0.0,0.0,preceding,preceding,1,1
34.736669817727474,0.0,0.0,0.0,preceding,preceding,1,1
34.78752565967948,0.0,0.0,0.0,preceding,preceding,1,1
34.83429633874307,0.0,0.0,0.0,preceding,preceding,1,1
34.884858313911735,0.0,0.0,0.0,preceding,preceding,1,1
34.94578851782894,0.0,0.0,0.0,preceding,preceding,1,1
34.971270223686986,0.0,0.0,0.0,preceding,preceding,1,1
35.03413327666518,0.0,0.0,0.0,preceding,preceding,1,1
35.08183416227417,0.0,0.0,0.0,preceding,preceding,1,1
35.14671928037129,0.0,0.0,0.0,preceding,preceding,1,1
35.1862922575848,0.0,0.0,0.0,preceding,preceding,1,1
35.24913380487775,0.0,0.0,0.0,preceding,preceding,1,1
35.29393109790726,0.0,0.0,0.0,preceding,preceding,1,1
35.36685526084058,0.0,0.0,0.0,preceding,preceding,1,1
35.394914190178255,0.0,0.0,0.0,preceding,preceding,1,1
35.45768259170247,0.0,0.0,0.0,preceding,preceding,1,1
35.53267662626685,0.0,0.0,0.0,preceding,preceding,1,1
35.60457002965435,0.0,0.0,0.0,preceding,preceding,1,1
35.63411396019855,0.0,0.0,0.0,preceding,preceding,1,1
35.704930626154734,0.0,0.0,0.0,preceding,preceding,1,1
35.76157490434902,0.0,0.0,0.0,preceding,preceding,1,1
35.80834691081596,0.0,0.0,0.0,preceding,preceding,1,1
35.893895412142335,0.0,0.0,0.0,preceding,preceding,1,1
35.92155715372522,0.0,0.0,0.0,preceding,preceding,1,1
35.98917539254609,0.0,0.0,0.0,preceding,preceding,1,1
36.064051434944446,0.0,0.0,0.0,preceding,preceding,1,1
36.09120072069174,0.0,0.0,0.0,preceding,preceding,1,1
36.17603611323487,0.0,0.0,0.0,preceding,preceding,1,1
36.24456815294949,0.0,0.0,0.0,preceding,preceding,1,1
36.31429083235311,0.0,0.0,0.0,preceding,preceding,1,1
36.378771689029605,0.0,0.0,0.0,preceding,preceding,1,1
36.424308017758285,0.0,0.0,0.0,preceding,preceding,1,1
36.52701604625072,0.0,0.0,0.0,preceding,preceding,1,1
36.57441495427457,0.0,0.0,0.0,preceding,preceding,1,1
36.63482875998164,0.0,0.0,0.0,preceding,preceding,1,1
36.70120710642128,0.0,0.0,0.0,preceding,preceding,1,1
36.7637648296411,0.0,0.0,0.0,preceding,preceding,1,1
36.84024689057741,0.0,0.0,0.0,preceding,preceding,1,1
36.90282556834282,0.0,0.0,0.0,preceding,preceding,1,1
36.961435843643336,0.0,0.0,0.0,preceding,preceding,1,1
37.039353489298925,0.0,0.0,0.0,preceding,preceding,1,1
37.103828717783394,0.0,0.0,0.0,preceding,preceding,1,1
37.172645346253546,0.0,0.0,0.0,preceding,preceding,1,1
37.2341031935533,0.0,0.0,0.0,preceding,preceding,1,1
37.29084236797608,0.0,0.0,0.0,preceding,preceding,1,1
37.35454940069157,0.0,0.0,0.0,preceding,preceding,1,1
37.41630102956281,0.0,0.0,0.0,preceding,preceding,1,1
37.4837641708575,0.0,0.0,0.0,preceding,preceding,1,1
37.521234498791486,0.0,0.0,0.0,preceding,preceding,1,1
37.58592761148819,0.0,0.0,0.0,preceding,preceding,1,1
37.6437534783763,0.0,0.0,0.0,preceding,preceding,1,1
37.684145221580565,0.0,0.0,0.0,preceding,preceding,1,1
37.73685081197779,0.0,0.0,0.0,preceding,preceding,1,1
37.77520425989307,0.0,0.0,0.0,preceding,preceding,1,1
37.80067418267599,0.0,0.0,0.0,preceding,preceding,1,1
37.8744369253652,0.0,0.0,0.0,preceding,preceding,1,1
37.91585167187896,0.0,0.0,0.0,preceding,preceding,1,1
37.93636906307869,0.0,0.0,0.0,preceding,preceding,1,1
37.97688528313578,0.0,0.0,0.0,preceding,preceding,1,1
37.99618489048922,0.0,0.0,0.0,preceding,preceding,1,1
38.06603604651874,0.0,0.0,0.0,preceding,preceding,1,1
38.07231053105128,0.0,0.0,0.0,preceding,preceding,1,1
38.13631656417802,0.0,0.0,0.0,preceding,preceding,1,1
38.15070582249678,0.0,0.0,0.0,preceding,preceding,1,1
38.16121075374895,0.0,0.0,0.0,preceding,preceding,1,1
38.20207694209323,0.0,0.0,0.0,preceding,preceding,1,1
38.24078082574776,0.0,0.0,0.0,preceding,preceding,1,1
38.27167179726668,0.0,0.0,0.0,preceding,preceding,1,1
38.30979385891339,0.0,0.0,0.0,preceding,preceding,1,1
38.33776332116276,0.0,0.0,0.0,preceding,preceding,1,1
38.35168700721823,0.0,0.0,0.0,preceding,preceding,1,1
38.3758098074527,0.0,0.0,0.0,preceding,preceding,1,1
38.40408038137863,0.0,0.0,0.0,preceding,preceding,1,1
38.42004343471342,0.0,0.0,0.0,preceding,preceding,1,1
38.47072887348583,0.0,0.0,0.0,preceding,preceding,1,1
38.463609986601575,0.0,0.0,0.0,preceding,preceding,1,1
38.47870636113899,0.0,0.0,0.0,preceding,preceding,1,1
38.493069924745456,0.0,0.0,0.0,preceding,preceding,1,1
38.53683054872177,0.0,0.0,0.0,preceding,preceding,1,1
38.5510169416659,0.0,0.0,0.0,preceding,preceding,1,1
38.54391335979942,0.0,0.0,0.0,preceding,preceding,1,1
38.56865784183992,0.0,0.0,0.0,preceding,preceding,1,1
38.580700352182106,0.0,0.0,0.0,preceding,preceding,1,1
38.57490959832065,0.0,0.0,0.0,preceding,preceding,1,1
38.5881458987159,0.0,0.0,0.0,preceding,preceding,1,1
38.59426237090907,0.0,0.0,0.0,oncoming,oncoming,1,1
38.57956347434415,0.0,0.0,0.0,oncoming,oncoming,1,1
38.587004065545216,0.0,0.0,0.0,preceding,preceding,1,1
38.60127731081472,0.0,0.0,0.0,preceding,preceding,1,1
38.59675687695791,0.0,0.0,0.0,oncoming,oncoming,1,1
38.57965079484245,0.0,0.0,0.0,oncoming,oncoming,1,1
38.561766110063154,0.0,0.0,0.0,oncoming,oncoming,1,1
38.5572133334908,0.0,0.0,0.0,oncoming,oncoming,1,1
38.54540894048426,0.0,0.0,0.0,oncoming,oncoming,1,1
38.53054462196958,0.0,0.0,0.0,oncoming,oncoming,1,1
38.51276496955627,0.0,0.0,0.0,oncoming,oncoming,1,1
38.504978174335,0.0,0.0,0.0,oncoming,oncoming,1,1
38.468018893232106,0.0,0.0,0.0,oncoming,oncoming,1,1
38.45255482056902,0.0,0.0,0.0,oncoming,oncoming,1,1
38.42574718119944,0.0,0.0,0.0,oncoming,oncoming,1,1
38.37877236392976,0.0,0.0,0.0,oncoming,oncoming,1,1
38.34207740488359,0.0,0.0,0.0,oncoming,oncoming,1,1
38.32725115426703,0.0,0.0,0.0,oncoming,oncoming,1,1
38.27203413107044,0.0,0.0,0.0,oncoming,oncoming,1,1
38.23231473171598,0.0,0.0,0.0,oncoming,oncoming,1,1
38.19058174606502,0.0,0.0,0.0,oncoming,oncoming,1,1
38.1476485107191,0.0,0.0,0.0,oncoming,oncoming,1,1
38.093537202664734,0.0,0.0,0.0,oncoming,oncoming,1,1
38.05014576926408,0.0,0.0,0.0,oncoming,oncoming,1,1
38.00248728550116,0.0,0.0,0.0,oncoming,oncoming,1,1
37.94730289855932,0.0,0.0,0.0,oncoming,oncoming,1,1
37.8919706370098,0.0,0.0,0.0,oncoming,oncoming,1,1
37.82346307747641,0.0,0.0,0.0,oncoming,oncoming,1,1
37.77747036813569,0.0,0.0,0.0,oncoming,oncoming,1,1
37.703662034622994,0.0,0.0,0.0,oncoming,oncoming,1,1
37.65782639194943,0.0,0.0,0.0,oncoming,oncoming,1,1
37.61545417794231,0.0,0.0,0.0,oncoming,oncoming,1,1
37.54255659562209,0.0,0.0,0.0,oncoming,oncoming,1,1
37.479160601133366,0.0,0.0,0.0,oncoming,oncoming,1,1
37.41643507800896,0.0,0.0,0.0,oncoming,oncoming,1,1
37.35542280098585,0.0,0.0,0.0,oncoming,oncoming,1,1
37.28442610452859,0.0,0.0,0.0,oncoming,oncoming,1,1
37.23346458445507,0.0,0.0,0.0,oncoming,oncoming,1,1
37.16830463268185,0.0,0.0,0.0,oncoming,oncoming,1,1
37.09686285271041,0.0,0.0,0.0,oncoming,oncoming,1,1
37.05013491149897,0.0,0.0,0.0,oncoming,oncoming,1,1
36.9761679127691,0.0,0.0,0.0,oncoming,oncoming,1,1
36.90618406789457,0.0,0.0,0.0,oncoming,oncoming,1,1
36.84491327943917,0.0,0.0,0.0,oncoming,oncoming,1,1
36.78589717723023,0.0,0.0,0.0,oncoming,oncoming,1,1
36.714727116996535,0.0,0.0,0.0,oncoming,oncoming,1,1
36.65897849668703,0.0,0.0,0.0,oncoming,oncoming,1,1
36.59086946272024,0.0,0.0,0.0,oncoming,oncoming,1,1
36.53106039363704,0.0,0.0,0.0,oncoming,oncoming,1,1
36.46890516244644,0.0,0.0,0.0,oncoming,oncoming,1,1
36.41423355607806,0.0,0.0,0.0,oncoming,oncoming,1,1
36.339997998979086,0.0,0.0,0.0,oncoming,oncoming,1,1
36.26595650367213,0.0,0.0,0.0,oncoming,oncoming,1,1
36.22978645059352,0.0,0.0,0.0,oncoming,oncoming,1,1
36.176090868617145,0.0,0.0,0.0,oncoming,oncoming,1,1
36.118866412718525,0.0,0.0,0.0,oncoming,oncoming,1,1
36.07722535614599,0.0,0.0,0.0,oncoming,oncoming,1,1
36.002078252524775,0.0,0.0,0.0,oncoming,oncoming,1,1
35.95121488942728,0.0,0.0,0.0,oncoming,oncoming,1,1
35.880319845694494,0.0,0.0,0.0,oncoming,oncoming,1,1
35.816957706379505,0.0,0.0,0.0,oncoming,oncoming,1,1
35.77443780410916,0.0,0.0,0.0,oncoming,oncoming,1,1
35.71269053656906,0.0,0.0,0.0,oncoming,oncoming,1,1
35.6644535566281,0.0,0.0,0.0,oncoming,oncoming,1,1
35.624535979163795,0.0,0.0,0.0,oncoming,oncoming,1,1
35.57621261244068,0.0,0.0,0.0,oncoming,oncoming,1,1
35.517716941569056,0.0,0.0,0.0,oncoming,oncoming,1,1
35.46351939331784,0.0,0.0,0.0,oncoming,oncoming,1,1
35.4193481223012,0.0,0.0,0.0,oncoming,oncoming,1,1
35.3938364647083,0.0,0.0,0.0,oncoming,oncoming,1,1
35.33973130831544,0.0,0.0,0.0,oncoming,oncoming,1,1
35.307449754897185,0.0,0.0,0.0,oncoming,oncoming,1,1
35.26709421505242,0.0,0.0,0.0,oncoming,oncoming,1,1
35.24379528154401,0.0,0.0,0.0,oncoming,oncoming,1,1
35.21564725866753,0.0,0.0,0.0,oncoming,oncoming,1,1
35.16936322077822,0.0,0.0,0.0,oncoming,oncoming,1,1
35.13170257287118,0.0,0.0,0.0,oncoming,oncoming,1,1
35.09526414882447,0.0,0.0,0.0,oncoming,oncoming,1,1
35.07007445950396,0.0,0.0,0.0,oncoming,oncoming,1,1
35.03369974474938,0.0,0.0,0.0,oncoming,oncoming,1,1
35.021001108093174,0.0,0.0,0.0,oncoming,oncoming,1,1
34.98780171560754,0.0,0.0,0.0,oncoming,oncoming,1,1
34.95688447545837,0.0,0.0,0.0,oncoming,oncoming,1,1
34.92588210135209,0.0,0.0,0.0,oncoming,oncoming,1,1
34.88428434059169,0.0,0.0,0.0,oncoming,oncoming,1,1
34.856067979231106,0.0,0.0,0.0,oncoming,oncoming,1,1
34.81850452335936,0.0,0.0,0.0,oncoming,oncoming,1,1
34.76408523678489,0.0,0.0,0.0,oncoming,oncoming,1,1
34.72849073498137,0.0,0.0,0.0,oncoming,oncoming,1,1
34.721039520767285,0.0,0.0,0.0,oncoming,oncoming,1,1
34.66963595992353,0.0,0.0,0.0,oncoming,oncoming,1,1
34.636683359294075,0.0,0.0,0.0,oncoming,oncoming,1,1
34.60502009542505,0.0,0.0,0.0,oncoming,oncoming,1,1
34.58676003760132,0.0,0.0,0.0,oncoming,oncoming,1,1
34.55657344889197,0.0,0.0,0.0,oncoming,oncoming,1,1
34.50899850118501,0.0,0.0,0.0,oncoming,oncoming,1,1
34.4800462025318,0.0,0.0,0.0,oncoming,oncoming,1,1
34.46402345274912,0.0,0.0,0.0,oncoming,oncoming,1,1
34.40786081351104,0.0,0.0,0.0,oncoming,oncoming,1,1
34.40399983064671,0.0,0.0,0.0,oncoming,oncoming,1,1
34.35949624187194,0.0,0.0,0.0,oncoming,oncoming,1,1
34.32682022777214,0.0,0.0,0.0,oncoming,oncoming,1,1
34.30128972733036,0.0,0.0,0.0,oncoming,oncoming,1,1
34.28139156699438,0.0,0.0,0.0,oncoming,oncoming,1,1
34.261363130014274,0.0,0.0,0.0,oncoming,oncoming,1,1
34.25999971412396,0.0,0.0,0.0,oncoming,oncoming,1,1
34.24089658013399,0.0,0.0,0.0,oncoming,oncoming,1,1
34.21058401681237,0.0,0.0,0.0,oncoming,oncoming,1,1
34.19205212509941,0.0,0.0,0.0,oncoming,oncoming,1,1
34.18453053203115,0.0,0.0,0.0,oncoming,oncoming,1,1
34.166454204427346,0.0,0.0,0.0,oncoming,oncoming,1,1
34.13000115943024,0.0,0.0,0.0,oncoming,oncoming,1,1
34.11266631581776,0.0,0.0,0.0,oncoming,oncoming,1,1
34.09551441433005,0.0,0.0,0.0,oncoming,oncoming,1,1
34.08913703712647,0.0,0.0,0.0,oncoming,oncoming,1,1
34.05398209921638,0.0,0.0,0.0,oncoming,oncoming,1,1
34.04969001557184,0.0,0.0,0.0,oncoming,oncoming,1,1
34.025674596180146,0.0,0.0,0.0,oncoming,oncoming,1,1
34.002666288060794,0.0,0.0,0.0,oncoming,oncoming,1,1
33.98694730812029,0.0,0.0,0.0,oncoming,oncoming,1,1
33.96325253093314,0.0,0.0,0.0,oncoming,oncoming,1,1
33.94065891679772,0.0,0.0,0.0,oncoming,oncoming,1,1
33.918048045128074,0.0,0.0,0.0,oncoming,oncoming,1,1
33.89518896996486,0.0,0.0,0.0,oncoming,oncoming,1,1
33.87271631434252,0.0,0.0,0.0,oncoming,oncoming,1,1
33.8314478178186,0.0,0.0,0.0,oncoming,oncoming,1,1
33.820023911324846,0.0,0.0,0.0,oncoming,oncoming,1,1
33.78944217414528,0.0,0.0,0.0,oncoming,oncoming,1,1
33.766960565611114,0.0,0.0,0.0,oncoming,oncoming,1,1
33.725621917935314,0.0,0.0,0.0,oncoming,oncoming,1,1
33.69570383118281,0.0,0.0,0.0,oncoming,oncoming,1,1
33.647289756806,0.0,0.0,0.0,oncoming,oncoming,1,1
33.60581426237668,0.0,0.0,0.0,oncoming,oncoming,1,1
33.56831520592373,0.0,0.0,0.0,oncoming,oncoming,1,1
33.50940281407686,0.0,0.0,0.0,oncoming,oncoming,1,1
33.44234286774152,0.0,0.0,0.0,oncoming,oncoming,1,1
33.39309130474118,0.0,0.0,0.0,oncoming,oncoming,1,1
33.3570625406566,0.0,0.0,0.0,oncoming,oncoming,1,1
33.291249836005115,0.0,0.0,0.0,oncoming,oncoming,1,1
33.226551620352275,0.0,0.0,0.0,oncoming,oncoming,1,1
33.16499052653821,0.0,0.0,0.0,oncoming,oncoming,1,1
33.100801739499055,0.0,0.0,0.0,oncoming,oncoming,1,1
33.04090252349087,0.0,0.0,0.0,oncoming,oncoming,1,1
32.959577839390846,0.0,0.0,0.0,oncoming,oncoming,1,1
32.88161257251274,0.0,0.0,0.0,oncoming,oncoming,1,1
32.807757041135105,0.0,0.0,0.0,oncoming,oncoming,1,1
32.71901915679192,0.0,0.0,0.0,oncoming,oncoming,1,1
32.63632730730967,0.0,0.0,0.0,oncoming,oncoming,1,1
32.55262497614404,0.0,0.0,0.0,oncoming,oncoming,1,1
32.46025437437148,0.0,0.0,0.0,oncoming,oncoming,1,1
32.371116880375254,0.0,0.0,0.0,oncoming,oncoming,1,1
32.25285490160608,0.0,0.0,0.0,oncoming,oncoming,1,1
32.15609031252695,0.0,0.0,0.0,oncoming,oncoming,1,1
32.030941757903285,0.0,0.0,0.0,oncoming,oncoming,1,1
31.91526585272528,0.0,0.0,0.0,oncoming,oncoming,1,1
31.77146297704639,0.0,0.0,0.0,oncoming,oncoming,1,1
31.649894519668884,0.0,0.0,0.0,oncoming,oncoming,1,1
31.49923068975346,0.0,0.0,0.0,oncoming,oncoming,1,1
31.35316782757416,0.0,0.0,0.0,oncoming,oncoming,1,1
31.198203694040355,0.0,0.0,0.0,oncoming,oncoming,1,1
31.047249959970728,0.0,0.0,0.0,oncoming,oncoming,1,1
30.877269879474703,0.0,0.0,0.0,oncoming,oncoming,1,1
30.718150062202376,0.0,0.0,0.0,oncoming,oncoming,1,1
30.543917157275548,0.0,0.0,0.0,oncoming,oncoming,1,1
30.36361998657235,0.0,0.0,0.0,oncoming,oncoming,1,1
30.18909691638491,0.0,0.0,0.0,oncoming,oncoming,1,1
30.015140314941352,0.0,0.0,0.0,oncoming,oncoming,1,1
29.82837689502309,0.0,0.0,0.0,oncoming,oncoming,1,1
29.67752814025689,0.0,0.0,0.0,oncoming,oncoming,1,1
29.500092876792277,0.0,0.0,0.0,oncoming,oncoming,1,1
29.313990399003057,0.0,0.0,0.0,oncoming,oncoming,1,1
29.131382918914788,0.0,0.0,0.0,oncoming,oncoming,1,1
28.947494063844985,0.0,0.0,0.0,oncoming,oncoming,1,1
28.77444936439544,0.0,0.0,0.0,oncoming,oncoming,1,1
28.59946304844765,0.0,0.0,0.0,oncoming,oncoming,1,1
28.413750890689997,0.0,0.0,0.0,oncoming,oncoming,1,1
28.23725274094503,0.0,0.0,0.0,oncoming,oncoming,1,1
28.072905322777952,0.0,0.0,0.0,oncoming,oncoming,1,1
27.904398634976666,0.0,0.0,0.0,oncoming,oncoming,1,1
27.72804497541972,0.0,0.0,0.0,oncoming,oncoming,1,1
27.561689761587115,0.0,0.0,0.0,oncoming,oncoming,1,1
27.40400598614417,0.0,0.0,0.0,oncoming,oncoming,1,1
27.237633929481007,0.0,0.0,0.0,oncoming,oncoming,1,1
27.07696908191657,0.0,0.0,0.0,oncoming,oncoming,1,1
26.933651114080075,0.0,0.0,0.0,oncoming,oncoming,1,1
26.790709241464494,0.0,0.0,0.0,oncoming,oncoming,1,1
26.64757188154988,0.0,0.0,0.0,oncoming,oncoming,1,1
26.518017083590152,0.0,0.0,0.0,oncoming,oncoming,1,1
26.38945124749412,0.0,0.0,0.0,oncoming,oncoming,1,1
26.271974053904515,0.0,0.0,0.0,oncoming,oncoming,1,1
26.17650259917784,0.0,0.0,0.0,oncoming,oncoming,1,1
26.075003954407254,0.0,0.0,0.0,oncoming,oncoming,1,1
25.999404860942875,0.0,0.0,0.0,oncoming,oncoming,1,1
25.92668774733925,0.0,0.0,0.0,oncoming,oncoming,1,1
25.895085657606224,0.0,0.0,0.0,oncoming,oncoming,1,1
25.828087255967,0.0,0.0,0.0,oncoming,oncoming,1,1
25.805431994469835,0.0,0.0,0.0,oncoming,oncoming,1,1
25.81335846066736,0.0,0.0,0.0,oncoming,oncoming,1,1
25.79980678553539,0.0,0.0,0.0,oncoming,oncoming,1,1
25.811093443059583,0.0,0.0,0.0,preceding,preceding,1,1
25.847420367387347,0.0,0.0,0.0,preceding,preceding,1,1
25.89343410554001,0.0,0.0,0.0,preceding,preceding,1,1
25.95418810472886,0.0,0.0,0.0,preceding,preceding,1,1
26.019332816684532,0.0,0.0,0.0,preceding,preceding,1,1
26.10628071418188,0.0,0.0,0.0,preceding,preceding,1,1
26.200425618775785,0.0,0.0,0.0,preceding,preceding,1,1
26.315563695492557,0.0,0.0,0.0,preceding,preceding,1,1
26.419258396065253,0.0,0.0,0.0,preceding,preceding,1,1
26.55283546354181,0.0,0.0,0.0,preceding,preceding,1,1
26.711132113342536,0.0,0.0,0.0,preceding,preceding,1,1
26.86051215361428,0.0,0.0,0.0,preceding,preceding,1,1
27.04556875237779,0.0,0.0,0.0,preceding,preceding,1,1
27.213569637820346,0.0,0.0,0.0,preceding,preceding,1,1
27.40418976566765,0.0,0.0,0.0,preceding,preceding,1,1
27.610107879937125,0.0,0.0,0.0,preceding,preceding,1,1
27.823460702455662,0.0,0.0,0.0,preceding,preceding,1,1
28.06286978387251,0.0,0.0,0.0,preceding,preceding,1,1
28.292532428426163,0.0,0.0,0.0,preceding,preceding,1,1
28.54575771851018,0.0,0.0,0.0,preceding,preceding,1,1
28.80064526459194,0.0,0.0,0.0,preceding,preceding,1,1
29.0722946479968,0.0,0.0,0.0,preceding,preceding,1,1
29.356013200636877,0.0,0.0,0.0,preceding,preceding,1,1
29.6371339306653,0.0,0.0,0.0,preceding,preceding,1,1
29.93757416019936,0.0,0.0,0.0,preceding,preceding,1,1
30.245696092167677,0.0,0.0,0.0,preceding,preceding,1,1
30.555152234380294,0.0,0.0,0.0,preceding,preceding,1,1
30.884234944172597,0.0,0.0,0.0,preceding,preceding,1,1
31.21442644895077,0.0,0.0,0.0,preceding,preceding,1,1
31.549112185536607,0.0,0.0,0.0,preceding,preceding,1,1
31.894065713922373,0.0,0.0,0.0,preceding,preceding,1,1
32.22548479500628,0.0,0.0,0.0,preceding,preceding,1,1
32.577709859876435,0.0,0.0,0.0,preceding,preceding,1,1
32.929168896221114,0.0,0.0,0.0,preceding,preceding,1,1
33.295059334953486,0.0,0.0,0.0,preceding,preceding,1,1
33.658111011463774,0.0,0.0,0.0,preceding,preceding,1,1
34.00178211477968,0.0,0.0,0.0,preceding,preceding,1,1
34.35931875218301,0.0,0.0,0.0,preceding,preceding,1,1
34.71662431711228,0.0,0.0,0.0,preceding,preceding,1,1
35.08921838461805,0.0,0.0,0.0,preceding,preceding,1,1
35.43254508238044,0.0,0.0,0.0,preceding,preceding,1,1
35.77443729516736,0.0,0.0,0.0,preceding,preceding,1,1
36.14799648465591,0.0,0.0,0.0,preceding,preceding,1,1
36.47819271948441,0.0,0.0,0.0,preceding,preceding,1,1
36.81987579149931,0.0,0.0,0.0,preceding,preceding,1,1
37.15089574730781,0.0,0.0,0.0,preceding,preceding,1,1
37.483431656646864,0.0,0.0,0.0,preceding,preceding,1,1
37.79442375358633,0.0,0.0,0.0,preceding,preceding,1,1
38.092069567333816,0.0,0.0,0.0,preceding,preceding,1,1
38.39445616760355,0.0,0.0,0.0,preceding,preceding,1,1
38.68616239755055,0.0,0.0,0.0,preceding,preceding,1,1
