Vehicle,R2,RMSE,Coef_0,Coef_1,Coef_2,Intercept
2019,0.2886403016088407,0.49835748330217916,0.009655001343252059,0.0001879191183451331,0.15008903744818622,-0.39730871713577876
