Vehicle,R2,RMSE,Coef_0,Coef_1,Coef_2,Intercept
10,0.22443372043427423,0.5490866037469049,0.018332541951089687,-0.013595439363897246,0.0986226432050847,-0.3434202712854199
